CustomerID,Age,City,SignupDate,CustomerSegment
100001,22,Tehran,11-09-2023,Regular
100002,55,Tabriz,16-01-2024,VIP
100003,49,Karaj,31-07-2025,New
100004,39,Tehran,23-04-2023,New
100005,38,Tehran,29-04-2023,Regular
100006,59,Isfahan,27-11-2023,Regular
100007,22,Karaj,22-10-2024,Regular
100008,51,Tabriz,02-06-2025,Regular
100009,27,Karaj,08-09-2024,Regular
100010,,Mashhad,24-06-2024,New
100011,,Tehran,11-08-2025,Regular
100012,64,Shiraz,07-07-2023,Regular
100013,53,Tehran,14-09-2025,Regular
100014,54,Karaj,09-12-2023,Regular
100015,52,Tehran,30-10-2023,New
100016,55,Mashhad,10-11-2025,New
100017,,Isfahan,08-12-2024,Regular
100018,24,Isfahan,17-04-2024,Regular
100019,58,Tabriz,28-12-2023,Regular
100020,39,Isfahan,28-04-2024,Regular
100021,42,Rasht,16-05-2025,Regular
100022,35,Ahvaz,17-06-2023,Regular
100023,26,Ahvaz,10-07-2023,New
100024,62,Tabriz,30-11-2023,New
100025,55,Tabriz,12-06-2024,Regular
100026,48,Tabriz,11-06-2025,New
100027,37,Isfahan,19-08-2023,New
100028,57,Mashhad,10-05-2025,New
100029,44,Shiraz,20-09-2025,Regular
100030,39,Tehran,21-04-2024,New
100031,39,Tehran,18-11-2025,New
100032,28,Ahvaz,05-09-2025,Regular
100033,22,Tehran,22-05-2025,Regular
100034,44,Shiraz,21-02-2024,New
100035,60,Tabriz,26-11-2023,Regular
100036,21,Tehran,04-08-2025,Regular
100037,59,Rasht,28-04-2024,Regular
100038,57,Tehran,04-02-2023,Regular
100039,31,Ahvaz,24-02-2025,New
100040,48,Karaj,16-01-2024,New
100041,25,Tehran,21-10-2025,Regular
100042,54,Tehran,25-07-2025,New
100043,51,Mashhad,25-04-2023,VIP
100044,35,Mashhad,13-09-2025,New
100045,21,Tehran,05-11-2025,Regular
100046,64,Kerman,08-04-2025,Regular
100047,39,Tehran,29-10-2023,Regular
100048,60,Ahvaz,03-01-2025,New
100049,50,Tehran,08-08-2025,New
100050,55,Kerman,11-06-2025,Regular
100051,54,Tehran,17-04-2024,New
100052,27,Isfahan,13-02-2025,Regular
100053,35,Shiraz,27-02-2024,Regular
100054,40,Tehran,06-10-2023,New
100055,41,Qom,06-01-2025,Regular
100056,20,Tehran,25-05-2024,New
100057,44,Shiraz,04-09-2023,Regular
100058,25,Shiraz,24-12-2024,VIP
100059,53,Tabriz,19-12-2023,Regular
100060,50,Tehran,05-10-2024,VIP
100061,62,Tehran,31-01-2024,Regular
100062,53,tehran,27-08-2025,New
100063,35,,20-07-2025,New
100064,64,Tehran,02-06-2024,New
100065,37,Rasht,16-02-2025,Regular
100066,33,Shiraz,14-07-2023,Regular
100067,61,Tabriz,28-12-2025,Regular
100068,35,Mashhad,23-08-2023,Regular
100069,21,Tehran,07-08-2025,Regular
100070,40,Isfahan,15-07-2025,New
100071,56,Mashhad,15-07-2023,New
100072,27,Mashhad,10-01-2023,VIP
100073,40,Isfahan,18-03-2025,New
100074,24,Isfahan,09-08-2025,New
100075,50,Kerman,23-02-2025,New
100076,40,Tehran,02-03-2023,VIP
100077,33,Isfahan,07-12-2024,New
100078,28,Tehran,04-03-2024,Regular
100079,45,Mashhad,29-09-2025,New
100080,50,Karaj,26-05-2025,New
100081,63,Tehran,24-05-2025,Regular
100082,38,Shiraz,22-03-2024,Regular
100083,25,Isfahan,19-12-2023,Regular
100084,57,Tehran,19-06-2025,New
100085,48,Rasht,07-05-2023,VIP
100086,51,Isfahan,20-04-2023,Regular
100087,22,Qom,10-03-2023,VIP
100088,32,Isfahan,14-07-2024,New
100089,54,Rasht,24-03-2023,Regular
100090,57,Mashhad,29-09-2024,New
100091,38,Isfahan,03-07-2023,Regular
100092,56,Karaj,02-09-2025,Regular
100093,58,Mashhad,18-04-2024,Regular
100094,36,tehran,13-04-2023,New
100095,61,tehran,29-01-2025,New
100096,31,Shiraz,06-01-2024,New
100097,29,Karaj,14-10-2023,Regular
100098,50,Tabriz,22-12-2024,New
100099,48,Qom,12-11-2025,New
100100,24,Ahvaz,09-12-2025,Regular
100101,57,tehran,21-04-2024,New
100102,27,Mashhad,17-07-2025,VIP
100103,56,Tehran,18-08-2023,New
100104,18,Tabriz,15-07-2025,VIP
100105,56,Qom,28-10-2025,Regular
100106,55,Isfahan,20-07-2024,Regular
100107,55,Tehran,26-07-2024,Regular
100108,49,Mashhad,09-09-2024,Regular
100109,40,Isfahan,21-03-2023,Regular
100110,51,Ahvaz,29-07-2025,New
100111,31,Tehran,18-03-2025,VIP
100112,55,Tabriz,10-08-2025,Regular
100113,44,Karaj,07-05-2023,Regular
100114,40,Rasht,28-05-2025,Regular
100115,42,Tehran,02-02-2024,Regular
100116,45,Rasht,15-06-2025,Regular
100117,19,Tabriz,24-12-2025,Regular
100118,24,Karaj,21-08-2025,New
100119,29,Tehran,29-09-2025,Regular
100120,23,Isfahan,05-05-2023,New
100121,39,Tabriz,26-12-2023,Regular
100122,50,Mashhad,17-11-2023,New
100123,49,Isfahan,16-07-2024,VIP
100124,40,Shiraz,04-12-2025,Regular
100125,59,,20-01-2025,Regular
100126,45,Tehran,19-08-2024,VIP
100127,21,Isfahan,31-05-2025,New
100128,54,Tehran,13-07-2023,Regular
100129,45,Rasht,24-12-2024,New
100130,48,Kerman,04-07-2024,New
100131,45,Mashhad,11-08-2023,Regular
100132,44,Tehran,08-12-2024,Regular
100133,22,Tehran,09-07-2025,Regular
100134,44,Isfahan,25-06-2025,New
100135,56,Ahvaz,12-07-2025,Regular
100136,32,Isfahan,08-06-2025,New
100137,46,Tehran,28-05-2024,New
100138,19,Tehran,23-02-2023,New
100139,34,Tehran,23-11-2025,Regular
100140,38,Ahvaz,11-05-2024,Regular
100141,65,Tabriz,23-11-2024,New
100142,28,Shiraz,23-01-2023,New
100143,31,Mashhad,31-08-2025,Regular
100144,37,Rasht,30-08-2025,Regular
100145,65,Mashhad,13-10-2025,New
100146,58,Ahvaz,10-07-2023,Regular
100147,19,Rasht,12-07-2025,Regular
100148,29,Isfahan,15-11-2024,Regular
100149,57,Rasht,09-06-2023,New
100150,20,Tehran,16-09-2024,VIP
100151,59,Tabriz,05-06-2024,Regular
100152,31,Tehran,15-11-2024,Regular
100153,62,Isfahan,02-04-2023,Regular
100154,,Tehran,08-09-2024,Regular
100155,38,Tehran,11-01-2025,Regular
100156,49,Tehran,22-02-2025,Regular
100157,24,Mashhad,22-04-2025,New
100158,44,Shiraz,16-11-2024,Regular
100159,42,Isfahan,07-02-2025,New
100160,55,Mashhad,09-04-2023,Regular
100161,,Kerman,23-05-2025,Regular
100162,49,Rasht,06-02-2024,New
100163,37,Tehran,22-08-2024,Regular
100164,37,Mashad,21-08-2024,Regular
100165,38,Tabriz,04-12-2025,Regular
100166,57,Karaj,23-12-2023,Regular
100167,33,Mashhad,25-02-2024,New
100168,26,Mashad,12-04-2025,New
100169,34,Tehran,25-11-2024,Regular
100170,19,Mashhad,15-12-2023,Regular
100171,23,Karaj,13-01-2024,Regular
100172,22,Tabriz,26-06-2025,VIP
100173,55,Ahvaz,04-07-2025,Regular
100174,52,Tehran,10-06-2023,Regular
100175,51,Tehran,13-03-2024,Regular
100176,40,Tehran,22-04-2025,VIP
100177,52,Tehran,10-05-2023,Regular
100178,25,Tehran,20-07-2023,Regular
100179,61,Isfahan,23-06-2023,New
100180,42,Shiraz,01-08-2024,Regular
100181,63,Tabriz,08-05-2024,New
100182,25,Mashhad,17-12-2023,Regular
100183,41,Tehran,29-05-2023,Regular
100184,51,Tabriz,28-11-2024,VIP
100185,41,Tehran,02-06-2025,New
100186,39,Ahvaz,21-08-2023,Regular
100187,25,,30-12-2024,New
100188,36,Shiraz,20-05-2025,Regular
100189,29,Rasht,02-09-2024,Regular
100190,32,Shiraz,20-09-2024,Regular
100191,50,Tabriz,02-07-2023,New
100192,48,Karaj,14-11-2025,Regular
100193,47,Tehran,13-11-2025,Regular
100194,35,Tabriz,18-02-2025,Regular
100195,64,Ahvaz,15-09-2025,Regular
100196,22,Kerman,27-10-2024,Regular
100197,34,Isfahan,25-12-2024,Regular
100198,23,Mashhad,26-06-2025,New
100199,34,Karaj,11-02-2023,Regular
100200,64,Shiraz,29-08-2023,Regular
100201,35,Tehran,11-08-2023,New
100202,61,Tehran,23-11-2024,New
100203,41,Tehran,23-09-2023,VIP
100204,51,Isfahan,03-03-2024,Regular
100205,39,Tehran,24-06-2024,Regular
100206,30,Tehran,25-03-2025,Regular
100207,54,Tehran,20-07-2024,VIP
100208,64,Rasht,27-01-2023,Regular
100209,30,Tehran,21-01-2025,New
100210,55,tehran,13-04-2024,Regular
100211,30,Isfahan,05-05-2023,VIP
100212,,Tehran,14-12-2024,Regular
100213,55,Kerman,23-10-2023,New
100214,39,Rasht,19-05-2024,VIP
100215,53,Mashhad,25-11-2025,Regular
100216,31,Isfahan,18-09-2023,Regular
100217,21,Mashhad,27-08-2025,VIP
100218,22,Tehran,23-05-2024,Regular
100219,39,Mashhad,18-10-2025,Regular
100220,61,Tehran,19-07-2025,VIP
100221,24,Tehran,30-06-2025,New
100222,39,Shiraz,15-08-2023,Regular
100223,51,Tehran,16-05-2025,Regular
100224,27,Tehran,07-02-2024,Regular
100225,52,Isfahan,23-09-2025,Regular
100226,32,Isfahan,20-12-2025,Regular
100227,56,Tehran,31-10-2024,Regular
100228,45,Tehran,26-09-2025,Regular
100229,44,Tehran,06-08-2024,New
100230,26,Tehran,07-02-2023,Regular
100231,,Qom,15-08-2025,New
100232,59,Rasht,03-08-2024,Regular
100233,18,Mashhad,18-02-2023,Regular
100234,54,Mashhad,13-03-2023,Regular
100235,41,Karaj,02-03-2025,New
100236,52,Tabriz,08-10-2025,Regular
100237,49,Tehran,02-02-2025,Regular
100238,38,,28-04-2024,VIP
100239,32,Isfahan,03-12-2023,Regular
100240,48,Shiraz,03-04-2024,Regular
100241,24,Tehran,20-12-2023,Regular
100242,,Mashhad,26-10-2023,New
100243,22,Mashhad,21-05-2023,New
100244,49,Tehran,14-09-2024,Regular
100245,48,Isfahan,28-08-2023,Regular
100246,22,Tabriz,08-06-2023,New
100247,54,Isfahan,30-10-2023,New
100248,37,Tehran,24-05-2025,Regular
100249,55,Tehran,19-09-2024,New
100250,19,Qom,21-06-2024,Regular
100251,26,Isfahan,10-10-2024,Regular
100252,41,Tehran,12-09-2024,VIP
100253,27,Tehran,28-06-2024,New
100254,33,Qom,09-07-2025,New
100255,49,Karaj,10-03-2025,New
100256,24,Ahvaz,22-07-2023,New
100257,50,Tabriz,13-06-2025,Regular
100258,22,Isfahan,11-07-2023,Regular
100259,26,Isfahan,27-03-2023,New
100260,46,Tehran,05-04-2024,VIP
100261,56,Tabriz,06-03-2024,Regular
100262,26,Shiraz,10-05-2025,New
100263,32,Tehran,31-01-2025,New
100264,62,Ahvaz,06-03-2023,Regular
100265,65,Mashhad,30-06-2024,Regular
100266,45,Tehran,20-05-2025,VIP
100267,39,Mashhad,13-03-2025,New
100268,34,Ahvaz,02-07-2024,Regular
100269,47,Rasht,05-11-2024,New
100270,46,Isfahan,07-09-2024,New
100271,32,Kerman,11-09-2023,Regular
100272,19,Ahvaz,10-09-2024,Regular
100273,25,Qom,09-01-2025,New
100274,64,Ahvaz,03-03-2023,New
100275,38,Mashhad,31-01-2025,Regular
100276,41,Karaj,01-10-2023,New
100277,40,Shiraz,09-01-2023,New
100278,55,Karaj,07-04-2025,New
100279,21,Tehran,02-03-2024,New
100280,21,Karaj,27-03-2024,Regular
100281,31,Kerman,14-11-2024,New
100282,41,Mashhad,05-09-2024,Regular
100283,50,Kerman,10-11-2024,Regular
100284,41,Mashhad,31-10-2025,New
100285,39,Tehran,14-12-2024,Regular
100286,63,Tehran,20-02-2023,New
100287,25,Qom,01-09-2023,Regular
100288,45,Shiraz,07-05-2024,Regular
100289,44,Mashhad,01-06-2024,Regular
100290,40,Tabriz,31-01-2024,Regular
100291,56,Mashhad,21-07-2023,Regular
100292,30,Isfahan,27-04-2023,Regular
100293,63,Ahvaz,08-06-2023,Regular
100294,33,Tabriz,07-11-2025,New
100295,44,Karaj,09-03-2024,New
100296,42,Shiraz,18-11-2025,New
100297,58,Kerman,02-01-2024,New
100298,39,Tehran,08-12-2023,VIP
100299,31,Tehran,20-06-2024,VIP
100300,19,Tehran,02-11-2025,New
100301,35,Shiraz,08-09-2024,VIP
100302,57,Tabriz,08-02-2023,Regular
100303,18,Karaj,25-10-2023,Regular
100304,61,Mashhad,10-12-2025,VIP
100305,44,Tehran,19-06-2023,Regular
100306,24,Tabriz,04-07-2025,Regular
100307,32,Kerman,13-10-2025,New
100308,44,Mashhad,23-08-2023,New
100309,33,Tehran,04-09-2024,VIP
100310,23,Mashhad,18-10-2024,New
100311,49,Isfahan,19-05-2025,New
100312,50,Tehran,24-05-2025,New
100313,23,Mashhad,07-03-2023,Regular
100314,31,Tabriz,16-12-2023,Regular
100315,29,Mashhad,26-10-2025,VIP
100316,49,Mashhad,23-01-2024,Regular
100317,53,Tehran,27-09-2023,Regular
100318,52,Rasht,19-11-2024,Regular
100319,63,Mashhad,02-08-2023,Regular
100320,54,Mashhad,11-06-2023,New
100321,33,Tehran,23-05-2025,New
100322,23,Tabriz,10-05-2023,Regular
100323,47,Ahvaz,02-09-2025,Regular
100324,61,Tehran,01-10-2023,Regular
100325,64,Tehran,27-04-2023,VIP
100326,29,Tehran,22-03-2025,Regular
100327,29,Tabriz,13-07-2023,New
100328,19,Rasht,06-02-2024,Regular
100329,24,Isfahan,20-01-2024,Regular
100330,44,Mashhad,09-07-2024,Regular
100331,44,Karaj,02-06-2024,New
100332,35,Karaj,03-08-2023,New
100333,32,Tehran,14-09-2023,Regular
100334,57,Tehran,01-08-2023,New
100335,40,Mashhad,02-03-2023,New
100336,56,Karaj,13-12-2024,Regular
100337,64,Karaj,30-05-2024,Regular
100338,33,Tabriz,29-04-2023,New
100339,27,Qom,29-12-2023,Regular
100340,63,Tehran,01-01-2025,New
100341,48,Mashhad,09-11-2023,Regular
100342,31,Tehran,14-03-2024,Regular
100343,47,Ahvaz,25-03-2025,Regular
100344,42,Shiraz,05-01-2025,New
100345,61,Mashhad,06-02-2025,Regular
100346,30,Tehran,22-02-2024,Regular
100347,65,Karaj,13-06-2024,Regular
100348,62,Karaj,15-07-2025,VIP
100349,26,Tabriz,13-08-2025,New
100350,25,Tehran,02-03-2023,New
100351,43,Rasht,06-07-2025,Regular
100352,20,Karaj,05-09-2025,Regular
100353,32,Tabriz,29-10-2025,New
100354,38,Tabriz,22-10-2023,New
100355,64,Rasht,02-07-2024,New
100356,65,Rasht,16-02-2023,New
100357,25,Shiraz,01-05-2023,New
100358,60,Isfahan,07-09-2024,VIP
100359,22,Mashhad,14-08-2023,New
100360,53,Qom,03-09-2023,Regular
100361,58,Tabriz,22-11-2023,New
100362,60,Tehran,17-05-2024,New
100363,28,Tehran,17-06-2023,VIP
100364,60,Rasht,28-05-2025,New
100365,23,Ahvaz,01-01-2025,New
100366,42,Kerman,16-05-2025,Regular
100367,40,Isfahan,11-10-2025,New
100368,33,Qom,19-10-2024,New
100369,19,Qom,01-02-2024,VIP
100370,55,Mashhad,06-12-2025,Regular
100371,34,Tehran,11-09-2024,Regular
100372,49,Kerman,22-05-2024,New
100373,37,Tehran,31-03-2024,New
100374,35,Shiraz,13-02-2023,Regular
100375,60,Tabriz,12-11-2025,Regular
100376,22,Karaj,16-06-2025,New
100377,53,Tehran,04-02-2025,Regular
100378,53,Karaj,31-08-2023,Regular
100379,36,Tehran,13-10-2025,Regular
100380,30,Qom,12-07-2023,Regular
100381,18,Tehran,22-09-2023,Regular
100382,62,Karaj,18-03-2023,Regular
100383,63,Qom,12-11-2023,New
100384,29,Tehran,26-12-2023,Regular
100385,19,Tehran,20-05-2025,Regular
100386,23,Karaj,24-12-2023,VIP
100387,21,Tehran,12-11-2025,VIP
100388,57,Tehran,28-11-2023,New
100389,60,Isfahan,28-07-2024,Regular
100390,25,Rasht,11-10-2024,Regular
100391,53,Shiraz,26-06-2025,Regular
100392,26,Mashhad,02-04-2025,Regular
100393,35,Kerman,07-08-2025,New
100394,46,Isfahan,23-10-2025,Regular
100395,52,Isfahan,09-05-2023,VIP
100396,59,Isfahan,13-04-2023,VIP
100397,20,Mashhad,06-05-2024,New
100398,27,Mashhad,14-06-2023,VIP
100399,31,Karaj,24-06-2024,New
100400,32,Tehran,07-10-2024,Regular
100401,65,Karaj,30-10-2023,New
100402,55,Tehran,18-04-2023,Regular
100403,33,Mashhad,22-11-2025,New
100404,64,Tehran,10-02-2024,New
100405,41,Shiraz,07-07-2025,New
100406,42,Karaj,14-11-2024,VIP
100407,38,Mashhad,26-12-2024,Regular
100408,24,Tehran,04-05-2025,Regular
100409,62,Tehran,18-10-2023,Regular
100410,18,Qom,27-08-2023,Regular
100411,26,Tehran,27-12-2025,New
100412,29,Karaj,01-01-2025,New
100413,31,Mashhad,16-11-2023,Regular
100414,24,Tehran,08-12-2024,VIP
100415,18,Karaj,07-03-2024,New
100416,50,Isfahan,30-07-2025,Regular
100417,64,Tehran,10-07-2024,Regular
100418,23,Kerman,10-12-2023,VIP
100419,32,Tehran,25-01-2025,New
100420,42,Mashhad,01-04-2025,VIP
100421,62,Mashhad,13-02-2024,Regular
100422,51,Isfahan,03-04-2025,Regular
100423,54,Qom,14-09-2023,Regular
100424,45,Tehran,19-09-2023,New
100425,38,Rasht,24-06-2025,Regular
100426,27,Tabriz,11-11-2024,Regular
100427,59,Kerman,08-02-2023,Regular
100428,56,Qom,09-01-2025,Regular
100429,19,Rasht,01-12-2023,Regular
100430,52,Tabriz,28-10-2023,New
100431,22,Mashhad,09-04-2024,New
100432,53,Isfahan,09-05-2024,Regular
100433,57,Tabriz,03-09-2025,Regular
100434,24,Isfahan,22-04-2024,Regular
100435,38,Karaj,21-11-2023,Regular
100436,23,Tehran,26-04-2025,Regular
100437,45,Qom,17-08-2024,Regular
100438,62,Tehran,01-01-2023,Regular
100439,21,Rasht,23-11-2024,Regular
100440,37,Tehran,02-07-2024,New
100441,64,Tehran,21-09-2024,Regular
100442,32,Qom,21-07-2023,Regular
100443,24,Qom,07-06-2024,Regular
100444,41,Karaj,09-12-2024,Regular
100445,42,Kerman,11-01-2025,New
100446,49,Tehran,15-01-2025,Regular
100447,33,Qom,28-12-2025,New
100448,63,Mashhad,02-07-2024,New
100449,43,Shiraz,15-04-2024,Regular
100450,31,Isfahan,16-08-2024,Regular
100451,64,Mashad,27-12-2023,Regular
100452,62,Shiraz,11-12-2023,Regular
100453,41,Karaj,25-01-2025,New
100454,19,Tehran,10-12-2023,Regular
100455,46,Rasht,31-03-2025,New
100456,44,Shiraz,26-03-2025,Regular
100457,25,Tehran,09-11-2025,VIP
100458,48,Tabriz,25-05-2023,Regular
100459,58,Tehran,02-02-2024,Regular
100460,23,Tehran,24-04-2025,Regular
100461,52,Karaj,14-04-2024,Regular
100462,24,Tehran,18-12-2024,Regular
100463,53,Tehran,16-03-2025,Regular
100464,38,Karaj,26-08-2025,Regular
100465,18,Tehran,05-09-2023,New
100466,64,Qom,12-10-2023,Regular
100467,25,Qom,30-05-2024,Regular
100468,46,Tehran,08-07-2024,New
100469,26,Shiraz,18-09-2025,VIP
100470,62,Tehran,12-02-2023,New
100471,53,Tabriz,26-09-2023,Regular
100472,56,Tehran,26-09-2025,VIP
100473,38,Rasht,04-11-2024,New
100474,40,Tehran,09-01-2025,VIP
100475,48,Karaj,01-10-2023,Regular
100476,55,Tehran,13-11-2024,Regular
100477,58,Tehran,09-02-2024,VIP
100478,18,Isfahan,13-03-2025,Regular
100479,49,Shiraz,10-04-2023,Regular
100480,23,Kerman,08-11-2023,Regular
100481,31,Tehran,06-12-2024,Regular
100482,57,Tehran,23-10-2024,New
100483,30,Mashhad,09-07-2025,New
100484,56,Mashhad,27-05-2025,Regular
100485,40,Ahvaz,16-01-2023,Regular
100486,29,,09-04-2023,VIP
100487,34,Ahvaz,23-01-2024,VIP
100488,43,Tehran,15-11-2025,New
100489,54,Isfahan,06-06-2024,Regular
100490,,Karaj,03-09-2025,Regular
100491,62,Mashhad,06-03-2023,New
100492,59,Tabriz,20-11-2025,Regular
100493,54,Tehran,08-03-2023,Regular
100494,46,Mashhad,04-06-2025,VIP
100495,31,Ahvaz,18-08-2025,New
100496,37,Tehran,19-11-2023,Regular
100497,23,Kerman,26-11-2023,Regular
100498,35,Mashhad,28-09-2024,Regular
100499,62,Tehran,01-03-2025,New
100500,38,Tehran,12-05-2023,New
100501,23,Tehran,17-09-2023,VIP
100502,49,Isfahan,05-04-2025,New
100503,64,Tehran,03-06-2025,New
100504,59,tehran,18-06-2023,VIP
100505,31,Ahvaz,01-09-2025,Regular
100506,39,Mashhad,07-08-2025,Regular
100507,43,Tehran,08-08-2025,New
100508,29,Mashhad,21-09-2023,Regular
100509,30,Qom,02-01-2025,Regular
100510,29,Shiraz,25-06-2023,New
100511,65,Tehran,04-08-2023,New
100512,53,Shiraz,19-03-2023,New
100513,58,Isfahan,23-06-2024,Regular
100514,57,Mashhad,17-02-2025,New
100515,64,Tehran,06-08-2023,Regular
100516,23,Kerman,23-07-2023,New
100517,60,Tehran,31-10-2023,New
100518,21,Tehran,05-08-2023,VIP
100519,40,Tehran,01-07-2025,VIP
100520,46,Shiraz,05-07-2023,Regular
100521,35,Isfahan,01-11-2023,VIP
100522,25,Tehran,01-12-2023,New
100523,27,Isfahan,10-08-2023,Regular
100524,57,Tabriz,27-10-2025,New
100525,33,Mashhad,18-08-2023,Regular
100526,32,Rasht,16-06-2024,Regular
100527,62,Mashhad,11-09-2024,Regular
100528,24,Tehran,13-10-2023,New
100529,61,Kerman,31-05-2024,Regular
100530,62,Qom,06-07-2023,VIP
100531,46,Mashhad,12-06-2024,Regular
100532,25,Ahvaz,21-01-2023,New
100533,25,Shiraz,25-04-2024,Regular
100534,31,Mashhad,04-02-2024,New
100535,45,Ahvaz,19-01-2024,Regular
100536,25,Karaj,01-05-2023,Regular
100537,39,Mashhad,29-12-2025,Regular
100538,23,Tabriz,30-01-2023,Regular
100539,43,Mashhad,09-06-2023,Regular
100540,19,Tehran,23-04-2023,New
100541,52,Kerman,06-12-2025,New
100542,20,Shiraz,15-12-2023,Regular
100543,,Shiraz,16-04-2024,Regular
100544,26,Shiraz,02-04-2025,Regular
100545,57,Shiraz,25-02-2023,New
100546,20,Mashhad,15-03-2023,Regular
100547,38,Kerman,19-07-2023,Regular
100548,46,Tabriz,13-01-2025,Regular
100549,42,Tabriz,07-12-2025,Regular
100550,50,Isfahan,10-11-2024,VIP
100551,56,Mashhad,13-08-2025,New
100552,36,Tehran,23-08-2025,Regular
100553,57,Mashhad,30-10-2023,Regular
100554,33,Tehran,21-07-2023,Regular
100555,65,Tabriz,25-06-2023,New
100556,42,Ahvaz,19-05-2025,Regular
100557,53,Mashhad,03-01-2025,New
100558,60,Mashhad,05-08-2025,Regular
100559,56,Tabriz,09-07-2024,Regular
100560,58,Tehran,05-12-2025,New
100561,43,Rasht,06-09-2025,VIP
100562,20,Mashhad,04-06-2025,Regular
100563,41,Tehran,29-05-2025,Regular
100564,26,Tehran,16-05-2023,VIP
100565,60,Rasht,26-03-2025,Regular
100566,29,Tehran,03-11-2025,New
100567,28,Tabriz,16-11-2023,Regular
100568,29,Tehran,11-06-2025,Regular
100569,48,Tehran,19-01-2024,Regular
100570,45,Ahvaz,21-08-2023,VIP
100571,63,Tehran,10-03-2025,Regular
100572,37,Tehran,30-06-2023,New
100573,31,Isfahan,10-06-2024,Regular
100574,20,Ahvaz,22-10-2025,Regular
100575,18,Mashhad,21-06-2023,Regular
100576,35,Tehran,20-06-2023,New
100577,62,Kerman,29-10-2025,New
100578,43,Tabriz,30-04-2025,Regular
100579,60,Ahvaz,20-05-2024,New
100580,22,Karaj,19-03-2024,Regular
100581,22,Karaj,21-11-2025,New
100582,58,Mashhad,03-03-2025,Regular
100583,23,Mashhad,21-09-2025,New
100584,20,Karaj,11-04-2023,New
100585,37,Karaj,03-08-2024,Regular
100586,62,Kerman,04-03-2025,New
100587,51,Shiraz,09-02-2023,New
100588,22,Mashhad,14-07-2024,Regular
100589,58,Isfahan,02-03-2023,New
100590,58,Mashad,12-09-2025,New
100591,56,Isfahan,15-01-2025,Regular
100592,61,Qom,26-07-2023,Regular
100593,29,Shiraz,24-07-2024,Regular
100594,65,Tehran,30-04-2023,VIP
100595,33,Shiraz,30-05-2025,Regular
100596,56,Tabriz,03-08-2023,Regular
100597,45,Rasht,26-10-2024,VIP
100598,55,Isfahan,28-03-2023,Regular
100599,48,Shiraz,22-06-2023,Regular
100600,48,Isfahan,09-12-2025,Regular
100601,47,Shiraz,27-02-2024,Regular
100602,55,Tehran,15-05-2023,VIP
100603,53,Rasht,05-02-2025,New
100604,24,Rasht,08-08-2023,VIP
100605,57,Shiraz,07-10-2024,Regular
100606,43,Shiraz,05-06-2025,Regular
100607,33,Tehran,18-01-2025,Regular
100608,42,Shiraz,28-09-2023,New
100609,64,Isfahan,17-09-2023,New
100610,59,Karaj,01-09-2023,VIP
100611,58,Tehran,22-11-2024,Regular
100612,40,tehran,06-01-2025,Regular
100613,55,Mashhad,24-07-2024,New
100614,36,Tabriz,12-03-2024,New
100615,50,Tabriz,09-03-2023,New
100616,48,Tehran,03-07-2025,New
100617,,Isfahan,23-12-2024,Regular
100618,30,Ahvaz,29-11-2024,VIP
100619,20,Tabriz,24-04-2023,Regular
100620,24,Tehran,12-11-2023,Regular
100621,38,Isfahan,29-11-2023,New
100622,40,Mashhad,16-10-2024,Regular
100623,25,Tabriz,12-05-2025,Regular
100624,38,Tabriz,06-08-2025,Regular
100625,47,Tehran,25-07-2024,Regular
100626,29,Tabriz,04-02-2024,New
100627,34,Karaj,22-03-2024,New
100628,35,Karaj,17-03-2025,VIP
100629,42,Tehran,15-12-2023,Regular
100630,35,Mashhad,31-03-2024,VIP
100631,53,Isfahan,10-05-2025,New
100632,33,Tehran,17-08-2024,Regular
100633,38,Isfahan,27-05-2024,New
100634,36,Tehran,14-03-2025,VIP
100635,26,Tehran,13-11-2023,New
100636,50,Tabriz,08-03-2023,Regular
100637,29,Tehran,13-05-2025,New
100638,32,Karaj,13-05-2024,New
100639,56,Tehran,23-12-2023,New
100640,63,Shiraz,15-04-2023,Regular
100641,50,Mashhad,11-10-2025,Regular
100642,61,Qom,04-03-2025,VIP
100643,59,Qom,28-10-2023,Regular
100644,41,Mashhad,27-10-2024,Regular
100645,54,Tabriz,23-05-2024,Regular
100646,33,Tehran,24-12-2023,New
100647,40,Shiraz,08-12-2023,Regular
100648,43,Tehran,25-03-2023,Regular
100649,64,Isfahan,03-12-2025,Regular
100650,58,Tehran,10-10-2025,New
100651,41,Ahvaz,11-08-2025,New
100652,49,Isfahan,11-12-2023,Regular
100653,27,Shiraz,27-12-2025,VIP
100654,56,Mashhad,29-10-2023,Regular
100655,44,Mashhad,21-06-2025,Regular
100656,43,Tehran,21-04-2023,Regular
100657,54,Rasht,06-12-2023,Regular
100658,48,Qom,24-09-2024,New
100659,21,Tehran,25-11-2025,New
100660,31,Karaj,18-10-2023,Regular
100661,26,Isfahan,18-04-2024,New
100662,53,Tehran,11-07-2025,New
100663,19,Shiraz,01-06-2024,Regular
100664,27,Tehran,17-01-2025,New
100665,46,Tehran,03-04-2024,VIP
100666,51,Karaj,05-01-2023,Regular
100667,42,Tehran,06-11-2023,VIP
100668,59,Rasht,11-09-2024,VIP
100669,62,Tabriz,22-01-2023,New
100670,24,Ahvaz,11-09-2023,Regular
100671,63,Tabriz,09-11-2025,Regular
100672,47,Ahvaz,17-01-2023,New
100673,48,Mashhad,28-09-2023,VIP
100674,22,Shiraz,09-11-2024,New
100675,47,Shiraz,08-09-2024,Regular
100676,52,Rasht,13-08-2023,Regular
100677,45,Tehran,07-03-2023,VIP
100678,22,Shiraz,12-09-2025,Regular
100679,43,Karaj,26-08-2024,Regular
100680,62,Mashhad,19-09-2024,New
100681,52,Ahvaz,05-03-2023,Regular
100682,24,Mashhad,18-08-2023,Regular
100683,64,Tehran,21-03-2023,Regular
100684,64,Shiraz,08-12-2025,Regular
100685,26,Isfahan,22-04-2025,New
100686,56,Tehran,21-08-2024,New
100687,37,Tehran,15-01-2025,VIP
100688,46,Tehran,01-07-2023,New
100689,39,Karaj,18-12-2025,Regular
100690,55,Rasht,20-07-2024,Regular
100691,65,Shiraz,19-07-2024,VIP
100692,56,Tehran,16-11-2025,New
100693,62,Shiraz,16-04-2023,New
100694,63,Ahvaz,09-04-2024,Regular
100695,22,Karaj,07-04-2023,Regular
100696,30,Mashhad,10-04-2024,Regular
100697,52,Tehran,20-10-2023,Regular
100698,46,Rasht,19-05-2024,Regular
100699,20,Ahvaz,07-02-2025,VIP
100700,22,Tehran,03-11-2023,Regular
100701,42,Qom,26-02-2023,VIP
100702,47,Tehran,27-06-2023,VIP
100703,26,Tehran,22-02-2025,Regular
100704,26,Karaj,25-09-2024,Regular
100705,24,Shiraz,07-12-2025,Regular
100706,45,Isfahan,06-09-2025,Regular
100707,18,Rasht,26-06-2023,Regular
100708,45,Ahvaz,16-03-2025,New
100709,40,Tehran,09-04-2023,VIP
100710,40,Tabriz,16-04-2023,Regular
100711,50,Karaj,18-05-2025,Regular
100712,43,Shiraz,14-03-2024,Regular
100713,52,Kerman,28-12-2025,Regular
100714,54,Karaj,06-01-2023,Regular
100715,62,Tehran,04-07-2024,Regular
100716,56,Tehran,04-12-2023,New
100717,42,Qom,15-12-2025,Regular
100718,41,Kerman,02-01-2025,Regular
100719,29,Tehran,25-04-2025,VIP
100720,46,Tehran,14-11-2023,New
100721,24,Karaj,06-09-2025,New
100722,62,Tehran,09-07-2025,Regular
100723,58,Tehran,08-05-2025,New
100724,23,Ahvaz,06-06-2024,New
100725,55,Qom,06-10-2025,Regular
100726,23,Ahvaz,02-01-2025,Regular
100727,52,Tabriz,13-03-2023,Regular
100728,22,Mashhad,25-08-2025,Regular
100729,41,Rasht,23-01-2023,VIP
100730,49,Mashhad,17-01-2025,Regular
100731,52,Tehran,01-10-2023,Regular
100732,38,Ahvaz,09-09-2025,New
100733,62,Karaj,10-03-2025,Regular
100734,55,Rasht,03-06-2025,Regular
100735,27,Tehran,05-02-2025,New
100736,50,Kerman,12-09-2024,Regular
100737,53,Tabriz,03-08-2025,Regular
100738,34,Tabriz,22-11-2023,Regular
100739,53,Rasht,01-08-2024,Regular
100740,,Mashhad,23-11-2023,New
100741,,Karaj,05-05-2023,Regular
100742,54,Tabriz,16-08-2025,VIP
100743,48,Qom,28-06-2024,New
100744,30,Rasht,01-03-2023,New
100745,56,Karaj,22-06-2025,New
100746,35,Tehran,27-10-2025,VIP
100747,43,Tehran,25-12-2024,New
100748,33,Kerman,25-12-2023,New
100749,33,Kerman,30-07-2025,Regular
100750,25,Kerman,20-03-2025,Regular
100751,64,Tehran,08-11-2023,Regular
100752,25,Mashhad,28-12-2023,VIP
100753,22,Karaj,17-12-2025,New
100754,62,Karaj,09-11-2025,Regular
100755,44,Tehran,10-01-2025,Regular
100756,39,Tabriz,09-02-2023,New
100757,53,Tehran,09-09-2023,Regular
100758,36,Isfahan,22-01-2024,Regular
100759,24,Tehran,09-08-2024,New
100760,53,Tehran,07-08-2025,New
100761,26,Tehran,17-07-2025,New
100762,44,tehran,28-10-2023,Regular
100763,63,Karaj,30-04-2023,New
100764,62,Rasht,29-10-2023,VIP
100765,35,Isfahan,15-09-2023,New
100766,55,Isfahan,11-09-2025,VIP
100767,47,Mashhad,16-01-2023,Regular
100768,41,Tabriz,28-06-2025,New
100769,24,Mashhad,20-12-2024,New
100770,,Karaj,26-04-2023,Regular
100771,49,Qom,20-01-2025,New
100772,65,Ahvaz,27-09-2024,New
100773,18,Tehran,05-01-2023,Regular
100774,52,Shiraz,02-09-2023,VIP
100775,58,Tehran,17-01-2024,Regular
100776,63,Tehran,24-08-2023,Regular
100777,38,Karaj,25-09-2024,Regular
100778,23,Shiraz,04-11-2024,Regular
100779,31,Karaj,05-07-2023,New
100780,58,Tehran,16-05-2023,Regular
100781,60,Kerman,18-12-2024,Regular
100782,48,Kerman,29-05-2024,Regular
100783,23,Isfahan,18-10-2023,VIP
100784,23,Ahvaz,08-10-2023,Regular
100785,40,Tehran,12-02-2023,Regular
100786,46,Karaj,24-07-2025,Regular
100787,19,Ahvaz,10-07-2025,New
100788,50,Qom,30-08-2024,New
100789,44,Qom,18-01-2024,VIP
100790,18,Isfahan,24-08-2023,Regular
100791,22,Qom,03-12-2023,Regular
100792,39,Karaj,11-10-2025,Regular
100793,52,Tehran,08-04-2023,Regular
100794,57,Tehran,20-06-2025,Regular
100795,38,Karaj,30-11-2023,New
100796,32,Tabriz,18-10-2023,Regular
100797,64,Shiraz,05-06-2025,Regular
100798,40,Rasht,18-11-2025,New
100799,33,Tabriz,21-12-2025,Regular
100800,39,Mashhad,21-10-2023,New
100801,18,Isfahan,09-10-2024,New
100802,32,Tabriz,17-11-2023,VIP
100803,42,Karaj,31-07-2023,VIP
100804,62,Shiraz,27-02-2024,Regular
100805,53,Isfahan,10-03-2023,New
100806,55,Karaj,30-06-2023,VIP
100807,44,Karaj,14-10-2024,Regular
100808,23,Ahvaz,22-01-2025,VIP
100809,36,Tehran,24-10-2023,New
100810,65,Karaj,02-09-2024,New
100811,20,Shiraz,17-04-2025,Regular
100812,60,Tehran,06-09-2025,VIP
100813,50,Tabriz,14-09-2024,New
100814,31,Karaj,21-09-2023,New
100815,55,Shiraz,19-02-2025,Regular
100816,58,Qom,06-07-2023,VIP
100817,20,Mashhad,02-06-2023,Regular
100818,23,Tehran,28-01-2024,VIP
100819,49,Mashhad,27-12-2023,Regular
100820,65,Isfahan,09-06-2023,Regular
100821,19,Karaj,27-02-2023,Regular
100822,49,Ahvaz,02-11-2025,New
100823,24,Karaj,11-01-2025,Regular
100824,49,Tehran,24-02-2025,Regular
100825,47,Mashhad,14-03-2023,Regular
100826,22,Tehran,21-05-2025,New
100827,50,Karaj,04-02-2024,Regular
100828,,Tehran,30-03-2025,Regular
100829,59,Shiraz,20-06-2024,Regular
100830,19,Qom,23-09-2023,VIP
100831,29,Tabriz,15-10-2023,Regular
100832,29,Mashhad,04-06-2023,New
100833,39,Mashhad,27-06-2025,New
100834,24,Tabriz,15-04-2024,Regular
100835,59,Shiraz,04-05-2025,New
100836,55,Tehran,26-06-2025,Regular
100837,56,Ahvaz,02-07-2023,Regular
100838,27,Shiraz,28-12-2023,Regular
100839,18,Isfahan,16-05-2023,Regular
100840,61,Tehran,11-01-2023,VIP
100841,31,Mashhad,16-12-2025,Regular
100842,49,Mashhad,23-12-2024,New
100843,61,Tehran,09-05-2024,New
100844,19,Shiraz,08-08-2023,Regular
100845,,Isfahan,09-10-2024,Regular
100846,18,Ahvaz,17-08-2024,Regular
100847,25,Rasht,02-09-2023,Regular
100848,20,Tehran,17-01-2023,Regular
100849,57,Tehran,28-05-2024,New
100850,47,Qom,11-07-2024,New
100851,65,Kerman,24-05-2025,Regular
100852,56,Ahvaz,07-03-2024,Regular
100853,64,Tehran,17-04-2023,Regular
100854,29,Tehran,22-08-2025,Regular
100855,31,tehran,28-03-2024,Regular
100856,58,Qom,01-03-2025,Regular
100857,29,Shiraz,17-02-2023,New
100858,20,Shiraz,09-02-2023,New
100859,50,Shiraz,26-01-2023,New
100860,56,Tehran,14-05-2025,New
100861,64,Tabriz,21-09-2023,New
100862,62,Tehran,16-05-2025,Regular
100863,23,Tabriz,31-10-2025,New
100864,55,Karaj,27-12-2024,New
100865,58,Tabriz,15-12-2025,New
100866,51,Mashhad,14-10-2025,New
100867,57,Qom,02-03-2025,New
100868,58,Karaj,29-05-2025,New
100869,39,Tehran,22-10-2024,New
100870,19,Tehran,28-08-2023,VIP
100871,39,Tabriz,23-04-2023,New
100872,27,Mashhad,22-02-2024,New
100873,23,Tehran,04-06-2024,Regular
100874,,Tehran,19-01-2024,New
100875,51,Tehran,22-04-2023,Regular
100876,42,Isfahan,06-07-2024,Regular
100877,43,Tabriz,29-06-2024,Regular
100878,53,Tehran,10-11-2025,VIP
100879,44,Karaj,10-11-2025,Regular
100880,48,Mashhad,05-11-2024,New
100881,22,Mashhad,20-07-2025,Regular
100882,58,Tehran,09-12-2023,New
100883,39,Qom,27-11-2025,Regular
100884,25,Kerman,27-10-2025,New
100885,57,Isfahan,18-05-2023,Regular
100886,53,Tehran,05-02-2025,New
100887,20,Tehran,16-05-2024,Regular
100888,27,Tehran,19-10-2023,New
100889,18,Ahvaz,27-03-2024,Regular
100890,30,Tehran,19-09-2025,Regular
100891,22,Kerman,09-10-2025,Regular
100892,52,Shiraz,12-01-2024,New
100893,43,Shiraz,20-05-2024,New
100894,65,Ahvaz,19-07-2024,Regular
100895,53,Tehran,14-03-2025,Regular
100896,47,Karaj,08-06-2024,Regular
100897,42,Tehran,09-03-2024,Regular
100898,20,Ahvaz,08-10-2025,Regular
100899,21,Shiraz,13-02-2024,Regular
100900,47,Tehran,18-10-2023,New
100901,18,Ahvaz,25-12-2023,Regular
100902,20,Tehran,31-12-2023,Regular
100903,28,Tehran,30-08-2024,New
100904,,Qom,23-12-2024,Regular
100905,40,Isfahan,28-05-2023,New
100906,52,Ahvaz,28-08-2025,New
100907,37,Tabriz,05-10-2023,Regular
100908,26,Tabriz,06-05-2023,Regular
100909,35,Mashhad,01-01-2025,New
100910,22,Tehran,18-08-2023,Regular
100911,54,Kerman,01-04-2025,New
100912,26,Tehran,04-11-2025,Regular
100913,36,Shiraz,28-01-2025,Regular
100914,65,Tehran,01-05-2025,Regular
100915,46,Tehran,25-06-2024,Regular
100916,40,Shiraz,14-01-2024,Regular
100917,44,Qom,02-11-2024,Regular
100918,55,Karaj,27-01-2024,New
100919,30,Ahvaz,17-08-2025,New
100920,48,Mashhad,29-05-2024,Regular
100921,59,Isfahan,30-06-2024,Regular
100922,45,Tehran,07-01-2025,New
100923,39,Karaj,27-07-2023,Regular
100924,24,Mashhad,06-09-2024,Regular
100925,29,Shiraz,05-04-2025,Regular
100926,63,Tehran,29-04-2025,VIP
100927,43,Qom,04-09-2023,Regular
100928,32,Qom,01-03-2023,Regular
100929,38,Ahvaz,01-08-2023,Regular
100930,45,Tehran,15-06-2025,New
100931,43,Kerman,18-10-2023,Regular
100932,51,Tehran,05-03-2023,Regular
100933,30,Mashhad,15-10-2024,Regular
100934,,Tehran,22-08-2025,VIP
100935,39,Tehran,03-09-2023,Regular
100936,63,Shiraz,17-02-2023,Regular
100937,25,Tehran,03-06-2023,New
100938,25,Mashhad,20-05-2023,VIP
100939,40,Tabriz,12-08-2023,Regular
100940,42,Ahvaz,17-07-2023,New
100941,51,Karaj,28-11-2024,Regular
100942,37,Shiraz,02-09-2023,Regular
100943,61,Tehran,23-08-2024,VIP
100944,40,Qom,15-03-2024,Regular
100945,24,Mashad,17-12-2024,Regular
100946,23,Tehran,18-12-2024,Regular
100947,64,Tehran,11-10-2024,Regular
100948,24,Tabriz,04-09-2025,Regular
100949,63,Mashhad,03-08-2023,New
100950,31,Tabriz,28-07-2024,New
100951,22,Mashhad,07-03-2024,VIP
100952,32,Isfahan,06-08-2024,VIP
100953,47,Isfahan,03-06-2023,VIP
100954,38,Tehran,16-12-2023,New
100955,55,Isfahan,27-10-2025,New
100956,47,Tabriz,26-05-2025,VIP
100957,37,Shiraz,11-04-2024,New
100958,48,Tehran,01-05-2023,Regular
100959,64,Tabriz,11-12-2024,New
100960,37,Mashhad,26-11-2023,Regular
100961,25,Tehran,27-12-2023,Regular
100962,37,Tehran,17-04-2023,New
100963,58,Isfahan,13-11-2023,Regular
100964,28,Mashhad,23-08-2023,New
100965,63,Karaj,07-02-2023,Regular
100966,46,Tehran,04-10-2024,Regular
100967,46,Karaj,27-11-2025,Regular
100968,33,Mashhad,18-05-2023,Regular
100969,62,Tabriz,27-02-2023,New
100970,19,Qom,21-04-2023,New
100971,32,Mashhad,20-08-2024,VIP
100972,38,Tehran,23-06-2025,Regular
100973,40,Shiraz,06-12-2023,Regular
100974,40,Kerman,10-05-2023,Regular
100975,25,Kerman,16-04-2023,VIP
100976,28,Tehran,27-10-2024,Regular
100977,22,Karaj,26-01-2024,New
100978,45,Mashhad,21-01-2024,Regular
100979,34,Tehran,19-09-2023,Regular
100980,45,Tabriz,08-09-2025,Regular
100981,46,Isfahan,15-02-2024,VIP
100982,51,Shiraz,13-02-2025,Regular
100983,44,Qom,23-03-2025,Regular
100984,49,Mashad,07-03-2023,Regular
100985,46,Tabriz,30-09-2023,Regular
100986,49,Mashhad,07-09-2025,Regular
100987,47,Tehran,24-08-2025,Regular
100988,33,Mashhad,29-03-2024,New
100989,29,Kerman,21-06-2023,Regular
100990,55,Isfahan,23-11-2023,New
100991,34,Tehran,05-11-2025,New
100992,44,Karaj,06-01-2025,Regular
100993,,Kerman,24-03-2023,New
100994,38,Rasht,25-02-2025,Regular
100995,43,Shiraz,10-06-2023,Regular
100996,48,Mashhad,29-11-2023,Regular
100997,43,Shiraz,11-06-2024,VIP
100998,35,Qom,21-01-2024,Regular
100999,64,Ahvaz,03-02-2025,Regular
101000,42,,21-06-2023,New
101001,56,Isfahan,18-08-2025,Regular
101002,53,Tehran,11-10-2024,Regular
101003,44,,01-12-2023,Regular
101004,60,Tehran,13-11-2025,Regular
101005,24,Tehran,07-06-2024,Regular
101006,62,Isfahan,01-04-2024,New
101007,58,Tabriz,24-01-2023,New
101008,42,Ahvaz,26-12-2025,VIP
101009,53,Qom,15-07-2025,Regular
101010,42,Ahvaz,13-07-2023,Regular
101011,30,Karaj,03-11-2025,Regular
101012,56,Karaj,21-05-2025,VIP
101013,29,Tehran,05-04-2024,Regular
101014,33,Tabriz,13-10-2025,New
101015,42,Tehran,04-09-2024,Regular
101016,,Tehran,23-01-2025,New
101017,36,Tehran,20-07-2023,Regular
101018,41,Qom,30-04-2023,Regular
101019,19,Karaj,31-07-2024,New
101020,23,Rasht,24-12-2023,New
101021,20,,10-12-2025,Regular
101022,21,Rasht,04-04-2023,VIP
101023,59,Tehran,15-04-2025,New
101024,58,Ahvaz,20-10-2024,Regular
101025,57,Ahvaz,20-08-2025,Regular
101026,20,Ahvaz,28-12-2025,Regular
101027,21,Tehran,11-08-2025,Regular
101028,31,Tehran,15-02-2024,Regular
101029,45,Rasht,31-01-2025,Regular
101030,34,Tehran,28-06-2023,Regular
101031,41,Mashhad,16-06-2024,VIP
101032,26,Isfahan,22-10-2023,Regular
101033,53,Tehran,01-10-2023,New
101034,33,Tehran,17-09-2024,Regular
101035,21,Kerman,19-05-2023,Regular
101036,53,Ahvaz,15-09-2024,New
101037,61,Rasht,15-03-2024,Regular
101038,18,Mashhad,09-09-2023,Regular
101039,38,Tehran,07-09-2024,New
101040,57,Isfahan,02-04-2025,Regular
101041,51,Isfahan,29-10-2024,Regular
101042,59,Tehran,07-04-2023,Regular
101043,37,Karaj,07-09-2024,Regular
101044,35,Kerman,13-11-2024,New
101045,52,Shiraz,18-01-2025,Regular
101046,25,Mashhad,11-04-2024,Regular
101047,29,Mashhad,14-04-2023,Regular
101048,46,Tehran,20-05-2023,Regular
101049,50,Tehran,30-12-2023,New
101050,23,Isfahan,25-11-2024,New
101051,42,Isfahan,20-03-2025,Regular
101052,35,Shiraz,06-01-2025,New
101053,42,Ahvaz,08-12-2023,Regular
101054,64,Tehran,26-04-2024,Regular
101055,21,Tehran,21-02-2023,New
101056,65,Tehran,23-05-2025,Regular
101057,39,Tehran,23-01-2024,Regular
101058,55,Shiraz,11-07-2024,New
101059,38,Qom,07-05-2024,Regular
101060,32,tehran,09-11-2023,New
101061,54,Tabriz,04-07-2023,VIP
101062,51,Mashhad,10-11-2025,Regular
101063,24,Tehran,11-05-2023,Regular
101064,51,Mashhad,30-10-2025,Regular
101065,54,Mashhad,04-05-2023,Regular
101066,36,Ahvaz,15-04-2023,Regular
101067,62,Isfahan,15-09-2025,New
101068,48,Tehran,01-11-2025,New
101069,34,Mashhad,07-09-2025,New
101070,18,Tehran,29-04-2025,Regular
101071,50,Rasht,23-06-2024,Regular
101072,28,Tehran,27-04-2023,New
101073,54,Tehran,09-10-2024,Regular
101074,43,Tehran,22-07-2024,Regular
101075,40,Qom,16-03-2025,New
101076,25,Shiraz,08-02-2023,New
101077,52,Tabriz,26-03-2023,Regular
101078,25,Mashhad,06-10-2024,New
101079,38,Tehran,25-07-2025,Regular
101080,58,Ahvaz,18-10-2025,Regular
101081,62,Tehran,14-09-2024,Regular
101082,65,Tehran,08-02-2024,Regular
101083,63,Shiraz,31-05-2024,New
101084,44,Tehran,10-07-2024,Regular
101085,27,Tehran,08-11-2024,Regular
101086,58,Qom,07-09-2023,New
101087,56,Isfahan,01-03-2024,Regular
101088,65,Tehran,15-08-2024,New
101089,49,Mashhad,20-07-2025,VIP
101090,24,Karaj,28-05-2025,Regular
101091,42,Tehran,05-04-2025,Regular
101092,39,Tehran,24-08-2023,VIP
101093,58,Tabriz,21-03-2024,Regular
101094,36,Tabriz,29-08-2024,Regular
101095,33,Kerman,25-11-2025,Regular
101096,21,Mashhad,24-01-2024,New
101097,58,Tehran,02-10-2025,VIP
101098,,Shiraz,29-03-2025,Regular
101099,19,Tabriz,24-11-2024,Regular
101100,38,Tehran,07-02-2025,Regular
101101,41,Shiraz,18-05-2025,New
101102,40,Tehran,04-02-2025,Regular
101103,62,Ahvaz,06-01-2025,New
101104,25,Ahvaz,18-02-2024,New
101105,32,Isfahan,13-04-2024,Regular
101106,26,Kerman,18-10-2024,New
101107,29,Kerman,12-07-2025,VIP
101108,61,Tehran,13-12-2024,Regular
101109,63,Mashhad,17-12-2025,Regular
101110,20,Tabriz,15-01-2025,New
101111,48,Tehran,22-03-2024,New
101112,29,Mashhad,21-09-2024,Regular
101113,27,Tehran,13-11-2024,New
101114,32,Kerman,07-08-2025,Regular
101115,27,Isfahan,08-10-2023,Regular
101116,41,Karaj,30-09-2023,New
101117,65,Mashhad,10-08-2023,Regular
101118,,Tehran,03-03-2023,New
101119,52,Ahvaz,09-01-2025,New
101120,41,Tehran,19-11-2025,Regular
101121,18,Tehran,03-11-2024,New
101122,22,Mashhad,08-03-2023,New
101123,,Karaj,04-02-2024,Regular
101124,29,Mashhad,15-09-2025,Regular
101125,58,Tehran,26-02-2023,VIP
101126,58,Mashhad,01-11-2024,Regular
101127,58,Tehran,27-04-2024,Regular
101128,48,Tehran,03-10-2025,Regular
101129,44,Shiraz,15-07-2024,Regular
101130,49,Tehran,10-09-2024,New
101131,37,Mashhad,01-03-2025,Regular
101132,50,Tabriz,18-06-2025,Regular
101133,56,Karaj,18-07-2024,New
101134,54,Tehran,28-02-2025,Regular
101135,47,Mashhad,31-05-2025,Regular
101136,20,Tehran,28-07-2024,Regular
101137,52,Kerman,23-02-2025,New
101138,35,Tehran,02-02-2024,VIP
101139,53,Tehran,24-01-2024,New
101140,43,Isfahan,04-01-2023,VIP
101141,60,Tehran,02-01-2025,Regular
101142,34,Tehran,02-10-2023,VIP
101143,62,Tehran,10-06-2025,VIP
101144,58,Tabriz,08-11-2025,Regular
101145,33,Tabriz,17-08-2025,Regular
101146,41,Tabriz,29-10-2023,New
101147,43,Karaj,14-12-2024,New
101148,54,Mashhad,03-04-2025,Regular
101149,51,Rasht,08-07-2024,Regular
101150,58,Karaj,10-07-2024,New
101151,35,Qom,24-04-2024,Regular
101152,42,Karaj,04-12-2023,VIP
101153,38,Mashhad,19-09-2024,Regular
101154,61,Mashhad,21-12-2025,New
101155,32,Isfahan,28-08-2023,Regular
101156,46,Tehran,21-02-2023,New
101157,23,Isfahan,03-03-2023,New
101158,58,Tehran,29-09-2024,VIP
101159,36,Tehran,23-10-2023,VIP
101160,34,Rasht,20-05-2024,New
101161,45,Karaj,06-11-2025,New
101162,41,Shiraz,25-03-2023,Regular
101163,58,Mashhad,11-07-2023,Regular
101164,43,Shiraz,23-08-2023,New
101165,42,Rasht,15-05-2024,New
101166,23,Tabriz,30-01-2025,Regular
101167,19,Tabriz,20-07-2023,New
101168,37,Isfahan,29-04-2023,Regular
101169,65,,04-04-2023,Regular
101170,62,Karaj,27-05-2025,Regular
101171,48,Kerman,02-02-2023,Regular
101172,48,Isfahan,15-11-2024,Regular
101173,36,Mashhad,25-09-2024,New
101174,26,Isfahan,21-04-2023,Regular
101175,18,Isfahan,28-08-2024,New
101176,34,Kerman,11-11-2023,VIP
101177,33,Karaj,17-07-2024,New
101178,27,Mashhad,31-05-2023,Regular
101179,30,Mashhad,01-01-2025,New
101180,19,Isfahan,23-05-2025,Regular
101181,47,Tehran,04-01-2023,Regular
101182,62,Shiraz,06-08-2024,New
101183,51,Qom,10-12-2024,Regular
101184,39,Tabriz,04-01-2023,New
101185,38,Tehran,03-03-2025,Regular
101186,32,Karaj,17-08-2024,New
101187,24,Karaj,02-12-2023,Regular
101188,46,Tehran,12-06-2024,Regular
101189,45,Tabriz,16-01-2025,Regular
101190,18,Tabriz,05-12-2024,Regular
101191,37,Ahvaz,30-04-2025,VIP
101192,31,Tehran,08-02-2023,Regular
101193,26,Tehran,12-05-2025,New
101194,51,Isfahan,08-02-2023,Regular
101195,43,Tehran,12-12-2024,New
101196,48,Isfahan,18-01-2024,Regular
101197,52,Qom,11-03-2023,New
101198,65,Tehran,23-01-2025,Regular
101199,56,Isfahan,28-08-2024,Regular
101200,47,Kerman,30-12-2024,Regular
101201,60,Isfahan,16-02-2024,New
101202,40,Isfahan,01-11-2023,New
101203,65,Shiraz,15-11-2024,Regular
101204,54,Tehran,25-08-2023,Regular
101205,49,Tehran,08-06-2025,VIP
101206,61,Tabriz,18-01-2025,Regular
101207,42,Mashhad,30-12-2025,New
101208,52,Mashhad,30-01-2023,Regular
101209,31,Tehran,03-10-2024,Regular
101210,,Ahvaz,01-09-2024,New
101211,47,Tehran,28-07-2025,Regular
101212,55,Karaj,09-04-2024,New
101213,40,Mashhad,22-10-2025,New
101214,59,Shiraz,19-09-2023,New
101215,21,tehran,24-07-2025,Regular
101216,23,Tehran,23-07-2024,Regular
101217,42,Shiraz,30-10-2025,New
101218,53,Karaj,26-08-2023,Regular
101219,56,Tehran,12-10-2023,Regular
101220,39,Isfahan,09-09-2024,Regular
101221,,Isfahan,27-08-2024,New
101222,44,Tehran,13-06-2023,New
101223,64,Shiraz,14-12-2024,New
101224,49,Tehran,20-03-2024,VIP
101225,38,Isfahan,15-06-2023,Regular
101226,64,Tehran,12-07-2024,New
101227,23,Isfahan,03-02-2025,Regular
101228,65,Mashhad,04-02-2023,New
101229,25,Isfahan,04-10-2025,New
101230,31,Isfahan,30-10-2024,New
101231,57,Rasht,13-10-2023,New
101232,53,Isfahan,01-04-2025,New
101233,64,Qom,12-07-2025,New
101234,53,Tehran,12-11-2025,Regular
101235,48,Mashhad,15-05-2025,Regular
101236,34,Tehran,11-08-2023,Regular
101237,18,Isfahan,29-06-2023,Regular
101238,23,Tabriz,17-08-2023,Regular
101239,32,Ahvaz,16-08-2025,Regular
101240,19,Shiraz,30-11-2023,VIP
101241,42,Tabriz,28-12-2023,New
101242,55,Tehran,02-09-2025,Regular
101243,64,Tehran,12-08-2023,New
101244,41,Qom,21-03-2024,Regular
101245,60,Tehran,21-11-2023,Regular
101246,65,Tehran,27-11-2023,Regular
101247,59,Rasht,14-10-2024,VIP
101248,40,Kerman,22-03-2025,Regular
101249,33,Tabriz,18-10-2023,New
101250,64,,11-02-2023,Regular
101251,29,Ahvaz,01-12-2024,New
101252,37,Tehran,23-08-2024,Regular
101253,21,Isfahan,22-12-2024,Regular
101254,56,Mashhad,07-05-2024,Regular
101255,49,Rasht,30-04-2025,Regular
101256,22,Rasht,15-11-2024,New
101257,28,Tabriz,09-04-2025,New
101258,44,Tehran,11-03-2025,VIP
101259,43,Isfahan,27-06-2024,New
101260,,Tehran,22-12-2023,New
101261,30,Ahvaz,29-09-2024,Regular
101262,62,Tehran,27-11-2024,Regular
101263,39,Tehran,17-09-2024,New
101264,57,Karaj,28-07-2024,New
101265,29,Isfahan,11-01-2024,Regular
101266,19,Ahvaz,27-05-2023,Regular
101267,,Tehran,13-04-2024,Regular
101268,35,Qom,23-08-2025,New
101269,63,Tehran,23-02-2025,VIP
101270,20,Tehran,06-04-2025,New
101271,35,Isfahan,17-03-2025,New
101272,23,Tehran,06-10-2025,VIP
101273,62,Shiraz,05-09-2023,Regular
101274,50,Tehran,27-02-2025,New
101275,54,Tehran,18-03-2023,Regular
101276,52,Karaj,26-09-2023,Regular
101277,49,Tehran,02-02-2023,New
101278,55,Tabriz,16-04-2024,New
101279,18,Karaj,04-06-2023,Regular
101280,59,Tehran,28-02-2024,Regular
101281,53,Karaj,28-05-2023,Regular
101282,53,Tehran,09-02-2023,Regular
101283,36,Mashhad,06-06-2024,VIP
101284,56,Tehran,25-03-2024,New
101285,36,Ahvaz,01-04-2024,Regular
101286,20,Shiraz,14-01-2024,New
101287,61,Isfahan,24-03-2024,Regular
101288,29,Kerman,05-01-2023,Regular
101289,22,Mashhad,07-06-2024,New
101290,47,Rasht,16-07-2025,Regular
101291,29,Karaj,02-06-2023,Regular
101292,59,Rasht,07-06-2023,Regular
101293,39,Rasht,04-05-2025,New
101294,18,Kerman,02-07-2024,New
101295,63,Tehran,09-10-2023,Regular
101296,42,Qom,09-05-2025,Regular
101297,30,,22-12-2023,Regular
101298,50,Tabriz,23-10-2024,New
101299,43,Tehran,31-08-2024,Regular
101300,,Kerman,05-07-2023,New
101301,54,Tehran,06-04-2025,New
101302,37,Isfahan,07-11-2024,Regular
101303,51,Shiraz,17-08-2023,Regular
101304,60,Tehran,09-04-2025,VIP
101305,47,Karaj,10-11-2024,Regular
101306,50,Tehran,24-07-2025,New
101307,30,Karaj,17-06-2025,Regular
101308,29,Ahvaz,15-12-2023,New
101309,37,Mashhad,22-10-2025,VIP
101310,58,Karaj,07-02-2023,New
101311,43,Tehran,01-01-2024,VIP
101312,34,Ahvaz,27-10-2024,Regular
101313,55,Kerman,08-08-2024,Regular
101314,58,Tehran,05-09-2023,New
101315,61,Karaj,07-08-2023,Regular
101316,32,Isfahan,05-05-2025,Regular
101317,52,Shiraz,17-08-2025,New
101318,46,Karaj,14-01-2025,Regular
101319,39,Isfahan,03-08-2024,Regular
101320,37,Tabriz,26-04-2025,VIP
101321,23,Tehran,20-09-2023,Regular
101322,31,Mashhad,25-11-2025,Regular
101323,44,Ahvaz,17-05-2023,Regular
101324,60,Tehran,02-10-2024,New
101325,59,Shiraz,09-01-2024,Regular
101326,27,Tehran,17-09-2025,Regular
101327,50,Ahvaz,26-09-2023,Regular
101328,22,Shiraz,03-12-2024,Regular
101329,50,Mashhad,21-06-2023,Regular
101330,34,Tehran,19-07-2023,Regular
101331,39,Isfahan,31-03-2024,Regular
101332,52,Kerman,25-05-2025,New
101333,38,Isfahan,01-11-2023,VIP
101334,56,Isfahan,29-01-2025,VIP
101335,43,Karaj,17-09-2024,Regular
101336,65,Mashhad,06-12-2025,Regular
101337,48,Isfahan,26-11-2023,Regular
101338,32,Mashhad,24-09-2023,Regular
101339,55,Tehran,15-09-2025,Regular
101340,37,Karaj,31-12-2023,New
101341,43,Ahvaz,24-08-2023,Regular
101342,24,tehran,18-06-2025,New
101343,23,Ahvaz,09-06-2025,Regular
101344,45,Isfahan,10-03-2023,Regular
101345,26,Mashhad,26-07-2025,Regular
101346,65,Tabriz,24-11-2024,Regular
101347,59,Mashad,02-11-2023,Regular
101348,51,Karaj,09-08-2024,VIP
101349,53,Isfahan,19-09-2023,Regular
101350,46,Karaj,04-07-2023,New
101351,20,Karaj,25-05-2023,New
101352,36,Rasht,30-06-2023,Regular
101353,41,Karaj,30-09-2024,Regular
101354,61,Isfahan,06-06-2025,Regular
101355,28,Tehran,16-06-2024,New
101356,41,Isfahan,17-01-2023,New
101357,34,Mashhad,14-04-2024,Regular
101358,24,Rasht,28-03-2025,Regular
101359,22,Isfahan,03-07-2025,New
101360,35,Isfahan,13-03-2025,New
101361,21,Mashhad,09-02-2024,New
101362,21,Tabriz,12-12-2024,Regular
101363,34,Shiraz,16-03-2023,Regular
101364,27,Tehran,24-03-2024,Regular
101365,44,Ahvaz,10-08-2024,Regular
101366,18,Mashhad,01-02-2023,Regular
101367,32,Isfahan,16-01-2023,New
101368,39,Tehran,27-05-2025,New
101369,64,Shiraz,30-08-2023,Regular
101370,48,Karaj,18-05-2023,VIP
101371,60,Ahvaz,10-10-2024,Regular
101372,34,Tehran,04-11-2023,Regular
101373,39,Kerman,08-12-2025,Regular
101374,38,Karaj,02-11-2025,New
101375,60,Mashhad,21-06-2025,Regular
101376,64,Tehran,27-11-2023,Regular
101377,64,Mashhad,16-08-2025,VIP
101378,54,Ahvaz,07-10-2023,New
101379,42,Mashhad,20-09-2023,Regular
101380,43,Isfahan,01-12-2025,VIP
101381,65,Karaj,08-01-2025,Regular
101382,31,Ahvaz,05-04-2023,Regular
101383,34,Tabriz,28-08-2025,New
101384,61,Karaj,25-06-2023,New
101385,36,Tehran,15-01-2025,Regular
101386,29,Ahvaz,24-04-2024,New
101387,44,Tehran,20-01-2023,Regular
101388,33,Tehran,12-05-2025,Regular
101389,60,Kerman,21-01-2025,Regular
101390,61,Tehran,26-08-2025,New
101391,32,Tehran,31-10-2024,New
101392,43,Tabriz,07-04-2025,Regular
101393,65,Mashhad,19-09-2025,New
101394,53,Tehran,04-12-2025,New
101395,28,Tabriz,05-09-2024,Regular
101396,46,Karaj,19-01-2023,New
101397,47,Qom,14-01-2024,New
101398,49,Tehran,09-11-2024,New
101399,19,Shiraz,01-05-2023,Regular
101400,32,Qom,08-05-2023,New
101401,59,Tehran,08-03-2024,Regular
101402,29,Tehran,23-09-2025,Regular
101403,32,Tehran,19-12-2023,Regular
101404,33,Shiraz,21-10-2025,Regular
101405,26,Tehran,29-05-2025,New
101406,25,Karaj,28-11-2023,New
101407,34,Kerman,10-09-2023,Regular
101408,59,Tehran,25-06-2025,VIP
101409,18,Tabriz,07-04-2025,Regular
101410,31,Tehran,21-11-2024,Regular
101411,20,Tehran,07-12-2025,VIP
101412,44,Karaj,21-04-2023,Regular
101413,30,Isfahan,27-02-2024,Regular
101414,56,Rasht,22-10-2024,Regular
101415,46,Shiraz,20-03-2023,Regular
101416,55,Tehran,04-12-2025,Regular
101417,48,Isfahan,18-09-2024,Regular
101418,39,Tehran,04-12-2023,Regular
101419,59,Ahvaz,19-09-2023,Regular
101420,40,Karaj,02-01-2023,VIP
101421,63,Mashhad,10-10-2024,VIP
101422,65,Shiraz,05-12-2025,Regular
101423,46,Tabriz,09-02-2023,New
101424,50,Qom,29-03-2024,Regular
101425,30,tehran,25-12-2024,New
101426,57,Tehran,16-04-2024,Regular
101427,50,Tehran,13-12-2024,New
101428,61,Mashhad,19-02-2025,Regular
101429,30,Isfahan,23-11-2025,VIP
101430,55,Tehran,23-10-2024,New
101431,40,Isfahan,16-02-2025,Regular
101432,26,Isfahan,27-11-2023,Regular
101433,26,Tehran,15-06-2023,New
101434,44,Rasht,20-04-2023,New
101435,33,Shiraz,30-04-2023,Regular
101436,22,Mashhad,24-06-2025,Regular
101437,38,Isfahan,14-02-2023,Regular
101438,49,Mashhad,13-06-2024,New
101439,33,Ahvaz,02-11-2024,New
101440,63,Shiraz,06-01-2025,Regular
101441,55,Isfahan,14-03-2023,New
101442,42,Rasht,31-07-2025,Regular
101443,62,Ahvaz,23-04-2024,New
101444,38,Qom,20-01-2023,Regular
101445,24,Tehran,26-05-2023,Regular
101446,19,Tehran,30-07-2025,Regular
101447,63,Karaj,29-10-2025,New
101448,64,Isfahan,03-04-2025,Regular
101449,53,Karaj,01-01-2024,Regular
101450,22,Karaj,02-11-2025,Regular
101451,32,Mashhad,29-10-2023,New
101452,19,Mashhad,13-09-2023,New
101453,20,Isfahan,17-04-2025,Regular
101454,29,Tehran,20-12-2023,Regular
101455,45,Tabriz,23-07-2024,VIP
101456,,Karaj,25-12-2024,Regular
101457,65,Isfahan,01-07-2023,Regular
101458,39,Karaj,10-10-2025,VIP
101459,30,Shiraz,02-07-2023,Regular
101460,42,Karaj,22-12-2025,New
101461,55,Tehran,31-10-2023,New
101462,33,Karaj,01-04-2024,Regular
101463,20,Karaj,05-10-2023,Regular
101464,20,Tehran,13-08-2024,VIP
101465,58,Shiraz,01-01-2023,New
101466,23,Ahvaz,06-07-2023,New
101467,48,Tehran,22-07-2024,Regular
101468,36,Karaj,29-01-2025,Regular
101469,55,Kerman,20-11-2025,Regular
101470,20,Ahvaz,05-07-2025,New
101471,61,Mashhad,06-10-2025,Regular
101472,51,Tabriz,24-05-2025,Regular
101473,39,Kerman,30-04-2025,VIP
101474,27,Shiraz,14-01-2024,New
101475,64,Tehran,17-09-2025,Regular
101476,32,Tehran,20-11-2025,New
101477,41,Qom,16-07-2024,Regular
101478,36,Isfahan,12-05-2023,New
101479,29,Tehran,16-02-2023,VIP
101480,37,Mashhad,24-06-2024,New
101481,25,Karaj,26-11-2024,Regular
101482,18,Isfahan,30-08-2024,Regular
101483,31,Ahvaz,08-09-2025,New
101484,23,Karaj,10-08-2024,New
101485,37,Kerman,24-12-2024,Regular
101486,59,Ahvaz,09-04-2025,Regular
101487,25,Tehran,06-09-2025,Regular
101488,18,Tabriz,29-10-2024,Regular
101489,23,Tehran,02-09-2024,New
101490,42,Kerman,26-03-2023,VIP
101491,31,Tehran,04-12-2024,New
101492,41,Tabriz,16-07-2023,Regular
101493,19,Ahvaz,08-02-2024,VIP
101494,33,Tehran,05-08-2024,VIP
101495,37,Ahvaz,01-04-2023,New
101496,38,Tehran,30-01-2025,New
101497,44,Isfahan,04-11-2023,Regular
101498,55,Isfahan,17-07-2024,New
101499,40,Mashhad,19-01-2024,Regular
101500,58,Shiraz,25-01-2024,Regular
101501,43,Rasht,07-03-2024,New
101502,30,Mashhad,25-02-2023,Regular
101503,28,Shiraz,02-08-2023,Regular
101504,33,Ahvaz,10-05-2025,Regular
101505,46,Karaj,14-05-2023,Regular
101506,,Tehran,28-06-2024,New
101507,61,Rasht,03-06-2023,Regular
101508,41,Tehran,12-08-2024,Regular
101509,59,Shiraz,05-12-2024,Regular
101510,50,Shiraz,28-05-2024,Regular
101511,34,Qom,24-04-2025,VIP
101512,28,Tehran,18-10-2023,Regular
101513,53,Tehran,02-09-2024,Regular
101514,33,Karaj,30-10-2023,New
101515,29,Tehran,11-07-2024,Regular
101516,62,Isfahan,11-03-2023,Regular
101517,41,Karaj,22-10-2023,Regular
101518,20,Tabriz,13-02-2025,Regular
101519,41,Tehran,01-05-2025,New
101520,40,Mashhad,25-10-2023,Regular
101521,59,Kerman,10-10-2023,Regular
101522,52,Isfahan,23-11-2023,VIP
101523,27,,02-11-2023,Regular
101524,25,Tehran,23-12-2025,VIP
101525,46,Mashhad,13-12-2024,Regular
101526,20,Kerman,27-02-2024,Regular
101527,33,Mashhad,20-05-2024,Regular
101528,24,Tehran,13-07-2024,Regular
101529,18,Shiraz,28-08-2024,Regular
101530,62,Tehran,28-02-2024,Regular
101531,22,Tehran,02-12-2025,VIP
101532,18,Kerman,14-11-2023,New
101533,62,Karaj,12-04-2024,Regular
101534,27,Tehran,07-01-2023,New
101535,57,Isfahan,22-06-2024,Regular
101536,19,Tehran,25-07-2025,New
101537,25,Tehran,28-12-2025,New
101538,23,Shiraz,02-06-2024,Regular
101539,51,Isfahan,02-06-2023,New
101540,47,Karaj,27-02-2025,New
101541,40,Rasht,02-12-2024,Regular
101542,29,Tehran,15-11-2025,New
101543,22,Rasht,07-07-2024,New
101544,45,Shiraz,04-01-2023,New
101545,29,Tehran,13-09-2025,New
101546,46,Ahvaz,09-01-2025,New
101547,50,Tehran,26-05-2025,VIP
101548,58,Shiraz,10-05-2023,Regular
101549,41,tehran,15-05-2024,Regular
101550,18,Tehran,16-05-2024,Regular
101551,31,Ahvaz,21-10-2023,New
101552,58,Tehran,16-07-2025,Regular
101553,43,Ahvaz,25-07-2023,VIP
101554,47,Tehran,20-03-2023,New
101555,39,Tehran,14-09-2023,New
101556,25,Mashhad,19-12-2025,Regular
101557,61,Ahvaz,05-05-2023,New
101558,55,Tehran,28-09-2024,New
101559,65,Ahvaz,20-07-2023,Regular
101560,59,Tehran,08-03-2024,Regular
101561,31,Isfahan,27-08-2024,New
101562,30,Mashhad,22-01-2023,Regular
101563,29,Tehran,22-09-2023,New
101564,62,Rasht,04-10-2024,New
101565,44,Isfahan,16-01-2023,Regular
101566,39,Karaj,25-06-2024,Regular
101567,64,Shiraz,22-10-2024,Regular
101568,46,Isfahan,24-08-2023,Regular
101569,61,Tabriz,27-06-2023,Regular
101570,65,Rasht,21-06-2024,Regular
101571,21,Karaj,25-02-2025,Regular
101572,35,,15-01-2023,Regular
101573,53,Tabriz,05-01-2024,Regular
101574,57,Tabriz,30-12-2025,New
101575,25,Isfahan,03-01-2024,Regular
101576,33,Tabriz,30-12-2023,New
101577,44,Isfahan,18-03-2025,Regular
101578,56,Karaj,09-06-2024,Regular
101579,23,Kerman,04-03-2024,Regular
101580,46,Kerman,09-05-2025,New
101581,32,Qom,03-02-2023,Regular
101582,28,Tabriz,19-02-2025,Regular
101583,42,Karaj,21-02-2024,VIP
101584,37,Tehran,30-08-2025,Regular
101585,48,Isfahan,04-03-2025,New
101586,33,Tehran,27-10-2025,Regular
101587,57,Tehran,21-05-2023,Regular
101588,21,Kerman,27-07-2023,New
101589,59,tehran,15-09-2025,Regular
101590,19,Shiraz,03-03-2024,Regular
101591,53,Tehran,12-06-2025,Regular
101592,34,Karaj,22-01-2025,Regular
101593,36,Isfahan,01-07-2024,New
101594,18,Qom,19-02-2023,Regular
101595,51,Kerman,22-03-2023,Regular
101596,25,Mashhad,24-02-2025,New
101597,49,Tehran,17-04-2023,Regular
101598,52,Tehran,06-01-2023,Regular
101599,58,Tehran,29-08-2023,Regular
101600,51,Mashhad,27-09-2025,Regular
101601,32,Tehran,17-11-2024,Regular
101602,,Tehran,25-02-2025,Regular
101603,57,Mashad,15-12-2024,Regular
101604,33,Tehran,11-09-2024,Regular
101605,23,Karaj,08-10-2023,Regular
101606,60,Tehran,14-04-2024,Regular
101607,25,Ahvaz,19-08-2024,Regular
101608,46,Tehran,17-12-2025,VIP
101609,29,Tehran,11-09-2025,Regular
101610,24,Tehran,17-03-2025,Regular
101611,55,Karaj,09-06-2025,New
101612,24,Tehran,02-06-2025,New
101613,50,Isfahan,01-01-2025,Regular
101614,51,Tehran,22-06-2025,New
101615,20,Kerman,22-03-2023,Regular
101616,26,Tehran,24-01-2023,New
101617,56,Isfahan,01-05-2024,New
101618,42,Ahvaz,01-03-2023,Regular
101619,23,Tehran,07-01-2024,Regular
101620,65,Tehran,06-08-2023,New
101621,30,Qom,14-11-2025,Regular
101622,18,Tehran,18-12-2024,New
101623,62,Tehran,15-02-2023,New
101624,18,Isfahan,14-11-2024,VIP
101625,44,Tehran,13-03-2025,VIP
101626,65,Rasht,23-12-2023,Regular
101627,45,Tabriz,24-08-2025,Regular
101628,46,Shiraz,01-12-2025,Regular
101629,36,Tehran,09-12-2025,Regular
101630,24,Karaj,12-04-2023,New
101631,45,Tabriz,06-05-2024,New
101632,61,Tehran,30-04-2025,New
101633,22,Ahvaz,29-04-2024,Regular
101634,60,Shiraz,10-06-2024,Regular
101635,37,Qom,26-12-2023,New
101636,43,Tehran,03-04-2024,New
101637,25,Tehran,30-01-2025,New
101638,47,Karaj,28-01-2023,Regular
101639,26,Qom,25-05-2025,Regular
101640,31,Mashhad,07-03-2025,Regular
101641,52,Tehran,01-06-2023,Regular
101642,20,Qom,24-04-2025,New
101643,39,Tehran,24-07-2024,Regular
101644,46,Mashhad,16-12-2023,Regular
101645,24,Tabriz,13-05-2024,New
101646,32,Tehran,20-07-2024,Regular
101647,34,Tehran,19-08-2023,Regular
101648,49,Tehran,26-10-2024,New
101649,64,Rasht,20-11-2024,Regular
101650,58,Mashhad,07-02-2024,Regular
101651,,Tabriz,19-05-2024,Regular
101652,18,tehran,05-11-2024,Regular
101653,20,Tabriz,05-07-2024,New
101654,46,Shiraz,20-04-2024,Regular
101655,25,Shiraz,13-11-2025,New
101656,29,Mashhad,19-08-2025,New
101657,58,Shiraz,20-02-2024,New
101658,,Kerman,25-02-2025,Regular
101659,58,Qom,06-06-2025,Regular
101660,30,Isfahan,01-05-2023,Regular
101661,47,Mashhad,10-10-2024,Regular
101662,47,Ahvaz,25-05-2025,VIP
101663,26,,04-03-2023,Regular
101664,44,Ahvaz,05-01-2024,Regular
101665,,Tehran,23-05-2025,New
101666,37,Karaj,21-10-2025,New
101667,54,Qom,22-12-2025,Regular
101668,50,Isfahan,22-10-2024,Regular
101669,43,Tehran,16-02-2023,New
101670,52,Ahvaz,31-01-2023,Regular
101671,54,Mashhad,07-06-2025,Regular
101672,45,Mashhad,15-03-2025,Regular
101673,30,Shiraz,01-08-2023,New
101674,54,Isfahan,24-05-2023,New
101675,52,Karaj,09-06-2023,New
101676,65,Tehran,18-08-2025,Regular
101677,25,Isfahan,17-04-2025,Regular
101678,38,Rasht,04-11-2025,New
101679,62,Tehran,05-05-2023,New
101680,42,Isfahan,31-01-2025,Regular
101681,63,Tabriz,08-10-2025,New
101682,18,Ahvaz,06-08-2024,Regular
101683,19,Shiraz,27-04-2025,Regular
101684,56,Qom,21-10-2024,Regular
101685,35,Tehran,08-01-2023,New
101686,,Mashhad,14-04-2024,VIP
101687,,Rasht,14-10-2023,Regular
101688,37,Ahvaz,02-04-2023,Regular
101689,63,Shiraz,14-10-2024,VIP
101690,22,Isfahan,14-10-2025,Regular
101691,55,Isfahan,01-03-2023,New
101692,60,Tehran,27-12-2023,Regular
101693,49,Rasht,03-01-2025,Regular
101694,36,Qom,09-12-2023,Regular
101695,25,Isfahan,08-05-2023,Regular
101696,50,Tehran,29-07-2023,Regular
101697,40,Mashhad,27-01-2023,New
101698,25,Tehran,22-12-2025,New
101699,35,Karaj,22-06-2024,Regular
101700,64,,29-10-2025,Regular
101701,30,Tehran,20-01-2025,New
101702,26,Tabriz,18-01-2024,Regular
101703,50,Kerman,28-10-2025,Regular
101704,27,Tehran,12-10-2023,Regular
101705,62,Isfahan,17-07-2023,New
101706,59,Isfahan,31-05-2025,New
101707,65,Tehran,28-08-2024,Regular
101708,61,Shiraz,07-04-2024,Regular
101709,29,Tabriz,06-10-2024,New
101710,28,Tehran,25-11-2025,Regular
101711,34,Tehran,03-11-2023,Regular
101712,40,Ahvaz,13-09-2025,Regular
101713,60,Mashhad,24-09-2025,Regular
101714,53,Tabriz,11-04-2025,Regular
101715,48,Tabriz,22-06-2023,Regular
101716,60,Ahvaz,09-04-2023,Regular
101717,49,Karaj,12-05-2023,New
101718,36,Ahvaz,07-02-2025,Regular
101719,37,Tabriz,13-03-2024,Regular
101720,42,Isfahan,17-12-2025,Regular
101721,22,Mashhad,07-01-2023,Regular
101722,53,Mashhad,13-02-2024,Regular
101723,49,Isfahan,17-10-2023,New
101724,53,Tehran,23-08-2025,VIP
101725,43,Isfahan,13-05-2023,New
101726,55,Mashhad,22-03-2024,New
101727,63,Tehran,07-08-2025,Regular
101728,45,Tehran,29-11-2025,VIP
101729,39,Karaj,30-09-2025,Regular
101730,23,Shiraz,16-12-2024,Regular
101731,55,Qom,28-06-2023,Regular
101732,61,Shiraz,16-04-2023,Regular
101733,51,Ahvaz,26-03-2024,Regular
101734,59,Qom,08-06-2024,New
101735,59,Tehran,16-07-2024,Regular
101736,56,Kerman,24-02-2023,Regular
101737,42,Tehran,09-01-2025,New
101738,22,Shiraz,08-03-2024,New
101739,18,Qom,30-04-2023,New
101740,27,Mashhad,29-09-2025,VIP
101741,38,Shiraz,26-01-2024,Regular
101742,53,Mashhad,12-09-2023,Regular
101743,39,Tehran,23-06-2024,New
101744,19,Tehran,06-11-2025,Regular
101745,28,Tehran,22-06-2025,Regular
101746,65,Tehran,20-04-2023,VIP
101747,65,Tabriz,21-01-2025,Regular
101748,36,Shiraz,28-12-2024,Regular
101749,56,Isfahan,28-08-2025,Regular
101750,52,Karaj,23-11-2025,Regular
101751,62,Tehran,27-03-2025,VIP
101752,60,Tehran,17-12-2024,Regular
101753,48,Karaj,23-01-2024,Regular
101754,36,Rasht,11-09-2025,New
101755,48,Isfahan,29-10-2025,Regular
101756,33,Tehran,21-12-2025,VIP
101757,34,Qom,11-11-2025,Regular
101758,47,Ahvaz,03-12-2024,Regular
101759,45,Isfahan,13-11-2025,Regular
101760,45,Tehran,06-05-2025,Regular
101761,36,Tehran,21-09-2023,New
101762,37,Shiraz,05-02-2023,VIP
101763,18,Rasht,09-12-2025,New
101764,,Tabriz,12-04-2024,New
101765,45,Mashhad,14-08-2025,Regular
101766,62,Tabriz,12-11-2023,Regular
101767,42,Ahvaz,30-01-2024,Regular
101768,40,Isfahan,21-06-2025,New
101769,21,Qom,29-07-2024,VIP
101770,,Mashhad,11-01-2025,Regular
101771,34,Mashhad,17-12-2023,VIP
101772,36,Shiraz,03-11-2024,New
101773,,Isfahan,17-06-2024,Regular
101774,,Kerman,17-10-2025,New
101775,54,Shiraz,22-06-2024,Regular
101776,24,Mashhad,08-04-2023,New
101777,33,Mashhad,17-03-2025,New
101778,25,Shiraz,10-11-2025,Regular
101779,32,Mashhad,24-08-2025,Regular
101780,50,Karaj,21-04-2023,Regular
101781,20,Mashhad,29-12-2025,Regular
101782,34,Mashhad,15-01-2024,Regular
101783,19,Tabriz,02-07-2025,Regular
101784,63,Tehran,21-11-2024,Regular
101785,52,Tabriz,01-12-2025,Regular
101786,29,Isfahan,09-01-2024,Regular
101787,27,Isfahan,27-10-2024,New
101788,22,Karaj,17-01-2025,Regular
101789,40,Karaj,19-06-2023,Regular
101790,54,Ahvaz,29-04-2025,VIP
101791,46,Mashhad,07-06-2023,Regular
101792,60,Mashhad,26-06-2025,Regular
101793,34,Karaj,19-05-2023,Regular
101794,31,Shiraz,16-07-2023,VIP
101795,40,Tabriz,25-06-2024,Regular
101796,27,Shiraz,19-07-2023,New
101797,64,Karaj,25-03-2023,Regular
101798,26,Tehran,27-02-2023,Regular
101799,40,Shiraz,10-11-2023,New
101800,43,Tehran,21-06-2024,New
101801,20,Mashhad,18-02-2023,Regular
101802,40,Tabriz,31-05-2023,Regular
101803,39,Isfahan,31-10-2024,Regular
101804,30,Mashhad,15-12-2023,New
101805,24,Ahvaz,09-04-2025,New
101806,20,Karaj,09-07-2025,Regular
101807,18,Shiraz,03-02-2023,New
101808,41,Kerman,04-11-2025,Regular
101809,22,Isfahan,18-01-2025,Regular
101810,64,Qom,19-06-2025,New
101811,29,Tehran,07-06-2024,Regular
101812,49,Mashhad,01-01-2023,New
101813,50,Mashhad,27-08-2025,Regular
101814,41,Tehran,13-09-2024,Regular
101815,60,Isfahan,10-02-2023,Regular
101816,23,Tehran,02-07-2023,Regular
101817,29,Tabriz,14-08-2023,New
101818,30,Tehran,16-02-2024,Regular
101819,24,Tehran,29-04-2024,New
101820,32,Kerman,13-04-2024,VIP
101821,33,Tabriz,08-08-2025,New
101822,54,Rasht,29-10-2025,Regular
101823,32,Isfahan,13-01-2025,New
101824,60,Tehran,24-11-2024,Regular
101825,55,Shiraz,04-08-2025,New
101826,61,Shiraz,21-10-2023,New
101827,23,Tehran,03-09-2024,New
101828,65,Ahvaz,04-12-2024,New
101829,47,Tabriz,09-11-2023,Regular
101830,65,Karaj,08-11-2025,Regular
101831,35,Isfahan,15-09-2023,New
101832,63,Tabriz,06-03-2023,VIP
101833,46,Tehran,21-12-2023,Regular
101834,21,Kerman,12-06-2025,New
101835,37,Mashhad,15-02-2024,Regular
101836,24,Tehran,26-08-2023,Regular
101837,63,Tehran,13-08-2025,Regular
101838,32,Tabriz,17-06-2023,Regular
101839,28,Kerman,23-06-2023,Regular
101840,44,Rasht,11-09-2025,VIP
101841,38,Karaj,18-12-2023,Regular
101842,22,Kerman,03-01-2023,VIP
101843,57,Karaj,19-04-2024,Regular
101844,58,Mashhad,22-03-2025,Regular
101845,53,Tabriz,08-04-2025,Regular
101846,47,Tehran,06-04-2023,Regular
101847,37,Tehran,05-11-2023,New
101848,44,Isfahan,07-11-2024,New
101849,43,Tehran,23-12-2024,New
101850,25,Kerman,10-11-2024,New
101851,21,Kerman,06-01-2024,VIP
101852,30,Mashhad,02-08-2025,Regular
101853,39,Karaj,27-03-2023,New
101854,25,Mashhad,19-06-2025,Regular
101855,23,Tehran,26-10-2025,New
101856,58,Mashhad,20-01-2025,Regular
101857,35,Tehran,15-04-2024,VIP
101858,,Mashhad,21-02-2024,New
101859,43,Tehran,22-04-2024,Regular
101860,53,Tehran,02-07-2023,VIP
101861,53,Tehran,01-09-2023,Regular
101862,32,Rasht,27-11-2024,Regular
101863,58,Tehran,25-08-2024,Regular
101864,35,Mashhad,28-06-2024,New
101865,58,tehran,03-06-2024,Regular
101866,37,Mashhad,27-03-2023,New
101867,23,Shiraz,08-08-2025,Regular
101868,54,Tehran,12-11-2025,Regular
101869,19,Tabriz,26-09-2023,New
101870,55,Shiraz,11-12-2023,Regular
101871,20,Karaj,21-11-2024,Regular
101872,27,Shiraz,03-01-2023,VIP
101873,46,Isfahan,22-04-2023,Regular
101874,63,,14-09-2025,Regular
101875,37,Tehran,08-07-2023,New
101876,23,Isfahan,23-09-2024,VIP
101877,29,Tehran,24-08-2025,Regular
101878,61,Mashhad,13-03-2025,New
101879,52,Tabriz,25-10-2023,Regular
101880,22,Tehran,17-06-2023,Regular
101881,36,tehran,25-02-2025,Regular
101882,30,Tabriz,19-03-2024,New
101883,26,Mashhad,25-11-2025,Regular
101884,58,Qom,07-12-2024,Regular
101885,47,Rasht,13-01-2023,New
101886,26,Kerman,02-10-2023,New
101887,49,Isfahan,26-03-2025,Regular
101888,37,Tehran,07-02-2025,Regular
101889,20,Tabriz,23-03-2025,Regular
101890,39,Tabriz,13-09-2023,Regular
101891,26,Tabriz,30-09-2023,New
101892,29,Mashhad,17-08-2023,Regular
101893,60,Tehran,31-01-2025,Regular
101894,52,Tehran,13-01-2023,New
101895,24,Tehran,10-06-2025,VIP
101896,58,Tehran,05-11-2023,Regular
101897,45,Rasht,18-06-2024,New
101898,59,Tehran,28-09-2023,VIP
101899,53,Tabriz,10-04-2024,VIP
101900,34,Rasht,16-04-2025,Regular
101901,43,Mashhad,06-08-2023,New
101902,43,Shiraz,15-09-2024,New
101903,52,Karaj,04-03-2023,Regular
101904,29,Mashhad,14-07-2023,VIP
101905,33,Isfahan,19-01-2025,New
101906,29,Qom,14-09-2024,Regular
101907,32,Karaj,31-10-2024,New
101908,25,Qom,04-09-2023,Regular
101909,19,Kerman,14-08-2023,Regular
101910,63,Mashhad,10-04-2024,New
101911,21,Karaj,22-05-2023,Regular
101912,60,Tabriz,30-08-2025,Regular
101913,18,Tabriz,21-10-2023,Regular
101914,55,Karaj,26-02-2025,Regular
101915,33,Karaj,21-06-2023,New
101916,42,Ahvaz,13-12-2024,New
101917,31,Mashhad,12-08-2023,Regular
101918,41,Tabriz,05-11-2023,Regular
101919,39,Mashhad,27-03-2024,New
101920,43,Shiraz,17-05-2023,VIP
101921,36,Karaj,17-05-2023,New
101922,43,Qom,04-04-2025,New
101923,57,Isfahan,14-01-2024,Regular
101924,38,Isfahan,13-09-2024,VIP
101925,35,Mashhad,08-12-2024,Regular
101926,24,Tehran,12-11-2024,New
101927,35,Tehran,18-11-2024,Regular
101928,24,Rasht,03-12-2025,New
101929,26,Mashhad,21-11-2024,Regular
101930,63,Kerman,17-01-2024,Regular
101931,22,Tehran,08-11-2023,Regular
101932,41,Karaj,26-05-2025,Regular
101933,58,Shiraz,06-04-2024,Regular
101934,63,Karaj,04-09-2024,New
101935,25,Tabriz,11-06-2025,New
101936,25,Karaj,15-09-2023,Regular
101937,35,Rasht,01-09-2023,New
101938,44,Shiraz,27-02-2023,New
101939,,Tehran,21-03-2023,New
101940,27,Tehran,05-11-2024,Regular
101941,25,Karaj,05-07-2024,Regular
101942,30,Isfahan,22-11-2023,Regular
101943,59,Shiraz,20-08-2023,Regular
101944,19,Shiraz,31-01-2025,Regular
101945,36,Mashhad,04-04-2023,New
101946,,Karaj,06-02-2025,Regular
101947,25,Karaj,17-09-2025,VIP
101948,62,Karaj,13-05-2024,Regular
101949,18,Karaj,25-06-2024,Regular
101950,33,Rasht,10-08-2024,Regular
101951,61,Shiraz,15-04-2023,New
101952,47,,17-11-2024,New
101953,21,Tehran,04-02-2024,VIP
101954,40,Tabriz,28-05-2024,New
101955,64,Karaj,26-01-2023,New
101956,37,Isfahan,18-08-2025,Regular
101957,43,Mashhad,01-01-2024,Regular
101958,43,Shiraz,25-03-2023,Regular
101959,49,Mashhad,06-05-2025,New
101960,26,Rasht,08-12-2025,Regular
101961,58,Mashhad,23-07-2024,New
101962,65,Tehran,06-02-2023,VIP
101963,24,Shiraz,21-12-2025,New
101964,57,Mashhad,16-08-2023,New
101965,57,Tehran,21-09-2023,Regular
101966,53,Shiraz,14-02-2025,New
101967,35,Shiraz,30-12-2023,Regular
101968,40,Tehran,04-04-2023,New
101969,58,Shiraz,17-01-2025,Regular
101970,25,Shiraz,15-10-2023,New
101971,57,Karaj,01-08-2025,Regular
101972,62,Mashhad,18-06-2023,New
101973,50,Tehran,19-09-2025,New
101974,34,Kerman,03-03-2025,New
101975,44,Shiraz,20-09-2023,Regular
101976,20,Tehran,25-09-2024,Regular
101977,62,Qom,24-10-2025,New
101978,34,Mashad,12-03-2023,New
101979,20,Qom,16-06-2025,New
101980,56,Karaj,18-05-2024,New
101981,49,Kerman,05-11-2025,Regular
101982,47,Kerman,17-08-2023,Regular
101983,20,Tehran,26-02-2025,VIP
101984,54,Karaj,25-11-2025,Regular
101985,48,Mashhad,12-01-2024,New
101986,56,Tabriz,29-04-2023,New
101987,57,Shiraz,05-03-2024,New
101988,28,Tehran,16-10-2024,New
101989,28,Tehran,20-11-2024,Regular
101990,62,Tehran,11-06-2024,New
101991,43,,18-10-2025,New
101992,39,Tehran,25-09-2024,New
101993,31,Rasht,02-12-2024,Regular
101994,48,,13-11-2025,New
101995,54,Qom,25-10-2025,VIP
101996,18,Ahvaz,09-01-2024,Regular
101997,44,Karaj,10-11-2023,New
101998,65,Mashhad,30-03-2025,Regular
101999,31,Ahvaz,29-07-2024,Regular
102000,31,Karaj,04-05-2024,Regular
102001,60,Karaj,03-02-2025,Regular
102002,20,Rasht,24-12-2024,New
102003,37,Shiraz,27-09-2025,New
102004,39,Shiraz,05-02-2024,New
102005,56,Rasht,05-04-2025,Regular
102006,24,Isfahan,06-09-2023,Regular
102007,38,Qom,23-10-2025,Regular
102008,25,Tehran,02-04-2023,VIP
102009,,Tehran,01-04-2025,Regular
102010,48,Shiraz,22-04-2023,Regular
102011,41,Tehran,21-08-2025,Regular
102012,36,Kerman,16-11-2025,Regular
102013,25,Tehran,14-06-2025,Regular
102014,62,Karaj,13-05-2025,New
102015,49,Tehran,07-06-2024,New
102016,33,Kerman,26-09-2023,Regular
102017,37,Mashhad,15-12-2025,New
102018,52,Tehran,02-08-2024,New
102019,52,Tehran,13-06-2025,Regular
102020,40,Shiraz,21-02-2025,Regular
102021,32,Kerman,06-02-2025,New
102022,49,Kerman,22-01-2024,New
102023,49,Mashhad,12-04-2024,VIP
102024,46,Isfahan,26-04-2024,VIP
102025,21,Tehran,21-10-2024,Regular
102026,40,Shiraz,25-02-2025,New
102027,47,Shiraz,06-08-2023,Regular
102028,63,Tehran,07-09-2023,New
102029,43,Tabriz,22-02-2023,Regular
102030,34,Rasht,30-07-2024,Regular
102031,44,Tehran,02-01-2025,Regular
102032,26,Tehran,19-08-2023,Regular
102033,22,Tehran,18-02-2025,Regular
102034,50,Tehran,04-01-2023,Regular
102035,65,Tehran,06-08-2025,Regular
102036,58,Tabriz,25-01-2025,Regular
102037,46,Tehran,18-01-2025,Regular
102038,19,Karaj,13-02-2025,Regular
102039,65,Ahvaz,28-01-2024,Regular
102040,39,Rasht,26-12-2025,VIP
102041,31,Tabriz,28-03-2025,Regular
102042,60,Tehran,18-07-2023,New
102043,53,Tehran,07-10-2025,New
102044,53,Tehran,20-03-2025,New
102045,31,Kerman,07-12-2023,Regular
102046,65,Kerman,04-11-2025,New
102047,39,Mashhad,29-09-2023,New
102048,43,Mashhad,06-12-2024,New
102049,54,Shiraz,03-01-2025,Regular
102050,49,Mashhad,20-11-2025,VIP
102051,26,Kerman,16-09-2024,Regular
102052,32,Tehran,24-12-2025,New
102053,35,Mashhad,08-11-2023,Regular
102054,63,Isfahan,27-05-2025,New
102055,52,Tehran,26-09-2023,VIP
102056,35,Mashhad,30-12-2025,New
102057,53,Ahvaz,16-04-2025,VIP
102058,53,,16-11-2024,Regular
102059,36,Shiraz,14-03-2023,Regular
102060,37,Mashhad,28-06-2024,Regular
102061,60,Tehran,07-06-2023,New
102062,44,Tehran,01-10-2025,New
102063,25,Tehran,20-02-2024,Regular
102064,52,Tehran,28-06-2025,New
102065,46,Mashhad,19-09-2025,Regular
102066,42,Qom,01-05-2023,Regular
102067,52,Karaj,11-04-2025,Regular
102068,61,Rasht,28-11-2023,Regular
102069,33,Isfahan,30-04-2023,New
102070,38,Karaj,13-10-2023,New
102071,27,Tabriz,25-08-2024,Regular
102072,49,Tehran,25-07-2025,New
102073,37,Mashhad,27-01-2025,Regular
102074,34,Shiraz,13-09-2023,Regular
102075,51,Qom,21-11-2023,Regular
102076,37,Isfahan,29-11-2023,Regular
102077,40,Tehran,16-03-2025,Regular
102078,39,Kerman,22-07-2024,Regular
102079,30,Tehran,27-01-2023,VIP
102080,24,Kerman,25-03-2023,Regular
102081,57,Qom,24-03-2023,Regular
102082,22,Ahvaz,18-11-2025,New
102083,33,Qom,06-07-2024,Regular
102084,50,Tehran,21-06-2024,New
102085,24,Tabriz,13-04-2025,Regular
102086,49,Karaj,28-07-2023,Regular
102087,53,Karaj,04-02-2023,New
102088,49,Tehran,24-10-2023,New
102089,32,Tehran,17-08-2023,New
102090,18,Mashhad,23-05-2025,Regular
102091,60,Isfahan,15-06-2025,Regular
102092,33,tehran,25-11-2024,VIP
102093,56,Ahvaz,23-09-2025,Regular
102094,27,Karaj,23-05-2024,Regular
102095,25,Tabriz,21-09-2023,Regular
102096,55,Tehran,30-12-2023,Regular
102097,63,Isfahan,05-06-2023,New
102098,59,Mashhad,13-09-2025,VIP
102099,,Tehran,23-10-2024,VIP
102100,29,Tehran,25-04-2025,New
102101,,Mashhad,05-11-2023,Regular
102102,50,Tehran,25-02-2025,New
102103,26,Shiraz,28-12-2023,VIP
102104,24,Tehran,03-05-2024,Regular
102105,59,Tehran,14-12-2024,New
102106,31,Tehran,10-12-2025,Regular
102107,54,Tabriz,03-09-2024,Regular
102108,24,Shiraz,16-02-2025,New
102109,31,Mashhad,13-10-2024,Regular
102110,31,Tehran,08-04-2024,Regular
102111,31,Kerman,18-10-2025,Regular
102112,50,Shiraz,17-11-2025,Regular
102113,61,Tabriz,06-12-2023,New
102114,61,Shiraz,07-09-2025,New
102115,53,Qom,09-05-2024,Regular
102116,27,Rasht,21-03-2025,New
102117,64,Mashhad,20-07-2024,Regular
102118,44,Karaj,19-04-2025,VIP
102119,44,Tehran,12-08-2025,Regular
102120,51,Tabriz,08-04-2024,Regular
102121,54,Mashhad,06-02-2025,Regular
102122,63,Tehran,09-07-2024,Regular
102123,45,Kerman,24-05-2025,Regular
102124,47,Ahvaz,29-07-2023,New
102125,53,Mashhad,09-03-2025,Regular
102126,30,Kerman,13-10-2024,New
102127,32,Mashhad,09-05-2024,New
102128,48,Isfahan,10-02-2024,New
102129,21,Ahvaz,07-02-2025,Regular
102130,33,Mashhad,16-01-2024,Regular
102131,52,Isfahan,06-02-2023,VIP
102132,64,Tabriz,04-11-2025,Regular
102133,42,Tehran,05-05-2024,Regular
102134,37,Isfahan,30-06-2023,New
102135,39,Mashhad,05-09-2023,New
102136,50,Tabriz,27-06-2025,New
102137,44,Tehran,30-12-2023,VIP
102138,19,Tehran,05-11-2023,New
102139,43,Karaj,17-06-2024,Regular
102140,37,Tehran,01-02-2023,New
102141,51,Isfahan,05-09-2024,Regular
102142,60,Karaj,14-02-2023,Regular
102143,64,Karaj,03-07-2025,VIP
102144,47,Tehran,14-04-2024,New
102145,35,Ahvaz,27-08-2023,VIP
102146,39,Karaj,12-05-2024,New
102147,26,Mashhad,12-07-2023,Regular
102148,62,Karaj,17-12-2023,New
102149,58,Karaj,24-05-2023,Regular
102150,58,Tabriz,02-01-2025,Regular
102151,33,Shiraz,04-12-2025,Regular
102152,33,Karaj,15-06-2024,Regular
102153,59,Kerman,18-04-2023,New
102154,44,Shiraz,23-03-2023,Regular
102155,51,Qom,30-06-2025,New
102156,41,Karaj,17-01-2024,New
102157,39,Ahvaz,21-11-2023,New
102158,48,Kerman,22-04-2023,New
102159,57,Tehran,27-12-2024,New
102160,34,Tehran,10-03-2023,Regular
102161,56,Shiraz,17-09-2025,New
102162,29,Isfahan,17-08-2023,Regular
102163,37,Shiraz,17-03-2023,New
102164,61,Qom,06-02-2025,Regular
102165,63,Rasht,23-01-2024,New
102166,62,Isfahan,01-02-2025,New
102167,33,Karaj,13-02-2023,Regular
102168,58,Tehran,01-08-2025,VIP
102169,62,Shiraz,06-12-2023,VIP
102170,64,Tehran,08-04-2025,Regular
102171,19,Isfahan,21-10-2025,VIP
102172,53,Shiraz,09-08-2024,Regular
102173,65,Karaj,01-01-2024,VIP
102174,54,Tabriz,09-12-2023,New
102175,29,Mashhad,21-01-2025,New
102176,54,Tehran,07-01-2023,New
102177,23,Tehran,10-06-2023,Regular
102178,41,Kerman,09-12-2024,New
102179,48,Rasht,29-01-2023,New
102180,39,Mashhad,14-11-2023,Regular
102181,51,Tehran,10-12-2024,VIP
102182,29,Isfahan,01-10-2023,Regular
102183,47,Karaj,16-10-2025,Regular
102184,48,Mashhad,03-12-2025,New
102185,48,Tehran,06-02-2023,VIP
102186,31,Mashhad,10-07-2023,New
102187,32,Tehran,20-09-2025,New
102188,30,Mashhad,05-02-2023,Regular
102189,40,Tehran,16-06-2024,New
102190,46,Tabriz,05-11-2025,Regular
102191,35,Shiraz,06-10-2024,Regular
102192,37,Tehran,02-12-2023,New
102193,31,Shiraz,07-01-2023,New
102194,28,Isfahan,06-03-2024,New
102195,49,Qom,16-08-2024,New
102196,57,Kerman,30-03-2023,VIP
102197,31,Tehran,01-08-2024,Regular
102198,,Ahvaz,18-03-2024,New
102199,45,Karaj,23-12-2023,New
102200,26,Mashad,30-11-2025,Regular
102201,35,Mashhad,05-09-2025,Regular
102202,18,Mashhad,29-01-2025,VIP
102203,19,Tehran,08-10-2024,New
102204,34,Kerman,02-06-2024,Regular
102205,39,Tabriz,19-03-2023,New
102206,56,Mashhad,03-12-2023,Regular
102207,24,Shiraz,12-01-2023,Regular
102208,58,Tehran,05-02-2024,Regular
102209,29,Tehran,02-06-2024,New
102210,24,Tabriz,31-10-2024,Regular
102211,51,Shiraz,24-01-2024,New
102212,55,Qom,06-10-2023,Regular
102213,47,Tabriz,16-02-2025,New
102214,23,Tabriz,16-06-2023,Regular
102215,23,Qom,18-05-2023,New
102216,36,Tehran,01-02-2025,Regular
102217,39,Karaj,03-10-2024,Regular
102218,65,Mashad,10-08-2025,Regular
102219,31,Tehran,20-03-2025,New
102220,27,Tehran,14-09-2025,New
102221,63,Tehran,28-12-2024,New
102222,25,Tehran,10-07-2025,Regular
102223,19,Shiraz,05-07-2023,New
102224,38,Tehran,04-08-2024,New
102225,37,Tabriz,31-10-2025,New
102226,47,Tehran,13-05-2025,New
102227,60,Tehran,17-03-2024,New
102228,62,Mashhad,11-10-2025,Regular
102229,31,Tehran,09-12-2023,New
102230,65,Kerman,26-01-2023,VIP
102231,48,Mashhad,22-05-2025,Regular
102232,21,Tehran,27-03-2024,Regular
102233,63,Tehran,07-02-2023,Regular
102234,24,Mashhad,12-08-2023,Regular
102235,46,Tabriz,20-03-2023,Regular
102236,55,Qom,27-12-2025,New
102237,29,Mashhad,17-07-2025,Regular
102238,30,Tabriz,14-10-2025,New
102239,40,Isfahan,19-07-2023,Regular
102240,60,Ahvaz,28-05-2025,New
102241,28,Shiraz,09-09-2024,Regular
102242,49,Mashhad,20-11-2023,Regular
102243,39,Karaj,02-01-2025,New
102244,23,Qom,08-11-2025,New
102245,52,Isfahan,19-05-2024,Regular
102246,57,Kerman,02-02-2023,New
102247,45,Ahvaz,11-07-2025,New
102248,26,Tehran,25-07-2023,New
102249,25,Qom,19-07-2023,VIP
102250,38,Tabriz,06-11-2024,Regular
102251,42,Shiraz,24-05-2025,Regular
102252,44,Shiraz,18-05-2025,Regular
102253,29,Ahvaz,08-08-2025,Regular
102254,42,Tabriz,25-08-2025,Regular
102255,32,Shiraz,21-05-2023,Regular
102256,50,Tehran,26-11-2023,Regular
102257,56,Isfahan,27-02-2025,Regular
102258,49,Rasht,03-03-2024,New
102259,18,Karaj,23-02-2025,New
102260,65,Tehran,13-05-2024,New
102261,19,Ahvaz,09-05-2024,Regular
102262,65,Qom,30-01-2023,VIP
102263,19,Shiraz,28-10-2024,Regular
102264,42,Tehran,04-08-2025,Regular
102265,23,Shiraz,15-06-2025,Regular
102266,22,Tehran,06-01-2024,VIP
102267,50,Mashhad,11-01-2025,Regular
102268,52,Tabriz,07-08-2023,New
102269,23,Rasht,24-11-2024,Regular
102270,64,Mashhad,24-03-2024,Regular
102271,33,Ahvaz,11-10-2025,New
102272,33,Rasht,17-02-2025,New
102273,32,Tehran,22-03-2023,New
102274,40,Tehran,11-08-2025,New
102275,26,Karaj,03-03-2025,New
102276,38,Karaj,24-08-2023,VIP
102277,28,Mashhad,06-11-2023,New
102278,20,Tabriz,09-07-2023,Regular
102279,35,Tabriz,06-12-2023,New
102280,50,Karaj,30-10-2025,VIP
102281,54,Karaj,14-09-2025,Regular
102282,34,Tehran,26-08-2024,VIP
102283,33,Tehran,01-02-2024,Regular
102284,55,Tehran,05-02-2024,Regular
102285,50,Rasht,13-11-2025,Regular
102286,57,Rasht,07-08-2023,Regular
102287,61,Qom,09-04-2025,Regular
102288,57,Tehran,25-12-2025,New
102289,62,Shiraz,25-07-2025,New
102290,37,Tehran,26-02-2025,Regular
102291,36,Mashhad,12-09-2025,New
102292,33,Tehran,27-08-2023,Regular
102293,29,Qom,13-12-2025,New
102294,53,Tehran,10-04-2023,Regular
102295,52,Tabriz,16-01-2023,New
102296,56,Kerman,07-08-2023,Regular
102297,26,Karaj,28-10-2024,Regular
102298,41,Tehran,29-09-2023,Regular
102299,28,Rasht,24-11-2024,New
102300,60,Tabriz,02-05-2023,New
102301,30,Isfahan,02-02-2025,Regular
102302,24,Tabriz,09-09-2023,New
102303,45,Ahvaz,27-07-2024,New
102304,60,Isfahan,08-05-2023,Regular
102305,61,Shiraz,28-11-2025,Regular
102306,22,Isfahan,18-02-2024,New
102307,33,Tehran,24-10-2024,New
102308,25,Qom,16-06-2024,VIP
102309,32,Tehran,13-10-2024,VIP
102310,43,Mashhad,13-05-2024,Regular
102311,31,Mashhad,22-03-2023,Regular
102312,21,Mashhad,26-06-2025,VIP
102313,42,Mashhad,04-12-2024,Regular
102314,,Tabriz,06-10-2023,Regular
102315,28,Mashhad,03-04-2023,Regular
102316,18,Tehran,29-08-2025,New
102317,22,Ahvaz,31-12-2023,Regular
102318,38,Kerman,21-09-2025,Regular
102319,58,Isfahan,18-04-2025,New
102320,55,Mashhad,16-11-2025,Regular
102321,22,Tehran,23-12-2024,Regular
102322,19,Tehran,18-07-2023,New
102323,34,Mashhad,08-02-2023,Regular
102324,49,Rasht,27-09-2023,New
102325,53,Karaj,25-04-2024,Regular
102326,57,Mashhad,14-11-2024,VIP
102327,34,Kerman,07-09-2025,Regular
102328,26,Isfahan,04-06-2023,Regular
102329,19,Tehran,26-11-2024,Regular
102330,25,Isfahan,04-04-2023,Regular
102331,21,Tehran,11-06-2024,Regular
102332,59,Ahvaz,22-03-2023,New
102333,30,Mashhad,14-02-2024,Regular
102334,57,Tabriz,25-10-2024,Regular
102335,44,Mashhad,20-03-2025,Regular
102336,43,Rasht,31-05-2025,Regular
102337,39,Tabriz,28-07-2024,Regular
102338,57,Isfahan,11-10-2023,New
102339,20,Tehran,26-09-2025,New
102340,22,Rasht,19-10-2025,Regular
102341,38,Shiraz,25-11-2025,New
102342,36,Mashhad,17-05-2025,VIP
102343,44,Ahvaz,01-05-2025,New
102344,53,Tehran,26-03-2023,Regular
102345,46,Mashhad,18-09-2024,New
102346,30,Shiraz,21-03-2024,Regular
102347,,Mashhad,11-10-2023,Regular
102348,54,Isfahan,16-03-2023,VIP
102349,27,Tehran,22-08-2023,Regular
102350,42,Tehran,29-09-2025,Regular
102351,43,Tehran,22-09-2025,New
102352,54,Tehran,24-03-2025,Regular
102353,52,Kerman,22-04-2023,New
102354,40,Shiraz,21-01-2025,Regular
102355,32,Isfahan,19-05-2023,Regular
102356,35,Mashhad,17-01-2025,New
102357,37,Karaj,06-02-2023,Regular
102358,28,Tehran,09-11-2023,New
102359,48,Tehran,15-05-2023,Regular
102360,28,Tabriz,19-10-2025,Regular
102361,49,Isfahan,14-09-2024,Regular
102362,54,Karaj,07-10-2025,Regular
102363,64,Rasht,23-01-2023,New
102364,23,Qom,20-03-2025,Regular
102365,54,Tehran,09-06-2024,Regular
102366,22,Tehran,28-05-2024,New
102367,34,Tehran,14-08-2025,Regular
102368,26,Qom,21-02-2023,New
102369,25,Rasht,30-10-2025,Regular
102370,26,Rasht,01-02-2023,Regular
102371,20,Mashhad,02-02-2024,New
102372,57,Ahvaz,01-06-2023,New
102373,20,Shiraz,26-07-2024,Regular
102374,37,Qom,14-10-2024,New
102375,51,Shiraz,04-12-2024,New
102376,65,Tehran,23-05-2025,Regular
102377,58,Tehran,02-04-2025,Regular
102378,24,Kerman,04-11-2025,Regular
102379,65,Isfahan,07-05-2024,Regular
102380,49,Mashhad,12-07-2023,Regular
102381,26,Mashhad,20-06-2023,Regular
102382,39,Mashhad,29-10-2023,New
102383,62,Rasht,22-10-2024,Regular
102384,36,Tehran,01-03-2023,Regular
102385,26,Tehran,11-11-2025,VIP
102386,60,Qom,19-12-2025,New
102387,63,Shiraz,30-06-2023,Regular
102388,64,Tehran,05-05-2025,Regular
102389,63,Tehran,14-10-2024,New
102390,59,Tehran,10-06-2024,Regular
102391,39,Tehran,15-03-2025,New
102392,27,Tehran,22-09-2024,Regular
102393,47,Tehran,21-12-2023,Regular
102394,28,Karaj,07-09-2024,New
102395,40,Ahvaz,29-05-2023,Regular
102396,49,Rasht,06-10-2023,New
102397,63,Mashhad,01-12-2025,Regular
102398,31,Mashhad,23-07-2023,Regular
102399,30,Kerman,17-10-2024,Regular
102400,53,Karaj,22-11-2023,New
102401,18,Shiraz,23-05-2024,Regular
102402,45,Tehran,28-09-2023,Regular
102403,53,Mashhad,14-09-2024,Regular
102404,44,Shiraz,02-09-2024,Regular
102405,36,Shiraz,07-11-2024,Regular
102406,57,Tehran,04-12-2023,Regular
102407,35,Kerman,25-09-2024,Regular
102408,52,Shiraz,09-03-2025,Regular
102409,40,Shiraz,27-02-2025,New
102410,19,Tehran,13-09-2024,Regular
102411,43,Karaj,24-11-2023,Regular
102412,20,Karaj,05-08-2024,Regular
102413,62,Tehran,10-08-2024,Regular
102414,46,Shiraz,07-11-2025,Regular
102415,35,Tabriz,17-02-2024,New
102416,41,Ahvaz,20-12-2023,Regular
102417,47,Tehran,01-04-2025,Regular
102418,30,Ahvaz,26-11-2024,New
102419,31,Isfahan,12-04-2024,New
102420,38,Tehran,01-01-2023,New
102421,30,tehran,10-02-2025,Regular
102422,54,Tehran,17-03-2025,Regular
102423,22,Mashhad,15-10-2025,New
102424,57,Isfahan,04-07-2024,Regular
102425,,Karaj,18-07-2024,Regular
102426,44,Tehran,17-08-2023,Regular
102427,25,Kerman,18-05-2024,Regular
102428,36,Tehran,02-01-2023,Regular
102429,54,Shiraz,02-07-2024,Regular
102430,30,Rasht,13-02-2025,Regular
102431,24,Ahvaz,10-05-2025,Regular
102432,43,Tabriz,26-12-2024,Regular
102433,25,Karaj,31-05-2025,Regular
102434,33,Tehran,29-12-2024,Regular
102435,39,Tehran,03-05-2025,Regular
102436,45,Isfahan,24-04-2024,New
102437,48,Tehran,21-10-2024,New
102438,50,Mashhad,01-12-2024,New
102439,58,Tehran,18-09-2024,New
102440,21,Rasht,17-09-2024,Regular
102441,35,Ahvaz,06-05-2025,New
102442,18,Qom,19-09-2023,Regular
102443,18,Karaj,13-12-2023,Regular
102444,28,Tehran,22-07-2024,Regular
102445,46,Tehran,07-12-2024,Regular
102446,60,Tabriz,17-07-2024,New
102447,55,Tabriz,07-08-2023,New
102448,49,,20-06-2025,Regular
102449,55,Isfahan,20-08-2024,New
102450,26,Isfahan,19-04-2024,Regular
102451,58,Tehran,19-08-2025,New
102452,60,Mashhad,22-04-2024,Regular
102453,22,Isfahan,26-06-2023,New
102454,40,Tabriz,13-12-2025,Regular
102455,57,Kerman,23-02-2024,New
102456,40,Shiraz,06-09-2025,Regular
102457,58,Karaj,19-07-2024,New
102458,62,Qom,23-09-2023,New
102459,40,Tehran,17-02-2024,New
102460,20,Tabriz,23-09-2025,VIP
102461,34,Isfahan,31-10-2025,Regular
102462,28,Shiraz,01-06-2023,Regular
102463,40,Tehran,16-12-2025,Regular
102464,46,Rasht,23-07-2025,Regular
102465,40,Kerman,10-12-2024,New
102466,27,Tehran,20-07-2023,Regular
102467,32,Tehran,04-10-2024,Regular
102468,50,Tehran,11-04-2024,New
102469,19,Qom,17-05-2023,New
102470,28,Shiraz,13-12-2025,Regular
102471,60,Tehran,22-10-2024,New
102472,22,Qom,17-04-2023,New
102473,37,Mashhad,10-01-2024,Regular
102474,27,Isfahan,08-07-2025,New
102475,23,Mashhad,29-04-2024,Regular
102476,38,Shiraz,25-06-2024,Regular
102477,43,Isfahan,06-06-2023,Regular
102478,26,Tehran,02-05-2023,Regular
102479,21,Isfahan,06-12-2025,Regular
102480,24,Rasht,08-11-2025,Regular
102481,49,Isfahan,15-04-2023,Regular
102482,59,Rasht,24-08-2024,Regular
102483,26,Shiraz,15-01-2025,Regular
102484,33,Karaj,22-08-2025,Regular
102485,34,Mashhad,04-09-2024,Regular
102486,35,Qom,09-08-2025,New
102487,29,Tehran,13-05-2023,New
102488,20,Tehran,17-01-2023,Regular
102489,43,Tehran,24-05-2024,Regular
102490,35,Tehran,18-10-2023,Regular
102491,34,Rasht,06-04-2025,Regular
102492,30,Kerman,04-01-2024,New
102493,62,Karaj,21-03-2024,Regular
102494,47,Tehran,08-08-2024,Regular
102495,38,Rasht,18-11-2025,VIP
102496,27,Karaj,20-03-2023,Regular
102497,56,Mashhad,28-08-2024,Regular
102498,60,Isfahan,01-03-2024,Regular
102499,19,Tabriz,09-02-2023,Regular
102500,62,Tehran,11-06-2025,New
102501,51,Isfahan,27-09-2025,Regular
102502,22,Karaj,09-07-2023,New
102503,54,Tehran,11-04-2025,New
102504,23,Isfahan,06-02-2025,Regular
102505,20,Shiraz,11-02-2025,Regular
102506,23,Karaj,19-05-2024,Regular
102507,40,Kerman,17-12-2023,Regular
102508,47,,19-03-2023,Regular
102509,37,Tabriz,08-02-2023,Regular
102510,23,Shiraz,14-07-2023,Regular
102511,27,Tabriz,01-08-2024,Regular
102512,58,Shiraz,04-06-2023,VIP
102513,64,Tehran,21-01-2025,Regular
102514,54,Karaj,09-11-2024,Regular
102515,22,Karaj,13-01-2024,Regular
102516,57,Shiraz,06-04-2023,New
102517,51,Ahvaz,20-07-2024,Regular
102518,43,Tabriz,20-06-2025,Regular
102519,24,Mashhad,07-03-2024,New
102520,65,Tehran,02-06-2025,Regular
102521,39,Tehran,10-11-2023,New
102522,20,Mashhad,29-03-2023,VIP
102523,28,Isfahan,12-12-2024,Regular
102524,37,Tehran,30-08-2025,New
102525,20,Tehran,25-08-2025,Regular
102526,33,Tehran,16-11-2025,Regular
102527,40,Qom,29-04-2023,Regular
102528,63,Karaj,17-02-2023,Regular
102529,22,Mashhad,15-09-2024,New
102530,45,Tehran,06-11-2025,New
102531,61,Tehran,28-12-2025,Regular
102532,56,Tehran,03-11-2023,Regular
102533,62,Mashhad,15-02-2024,Regular
102534,26,Tehran,28-12-2024,New
102535,56,Mashhad,27-09-2025,Regular
102536,64,Kerman,11-07-2023,Regular
102537,33,Isfahan,04-12-2025,Regular
102538,41,Qom,14-06-2025,New
102539,43,Tehran,16-03-2023,Regular
102540,41,Tehran,10-07-2025,VIP
102541,31,Rasht,03-12-2024,New
102542,64,Mashhad,07-12-2025,Regular
102543,63,Tabriz,18-08-2023,Regular
102544,36,Kerman,22-12-2025,New
102545,56,Shiraz,22-02-2023,New
102546,37,Mashhad,25-03-2023,Regular
102547,56,Shiraz,05-05-2024,New
102548,46,Tehran,21-12-2024,New
102549,40,Tehran,02-07-2023,Regular
102550,24,Tehran,26-10-2023,Regular
102551,49,Ahvaz,02-03-2024,Regular
102552,33,Tabriz,18-05-2023,Regular
102553,28,Mashhad,12-07-2023,Regular
102554,27,Tehran,12-06-2023,Regular
102555,65,Karaj,10-11-2025,New
102556,22,Rasht,22-10-2025,New
102557,56,Mashhad,19-11-2024,Regular
102558,59,Mashhad,18-01-2025,VIP
102559,19,Ahvaz,31-05-2023,Regular
102560,46,Rasht,25-02-2023,VIP
102561,,Rasht,17-02-2024,Regular
102562,35,Mashhad,13-12-2025,Regular
102563,50,Tehran,07-06-2024,Regular
102564,37,Isfahan,03-06-2025,New
102565,39,Mashhad,09-02-2024,Regular
102566,38,Ahvaz,05-12-2023,New
102567,56,Tehran,08-06-2025,Regular
102568,48,Tabriz,30-05-2024,New
102569,36,Rasht,12-03-2025,VIP
102570,62,Kerman,06-03-2025,Regular
102571,56,Tabriz,07-03-2025,Regular
102572,62,Rasht,10-01-2025,Regular
102573,53,Tehran,05-06-2025,New
102574,36,Mashhad,22-05-2024,Regular
102575,55,Tehran,28-11-2023,Regular
102576,33,Kerman,15-07-2024,Regular
102577,31,Rasht,22-12-2023,Regular
102578,39,Tehran,17-02-2023,Regular
102579,64,Tehran,01-02-2024,New
102580,45,Mashhad,02-07-2024,Regular
102581,36,Tehran,23-07-2024,New
102582,40,Ahvaz,08-01-2024,Regular
102583,31,Tehran,05-03-2025,VIP
102584,49,Qom,09-11-2023,Regular
102585,,Shiraz,10-12-2024,New
102586,44,Mashhad,23-10-2023,Regular
102587,35,Tehran,16-12-2025,Regular
102588,33,Kerman,11-12-2024,Regular
102589,64,Tabriz,01-09-2024,Regular
102590,34,Isfahan,15-04-2024,Regular
102591,21,,07-04-2025,New
102592,36,Rasht,11-04-2024,Regular
102593,43,Qom,29-05-2025,New
102594,22,Qom,24-06-2023,Regular
102595,32,Tabriz,17-06-2025,Regular
102596,25,Ahvaz,19-11-2025,New
102597,42,Mashhad,23-09-2023,New
102598,52,Karaj,03-09-2023,VIP
102599,64,Mashhad,11-11-2025,Regular
102600,36,Shiraz,20-03-2024,Regular
102601,59,Kerman,31-01-2025,Regular
102602,28,Kerman,28-07-2023,Regular
102603,55,Shiraz,13-04-2024,Regular
102604,45,Shiraz,08-02-2025,Regular
102605,54,Rasht,06-09-2025,New
102606,54,Kerman,22-04-2024,Regular
102607,43,Karaj,24-03-2023,New
102608,30,Tehran,28-03-2024,VIP
102609,43,Mashhad,04-12-2024,Regular
102610,57,Rasht,16-08-2025,New
102611,64,Karaj,02-07-2025,Regular
102612,62,Karaj,11-04-2025,New
102613,26,Tabriz,01-07-2023,Regular
102614,46,Isfahan,23-07-2024,Regular
102615,23,Mashhad,22-09-2024,Regular
102616,50,Qom,28-05-2024,Regular
102617,65,Mashhad,07-10-2025,Regular
102618,20,Karaj,17-11-2025,Regular
102619,49,Karaj,19-08-2023,New
102620,63,Ahvaz,13-11-2025,Regular
102621,58,Mashhad,15-07-2025,Regular
102622,36,Karaj,10-02-2025,New
102623,22,Tehran,22-02-2024,New
102624,62,Tehran,12-04-2025,New
102625,62,Isfahan,03-10-2024,New
102626,45,Tehran,11-09-2025,New
102627,64,Rasht,17-02-2025,Regular
102628,18,Rasht,21-11-2025,Regular
102629,47,Tehran,04-04-2024,Regular
102630,19,Ahvaz,01-04-2023,New
102631,62,Isfahan,22-06-2024,Regular
102632,50,Karaj,28-12-2025,Regular
102633,61,Ahvaz,18-12-2024,New
102634,45,Shiraz,08-02-2025,New
102635,21,Tehran,15-11-2024,Regular
102636,19,Tehran,11-10-2024,New
102637,34,Isfahan,09-03-2023,New
102638,53,Rasht,28-03-2024,Regular
102639,25,Shiraz,05-04-2023,Regular
102640,58,Mashhad,04-01-2024,Regular
102641,29,Tehran,27-02-2025,Regular
102642,41,tehran,30-05-2025,Regular
102643,27,Mashhad,02-09-2023,Regular
102644,,Karaj,17-12-2024,VIP
102645,39,Karaj,05-09-2023,Regular
102646,18,,08-08-2023,VIP
102647,45,Tehran,17-11-2025,Regular
102648,55,,29-10-2024,New
102649,62,Mashhad,05-08-2023,New
102650,33,Karaj,04-06-2023,New
102651,60,Qom,24-02-2023,Regular
102652,60,Tehran,28-06-2024,New
102653,65,Shiraz,21-04-2023,Regular
102654,35,Tehran,30-09-2024,Regular
102655,58,Tehran,19-04-2024,Regular
102656,45,Karaj,27-11-2024,Regular
102657,20,Qom,16-08-2023,New
102658,30,Karaj,09-06-2023,New
102659,50,Tehran,21-04-2023,Regular
102660,25,Shiraz,15-04-2023,Regular
102661,38,Isfahan,21-03-2023,Regular
102662,55,Kerman,11-10-2023,Regular
102663,25,Tabriz,26-05-2025,Regular
102664,41,Rasht,26-10-2024,Regular
102665,28,Tehran,02-10-2023,New
102666,43,Isfahan,17-10-2025,Regular
102667,29,Karaj,13-04-2025,Regular
102668,64,Mashhad,03-05-2025,Regular
102669,21,Tabriz,10-09-2025,Regular
102670,64,Shiraz,27-03-2025,Regular
102671,56,Kerman,13-11-2025,New
102672,59,Tehran,28-12-2023,Regular
102673,58,Rasht,26-07-2025,New
102674,27,Mashhad,03-05-2023,Regular
102675,62,Isfahan,25-11-2023,New
102676,46,Shiraz,03-09-2025,New
102677,64,Tehran,27-05-2023,Regular
102678,60,Kerman,02-07-2024,Regular
102679,45,Rasht,08-01-2024,Regular
102680,35,Kerman,21-04-2023,Regular
102681,23,Kerman,16-09-2023,Regular
102682,22,Tabriz,08-08-2024,Regular
102683,36,Isfahan,21-11-2024,Regular
102684,56,Ahvaz,09-01-2025,New
102685,42,Tehran,24-05-2023,Regular
102686,41,Ahvaz,17-12-2023,Regular
102687,29,Isfahan,25-04-2023,Regular
102688,45,Tabriz,11-01-2023,VIP
102689,48,Mashhad,03-03-2024,New
102690,65,Mashhad,11-11-2024,Regular
102691,53,Tehran,11-02-2024,Regular
102692,47,,13-02-2023,Regular
102693,61,Mashhad,29-08-2023,Regular
102694,38,Tehran,18-04-2024,New
102695,62,Tehran,25-01-2024,Regular
102696,35,Shiraz,22-06-2025,Regular
102697,24,Mashhad,16-10-2024,Regular
102698,38,Ahvaz,29-12-2025,New
102699,24,Tehran,12-07-2023,New
102700,23,Shiraz,10-02-2024,VIP
102701,60,Tehran,06-04-2023,New
102702,56,Shiraz,23-01-2023,Regular
102703,28,Shiraz,08-10-2025,New
102704,58,Tabriz,23-06-2024,Regular
102705,21,Isfahan,23-12-2024,Regular
102706,31,Isfahan,30-10-2023,VIP
102707,51,Tehran,26-02-2023,Regular
102708,32,Isfahan,04-09-2025,New
102709,53,Mashhad,21-12-2024,New
102710,59,Tabriz,18-02-2025,New
102711,21,Isfahan,07-08-2024,Regular
102712,19,Karaj,18-03-2024,VIP
102713,63,Isfahan,07-04-2024,New
102714,42,Tehran,14-04-2025,Regular
102715,42,Tehran,06-09-2023,Regular
102716,40,Tehran,09-01-2024,Regular
102717,38,Shiraz,03-12-2023,Regular
102718,51,Ahvaz,25-07-2024,Regular
102719,45,Karaj,25-11-2025,New
102720,25,Isfahan,07-10-2025,Regular
102721,48,Tehran,19-08-2024,Regular
102722,50,Ahvaz,08-08-2023,Regular
102723,23,Tehran,26-10-2025,New
102724,36,Mashhad,09-12-2023,Regular
102725,55,Ahvaz,26-01-2024,VIP
102726,47,Mashhad,27-08-2025,Regular
102727,24,Tehran,16-10-2023,New
102728,19,Tehran,20-05-2024,VIP
102729,45,Tabriz,30-09-2025,New
102730,40,Tehran,15-12-2023,Regular
102731,64,Tabriz,14-11-2024,New
102732,43,Isfahan,10-02-2023,Regular
102733,62,Mashhad,26-12-2025,New
102734,28,Tehran,03-04-2024,Regular
102735,39,Qom,03-01-2025,VIP
102736,24,Mashhad,02-07-2024,Regular
102737,45,Karaj,20-04-2024,New
102738,27,Isfahan,20-03-2024,New
102739,41,Tehran,20-01-2023,New
102740,34,Isfahan,31-10-2023,New
102741,26,Isfahan,21-02-2024,Regular
102742,22,Isfahan,09-02-2024,Regular
102743,42,Qom,27-10-2023,VIP
102744,63,Rasht,04-12-2024,Regular
102745,27,Qom,26-06-2025,VIP
102746,37,Shiraz,02-09-2025,Regular
102747,28,Shiraz,30-11-2025,Regular
102748,56,Tabriz,12-12-2024,Regular
102749,37,Mashhad,26-03-2024,Regular
102750,64,Qom,08-12-2024,New
102751,29,Ahvaz,25-05-2023,Regular
102752,21,Tehran,13-06-2025,Regular
102753,45,Rasht,08-08-2024,New
102754,49,Ahvaz,30-06-2023,Regular
102755,65,Isfahan,11-04-2024,New
102756,59,Rasht,26-11-2023,Regular
102757,60,Tehran,18-01-2024,Regular
102758,48,Tehran,25-02-2023,Regular
102759,35,Mashhad,18-01-2023,Regular
102760,38,Shiraz,18-01-2024,Regular
102761,24,Mashhad,27-11-2023,Regular
102762,38,Rasht,29-12-2025,VIP
102763,35,Tehran,15-10-2023,Regular
102764,19,Mashhad,27-12-2023,Regular
102765,27,Tabriz,29-09-2025,Regular
102766,43,Tehran,30-07-2025,Regular
102767,35,Karaj,04-03-2023,Regular
102768,65,Mashhad,04-04-2023,VIP
102769,40,Kerman,15-04-2023,Regular
102770,64,Karaj,18-05-2024,Regular
102771,49,Tehran,18-09-2024,New
102772,19,Tehran,20-01-2024,New
102773,27,Tehran,15-01-2023,New
102774,51,Kerman,09-08-2023,New
102775,44,Karaj,03-11-2024,Regular
102776,32,Isfahan,12-02-2024,Regular
102777,43,Tehran,16-05-2023,Regular
102778,61,Ahvaz,14-12-2024,Regular
102779,36,Tehran,02-11-2024,New
102780,20,Karaj,20-06-2024,Regular
102781,32,Karaj,26-10-2025,New
102782,62,Mashhad,13-07-2025,New
102783,54,Isfahan,13-02-2023,VIP
102784,58,Tehran,17-09-2025,New
102785,61,Mashhad,24-02-2023,New
102786,23,Kerman,11-06-2024,Regular
102787,31,Karaj,14-09-2025,Regular
102788,20,Ahvaz,10-12-2025,Regular
102789,18,Shiraz,25-01-2023,Regular
102790,58,Tehran,20-03-2023,Regular
102791,62,Karaj,22-09-2023,Regular
102792,25,Isfahan,30-10-2023,Regular
102793,52,Tehran,02-11-2023,New
102794,43,Isfahan,01-04-2024,Regular
102795,,,16-12-2023,New
102796,61,Karaj,30-09-2024,New
102797,59,Tehran,24-07-2025,VIP
102798,45,Ahvaz,20-08-2024,Regular
102799,51,Mashhad,30-12-2023,New
102800,37,Tehran,13-09-2024,Regular
102801,56,Tehran,10-11-2024,New
102802,39,Qom,08-09-2025,Regular
102803,65,Mashhad,03-11-2025,Regular
102804,21,Isfahan,31-10-2023,VIP
102805,26,Tehran,02-10-2025,New
102806,64,Karaj,13-06-2025,New
102807,31,Qom,21-05-2023,VIP
102808,32,Mashhad,03-09-2024,Regular
102809,55,Rasht,16-06-2023,New
102810,27,Tehran,21-06-2024,Regular
102811,42,Tehran,18-02-2023,Regular
102812,31,Shiraz,24-11-2023,Regular
102813,27,Karaj,05-10-2024,Regular
102814,64,Tehran,29-11-2023,Regular
102815,27,Shiraz,12-01-2023,VIP
102816,22,Mashhad,01-03-2024,Regular
102817,50,Shiraz,15-08-2024,New
102818,59,Tabriz,16-04-2025,Regular
102819,24,Kerman,30-05-2023,Regular
102820,51,Isfahan,06-06-2024,Regular
102821,43,Tabriz,06-08-2023,New
102822,57,Shiraz,18-06-2023,Regular
102823,24,Mashhad,14-05-2023,Regular
102824,64,Tehran,12-04-2025,VIP
102825,47,Kerman,03-10-2025,Regular
102826,58,Tehran,27-12-2024,Regular
102827,35,Qom,19-02-2024,Regular
102828,63,Tehran,05-11-2025,New
102829,48,Qom,28-06-2024,Regular
102830,24,Tehran,02-08-2024,New
102831,62,Kerman,25-11-2024,Regular
102832,56,Karaj,17-12-2024,Regular
102833,32,Tehran,22-06-2024,New
102834,44,Karaj,08-06-2024,Regular
102835,36,Tabriz,15-12-2023,VIP
102836,44,Mashhad,15-01-2025,New
102837,64,Tehran,06-01-2025,VIP
102838,61,Karaj,22-04-2024,New
102839,,Karaj,18-02-2025,New
102840,64,Mashhad,31-05-2023,Regular
102841,39,Ahvaz,31-03-2024,New
102842,51,Tehran,16-12-2025,Regular
102843,54,Tehran,14-03-2025,Regular
102844,41,Shiraz,27-02-2025,Regular
102845,39,Tehran,03-08-2025,Regular
102846,39,Tehran,28-10-2024,Regular
102847,59,Isfahan,26-12-2024,Regular
102848,36,Mashhad,11-06-2024,Regular
102849,31,Tehran,23-06-2025,Regular
102850,35,Karaj,18-02-2025,Regular
102851,27,Shiraz,27-07-2024,Regular
102852,36,Ahvaz,19-05-2023,Regular
102853,23,Shiraz,01-06-2025,Regular
102854,22,Isfahan,24-12-2023,New
102855,52,Tehran,29-01-2024,Regular
102856,21,Qom,17-05-2023,Regular
102857,45,Tehran,26-08-2023,New
102858,55,Tehran,18-05-2023,Regular
102859,52,Ahvaz,17-04-2023,Regular
102860,39,Karaj,24-01-2023,New
102861,27,Tabriz,19-11-2023,VIP
102862,62,Tehran,07-04-2025,VIP
102863,58,Tehran,03-08-2025,Regular
102864,47,Isfahan,06-09-2023,New
102865,22,Karaj,09-04-2024,Regular
102866,19,Isfahan,30-06-2025,Regular
102867,33,Tehran,13-02-2025,Regular
102868,25,Tehran,17-09-2025,Regular
102869,59,Shiraz,05-04-2024,Regular
102870,27,Karaj,04-07-2023,Regular
102871,31,Tehran,06-06-2023,VIP
102872,64,Tehran,15-02-2025,Regular
102873,57,Tehran,29-01-2023,VIP
102874,28,Tehran,19-05-2024,Regular
102875,36,Shiraz,22-01-2024,New
102876,42,Tehran,03-10-2025,Regular
102877,49,Tabriz,29-12-2025,New
102878,62,Karaj,14-06-2024,New
102879,59,Kerman,27-09-2024,VIP
102880,64,Rasht,19-02-2024,Regular
102881,19,Tehran,30-04-2025,Regular
102882,29,Tehran,19-11-2023,VIP
102883,45,Mashhad,26-03-2025,Regular
102884,20,Karaj,16-09-2025,New
102885,35,Tehran,08-07-2023,New
102886,25,Mashhad,05-09-2023,Regular
102887,62,Mashhad,19-02-2024,New
102888,21,Tehran,25-06-2025,New
102889,25,Karaj,02-12-2024,Regular
102890,27,Tabriz,01-08-2023,New
102891,25,Shiraz,07-02-2024,Regular
102892,45,Rasht,05-12-2024,New
102893,,Tehran,22-11-2025,Regular
102894,61,Tehran,08-05-2024,Regular
102895,30,Mashhad,23-03-2023,Regular
102896,43,Tabriz,25-04-2023,New
102897,49,Shiraz,01-02-2023,New
102898,48,Tehran,18-05-2023,New
102899,56,Kerman,27-03-2024,New
102900,27,Mashhad,05-11-2023,Regular
102901,42,Mashhad,26-11-2023,New
102902,56,Tabriz,19-04-2025,New
102903,59,Rasht,06-06-2024,New
102904,47,Tabriz,09-03-2025,Regular
102905,49,Kerman,16-08-2024,Regular
102906,59,Tehran,13-08-2023,Regular
102907,47,Tabriz,04-11-2025,Regular
102908,63,Qom,05-06-2024,Regular
102909,24,Isfahan,04-07-2025,New
102910,34,Mashhad,17-04-2023,Regular
102911,23,Kerman,19-07-2025,Regular
102912,22,Tehran,22-02-2025,Regular
102913,40,Isfahan,01-10-2023,New
102914,28,Ahvaz,18-05-2025,VIP
102915,37,Rasht,24-03-2025,Regular
102916,39,Kerman,05-09-2025,New
102917,47,Ahvaz,18-08-2023,VIP
102918,63,Tehran,27-08-2025,New
102919,58,Rasht,14-04-2025,New
102920,36,,05-01-2024,New
102921,33,Tabriz,19-01-2024,VIP
102922,54,Mashhad,06-10-2023,New
102923,23,Qom,06-06-2024,Regular
102924,43,Shiraz,08-09-2025,Regular
102925,38,Ahvaz,06-07-2025,Regular
102926,26,Tehran,09-06-2023,Regular
102927,47,Tehran,24-05-2023,New
102928,33,Isfahan,06-03-2023,Regular
102929,26,Tehran,03-11-2024,Regular
102930,49,Karaj,11-12-2023,Regular
102931,26,Mashhad,13-04-2025,New
102932,50,,12-04-2025,Regular
102933,25,Tehran,05-08-2023,Regular
102934,38,Tehran,30-01-2025,Regular
102935,56,Tabriz,17-04-2025,Regular
102936,28,Mashhad,16-12-2025,New
102937,54,Tehran,02-03-2025,New
102938,52,Tehran,29-01-2024,New
102939,61,Tehran,30-12-2025,Regular
102940,26,Tabriz,30-10-2023,New
102941,52,Tehran,31-05-2025,New
102942,62,Mashhad,19-02-2024,New
102943,54,Karaj,20-10-2025,New
102944,27,Shiraz,06-05-2025,Regular
102945,57,Shiraz,18-10-2024,Regular
102946,23,Tehran,23-08-2023,Regular
102947,46,Rasht,26-07-2023,Regular
102948,41,Isfahan,03-11-2025,Regular
102949,43,Mashhad,27-05-2025,Regular
102950,42,Rasht,15-07-2024,Regular
102951,19,Tabriz,18-08-2025,Regular
102952,42,Tabriz,07-05-2025,Regular
102953,62,Ahvaz,29-02-2024,Regular
102954,38,Tehran,24-06-2025,Regular
102955,31,Ahvaz,21-05-2025,Regular
102956,65,Tabriz,08-06-2024,Regular
102957,22,Mashhad,22-01-2023,Regular
102958,41,Tehran,22-03-2025,New
102959,42,Tehran,07-01-2024,Regular
102960,40,Rasht,04-02-2024,VIP
102961,62,Tehran,20-02-2025,Regular
102962,38,Tehran,06-06-2025,New
102963,64,Karaj,07-04-2023,Regular
102964,21,Karaj,21-06-2025,New
102965,53,Tehran,17-11-2023,Regular
102966,46,Qom,11-09-2024,Regular
102967,29,Shiraz,09-08-2025,Regular
102968,28,Ahvaz,27-08-2023,Regular
102969,52,Tehran,30-08-2023,New
102970,48,Tehran,28-11-2025,Regular
102971,47,Tabriz,13-02-2024,New
102972,20,Tehran,02-11-2025,Regular
102973,46,Shiraz,27-01-2024,Regular
102974,65,Tehran,09-11-2024,New
102975,18,Karaj,12-07-2024,VIP
102976,40,Rasht,13-12-2025,Regular
102977,41,Ahvaz,25-08-2024,New
102978,61,Kerman,04-07-2024,Regular
102979,31,Rasht,25-05-2024,New
102980,40,Isfahan,16-02-2024,New
102981,52,Mashhad,26-04-2024,VIP
102982,20,Rasht,19-05-2024,Regular
102983,56,Rasht,16-04-2025,Regular
102984,57,Kerman,20-02-2023,Regular
102985,52,Karaj,02-07-2024,VIP
102986,49,Tehran,24-08-2024,Regular
102987,53,Rasht,04-04-2025,New
102988,55,Rasht,30-12-2024,New
102989,61,Tabriz,17-04-2024,Regular
102990,38,Ahvaz,30-04-2023,New
102991,39,Shiraz,12-02-2024,Regular
102992,48,Rasht,07-10-2023,New
102993,,Tehran,12-08-2023,Regular
102994,59,Ahvaz,28-02-2025,New
102995,54,Tehran,07-06-2024,Regular
102996,48,Mashhad,18-05-2025,Regular
102997,32,Tehran,01-06-2023,New
102998,34,Isfahan,15-12-2025,Regular
102999,38,Tehran,02-06-2024,Regular
103000,49,Kerman,05-10-2023,Regular
103001,55,Shiraz,02-02-2024,Regular
103002,50,Rasht,10-07-2025,New
103003,62,Tehran,16-02-2025,New
103004,64,Tehran,08-07-2023,New
103005,,Karaj,20-12-2025,New
103006,35,Karaj,24-05-2023,VIP
103007,46,Shiraz,29-10-2023,Regular
103008,38,Qom,09-03-2025,Regular
103009,48,Ahvaz,03-08-2024,Regular
103010,56,,03-05-2024,VIP
103011,35,Kerman,11-10-2025,New
103012,42,Karaj,19-05-2025,New
103013,20,Tabriz,19-11-2025,Regular
103014,53,Mashhad,06-11-2023,Regular
103015,41,Tehran,20-07-2025,New
103016,40,Tehran,22-08-2023,Regular
103017,43,Karaj,01-06-2025,New
103018,28,Karaj,23-08-2024,Regular
103019,46,Mashhad,16-10-2024,Regular
103020,53,Tabriz,07-05-2023,New
103021,34,Tehran,20-08-2025,Regular
103022,24,Tehran,02-11-2023,Regular
103023,36,Rasht,16-10-2024,Regular
103024,27,Isfahan,02-07-2023,Regular
103025,35,Tehran,10-10-2025,Regular
103026,48,Isfahan,17-12-2023,New
103027,23,Mashhad,15-04-2025,New
103028,53,Karaj,18-04-2025,Regular
103029,28,Kerman,25-08-2024,Regular
103030,60,Shiraz,13-05-2023,New
103031,53,Shiraz,03-11-2023,VIP
103032,31,Mashhad,31-10-2024,Regular
103033,45,Shiraz,09-08-2024,New
103034,23,Mashhad,02-10-2024,New
103035,22,Tehran,01-10-2023,Regular
103036,63,Ahvaz,12-08-2024,New
103037,56,Isfahan,04-04-2023,VIP
103038,25,Isfahan,14-06-2024,Regular
103039,31,Tehran,11-04-2023,New
103040,27,Ahvaz,27-12-2024,Regular
103041,36,Tehran,12-09-2024,New
103042,,Isfahan,21-07-2025,Regular
103043,,Ahvaz,20-05-2024,New
103044,43,Isfahan,27-06-2023,Regular
103045,27,Rasht,15-09-2023,Regular
103046,60,Tehran,10-06-2025,VIP
103047,52,Karaj,15-11-2025,New
103048,54,Kerman,09-03-2023,Regular
103049,26,Shiraz,10-01-2025,Regular
103050,51,Karaj,11-06-2024,Regular
103051,58,Mashhad,10-10-2023,Regular
103052,26,Karaj,14-07-2024,VIP
103053,54,Rasht,21-10-2025,Regular
103054,35,Karaj,05-08-2023,Regular
103055,55,Rasht,05-07-2025,Regular
103056,40,Shiraz,09-04-2023,Regular
103057,56,tehran,28-02-2025,Regular
103058,25,Mashhad,24-03-2023,Regular
103059,36,Karaj,08-03-2023,New
103060,31,Ahvaz,10-02-2023,Regular
103061,29,Tabriz,31-05-2025,Regular
103062,32,Tehran,20-09-2024,Regular
103063,36,Shiraz,25-01-2025,Regular
103064,24,Karaj,20-06-2023,Regular
103065,51,Rasht,06-10-2025,New
103066,44,Tehran,04-06-2025,Regular
103067,57,tehran,19-06-2024,Regular
103068,51,Isfahan,11-09-2025,New
103069,25,Tehran,06-06-2023,New
103070,21,Kerman,17-11-2023,Regular
103071,38,Isfahan,23-02-2023,Regular
103072,41,Shiraz,30-06-2023,VIP
103073,29,Tehran,10-07-2025,Regular
103074,55,Isfahan,24-03-2024,Regular
103075,45,Kerman,07-12-2024,New
103076,53,Isfahan,23-08-2025,VIP
103077,23,Tehran,16-04-2025,Regular
103078,57,Tehran,13-03-2024,VIP
103079,27,Kerman,17-01-2024,Regular
103080,39,Kerman,29-04-2023,New
103081,39,Tehran,27-06-2025,Regular
103082,57,Tabriz,14-12-2025,Regular
103083,31,Tehran,01-07-2024,New
103084,29,Shiraz,01-07-2024,New
103085,34,Tehran,17-07-2025,New
103086,35,Qom,10-01-2024,Regular
103087,26,Rasht,21-03-2024,VIP
103088,26,Tehran,05-09-2025,Regular
103089,29,Isfahan,20-02-2024,Regular
103090,40,Tehran,12-10-2025,New
103091,34,Mashhad,26-06-2023,Regular
103092,36,Mashad,28-06-2024,Regular
103093,52,,20-06-2024,New
103094,29,Kerman,02-12-2023,Regular
103095,61,Tehran,20-11-2025,New
103096,54,Ahvaz,12-06-2024,Regular
103097,26,Tehran,20-08-2025,Regular
103098,33,Shiraz,29-08-2023,New
103099,26,Isfahan,18-01-2024,Regular
103100,31,Rasht,07-06-2024,Regular
103101,35,Tehran,09-09-2024,New
103102,24,Tehran,09-09-2023,Regular
103103,18,Karaj,09-12-2023,Regular
103104,39,Karaj,12-11-2024,Regular
103105,51,Karaj,01-11-2023,New
103106,32,Tehran,12-04-2025,Regular
103107,59,Tehran,06-06-2024,New
103108,35,Ahvaz,27-11-2025,New
103109,,Tabriz,18-09-2023,New
103110,29,Tabriz,11-07-2025,New
103111,43,Mashhad,20-06-2024,New
103112,54,Tehran,05-04-2023,Regular
103113,20,Rasht,11-02-2025,Regular
103114,62,Karaj,20-08-2023,New
103115,35,Tehran,01-06-2023,New
103116,41,Rasht,05-08-2024,VIP
103117,48,Shiraz,10-05-2025,Regular
103118,48,Mashhad,10-10-2023,New
103119,19,Mashhad,13-11-2024,Regular
103120,59,Karaj,16-01-2023,New
103121,47,Mashhad,22-07-2023,VIP
103122,65,Shiraz,06-04-2025,Regular
103123,40,Karaj,15-01-2023,New
103124,47,Tehran,27-01-2024,Regular
103125,39,Rasht,10-07-2024,Regular
103126,60,Mashhad,14-03-2023,New
103127,57,Isfahan,07-12-2025,New
103128,61,Karaj,11-07-2024,Regular
103129,42,Tabriz,06-01-2024,New
103130,55,Isfahan,06-12-2025,New
103131,35,Tabriz,03-09-2024,Regular
103132,40,Rasht,12-01-2025,Regular
103133,54,Qom,09-04-2023,Regular
103134,21,Qom,23-06-2023,Regular
103135,52,Tehran,19-02-2023,Regular
103136,18,Isfahan,17-07-2024,Regular
103137,45,Shiraz,04-07-2025,Regular
103138,40,Tehran,14-09-2025,New
103139,40,Karaj,20-09-2024,New
103140,41,Mashhad,01-03-2023,New
103141,41,Mashhad,16-11-2024,Regular
103142,37,Tehran,29-11-2024,Regular
103143,39,Mashhad,15-10-2024,Regular
103144,45,Mashhad,28-02-2025,Regular
103145,54,Tabriz,02-09-2024,Regular
103146,44,Shiraz,09-02-2025,New
103147,48,Tehran,16-06-2024,Regular
103148,58,Tehran,14-06-2023,Regular
103149,65,Qom,29-03-2023,Regular
103150,23,Tehran,20-09-2025,Regular
103151,52,Shiraz,27-04-2024,New
103152,28,Shiraz,19-12-2023,VIP
103153,27,Shiraz,18-11-2023,Regular
103154,56,Ahvaz,26-02-2023,Regular
103155,21,Tabriz,31-10-2025,Regular
103156,58,Kerman,02-04-2023,Regular
103157,54,Ahvaz,28-08-2023,New
103158,65,Tehran,16-05-2024,Regular
103159,50,Tehran,28-01-2024,New
103160,59,Mashhad,13-02-2023,New
103161,23,Mashhad,27-12-2023,New
103162,60,Shiraz,03-05-2025,Regular
103163,25,Tehran,02-10-2023,Regular
103164,33,Tehran,06-08-2025,Regular
103165,24,Mashhad,30-01-2024,New
103166,37,Tabriz,15-01-2023,New
103167,53,Karaj,30-04-2023,Regular
103168,30,Kerman,05-06-2025,Regular
103169,57,Tehran,20-03-2024,New
103170,47,tehran,10-12-2025,Regular
103171,48,Kerman,13-05-2025,New
103172,63,Karaj,03-02-2023,Regular
103173,38,Shiraz,09-12-2023,Regular
103174,34,,04-03-2025,Regular
103175,65,Tehran,11-03-2023,Regular
103176,44,Rasht,30-12-2025,VIP
103177,47,Tabriz,02-07-2023,New
103178,32,Shiraz,22-05-2025,New
103179,28,tehran,09-07-2025,VIP
103180,26,Mashhad,07-07-2024,Regular
103181,28,Tehran,29-05-2025,Regular
103182,27,Karaj,26-08-2025,New
103183,53,Isfahan,15-03-2025,New
103184,20,Tehran,14-02-2025,Regular
103185,48,Mashhad,01-03-2024,Regular
103186,63,Rasht,17-11-2023,New
103187,54,Mashhad,08-08-2025,New
103188,37,Isfahan,03-09-2023,Regular
103189,20,Tabriz,29-03-2024,Regular
103190,58,Qom,15-07-2024,VIP
103191,18,Tabriz,03-03-2024,Regular
103192,50,Ahvaz,13-02-2024,New
103193,50,Tehran,18-10-2024,New
103194,27,Rasht,27-12-2023,Regular
103195,53,Rasht,18-12-2025,New
103196,26,Shiraz,14-07-2023,New
103197,28,Tabriz,01-03-2024,New
103198,56,Tehran,14-07-2025,New
103199,,Isfahan,04-06-2024,Regular
103200,30,Tehran,10-02-2025,New
103201,62,Tehran,09-12-2024,Regular
103202,61,Kerman,29-12-2023,Regular
103203,54,Tehran,25-03-2025,New
103204,24,Shiraz,18-09-2023,Regular
103205,32,Mashhad,01-04-2025,Regular
103206,50,Mashhad,21-05-2023,Regular
103207,65,Mashhad,30-01-2025,Regular
103208,57,Mashhad,04-05-2023,Regular
103209,38,Tabriz,09-08-2025,VIP
103210,29,Kerman,15-11-2024,Regular
103211,64,Isfahan,14-02-2023,Regular
103212,31,Kerman,30-04-2023,Regular
103213,34,Tabriz,25-07-2023,Regular
103214,64,Tabriz,17-11-2025,New
103215,44,Tehran,07-10-2024,Regular
103216,30,Tehran,02-11-2023,Regular
103217,18,Ahvaz,31-10-2023,New
103218,38,Shiraz,29-01-2023,Regular
103219,65,Isfahan,11-08-2023,VIP
103220,38,Qom,25-07-2025,New
103221,51,Mashhad,17-10-2024,New
103222,30,Qom,07-02-2024,VIP
103223,55,Mashhad,24-01-2023,New
103224,55,Rasht,11-01-2024,Regular
103225,47,Tehran,24-02-2024,New
103226,55,Tehran,10-05-2023,New
103227,45,Karaj,26-10-2024,New
103228,36,Tehran,24-12-2024,New
103229,53,Rasht,29-12-2025,VIP
103230,58,Tabriz,28-01-2024,New
103231,58,Tehran,30-10-2023,New
103232,28,Tehran,20-06-2025,Regular
103233,50,Rasht,19-01-2024,VIP
103234,18,Tabriz,21-11-2024,Regular
103235,45,Rasht,18-03-2025,Regular
103236,45,Tehran,21-08-2025,New
103237,35,Rasht,15-12-2023,Regular
103238,65,Shiraz,12-11-2024,Regular
103239,60,Tabriz,24-05-2023,Regular
103240,19,Mashhad,03-05-2025,Regular
103241,28,Tehran,19-02-2023,VIP
103242,27,Kerman,01-02-2025,Regular
103243,61,Kerman,17-08-2023,Regular
103244,42,Mashhad,21-05-2024,Regular
103245,52,Rasht,25-03-2023,New
103246,56,Tehran,24-01-2025,VIP
103247,54,Tehran,11-06-2024,Regular
103248,22,Tehran,27-12-2024,Regular
103249,24,,16-01-2024,Regular
103250,36,Tehran,08-01-2023,Regular
103251,34,Mashhad,28-09-2024,New
103252,53,Tehran,04-02-2025,VIP
103253,25,Karaj,28-12-2024,New
103254,35,Ahvaz,15-10-2023,Regular
103255,29,Karaj,23-02-2025,New
103256,27,Tehran,16-08-2024,Regular
103257,26,Karaj,19-08-2023,Regular
103258,27,Tehran,02-05-2023,Regular
103259,45,Karaj,23-12-2023,Regular
103260,37,Shiraz,26-01-2023,Regular
103261,38,Mashhad,23-02-2025,Regular
103262,41,Tehran,17-01-2023,Regular
103263,53,Qom,23-02-2023,Regular
103264,59,Rasht,23-06-2023,New
103265,43,Tabriz,24-12-2023,New
103266,48,Kerman,22-01-2023,New
103267,53,Rasht,20-11-2024,Regular
103268,51,Tehran,25-05-2023,Regular
103269,24,Karaj,29-05-2025,Regular
103270,65,Mashhad,04-09-2024,VIP
103271,25,Isfahan,02-04-2023,New
103272,37,Tehran,14-03-2024,Regular
103273,49,Kerman,03-06-2023,Regular
103274,37,Karaj,09-12-2025,Regular
103275,29,Tehran,10-10-2024,Regular
103276,62,Mashhad,04-06-2025,New
103277,21,Isfahan,14-02-2024,Regular
103278,29,Karaj,10-06-2023,Regular
103279,65,Rasht,15-09-2023,Regular
103280,53,Mashhad,01-04-2024,New
103281,22,Isfahan,23-04-2025,Regular
103282,54,Shiraz,16-04-2024,Regular
103283,64,Mashhad,13-10-2025,Regular
103284,22,Isfahan,01-02-2024,Regular
103285,37,Tehran,13-09-2023,New
103286,40,Tehran,26-06-2024,New
103287,24,Mashhad,02-05-2023,New
103288,27,Rasht,03-01-2025,New
103289,26,Mashhad,21-04-2023,New
103290,26,Tehran,02-12-2024,New
103291,37,Karaj,23-02-2024,Regular
103292,40,Rasht,27-01-2024,Regular
103293,29,Isfahan,30-10-2024,Regular
103294,31,Tehran,11-02-2025,New
103295,27,Karaj,14-10-2025,New
103296,56,Isfahan,13-11-2023,Regular
103297,28,Tabriz,08-06-2025,Regular
103298,61,Tehran,03-07-2025,New
103299,43,Tehran,26-12-2025,Regular
103300,56,Mashhad,21-11-2025,VIP
103301,48,Karaj,15-05-2025,Regular
103302,30,Mashhad,19-11-2023,VIP
103303,46,Tehran,30-01-2025,New
103304,31,,09-05-2025,New
103305,23,Karaj,16-11-2023,New
103306,30,Tehran,09-06-2025,Regular
103307,31,Karaj,07-02-2025,Regular
103308,24,Tabriz,21-06-2024,Regular
103309,19,Mashhad,01-08-2025,VIP
103310,63,Kerman,07-04-2023,Regular
103311,42,Rasht,18-01-2025,New
103312,,Mashhad,10-05-2025,Regular
103313,62,Tehran,14-02-2023,New
103314,28,Mashhad,22-03-2024,Regular
103315,37,Tehran,20-07-2024,Regular
103316,58,Shiraz,16-08-2023,Regular
103317,48,Rasht,20-08-2025,New
103318,37,Ahvaz,17-11-2024,Regular
103319,30,Mashhad,29-10-2023,New
103320,19,Isfahan,23-04-2024,New
103321,22,Tehran,03-05-2023,Regular
103322,25,Shiraz,06-04-2023,New
103323,55,Tehran,28-03-2025,New
103324,48,Rasht,13-12-2025,Regular
103325,38,Ahvaz,31-10-2023,Regular
103326,55,Tehran,25-09-2023,Regular
103327,25,Karaj,18-01-2025,VIP
103328,28,Shiraz,13-07-2024,New
103329,36,Qom,02-06-2023,New
103330,62,Isfahan,31-12-2024,Regular
103331,47,Tehran,18-08-2023,New
103332,58,Tabriz,07-05-2023,VIP
103333,29,Tehran,23-05-2024,Regular
103334,58,Shiraz,20-03-2025,Regular
103335,21,Tehran,24-07-2024,New
103336,28,Karaj,10-12-2024,Regular
103337,43,Qom,18-09-2023,Regular
103338,20,Tehran,24-06-2024,New
103339,59,Mashhad,19-02-2025,Regular
103340,59,Karaj,01-08-2024,Regular
103341,43,Tehran,20-09-2023,Regular
103342,32,Shiraz,11-11-2025,New
103343,22,Tabriz,15-03-2023,Regular
103344,47,Mashhad,24-09-2025,Regular
103345,43,Ahvaz,04-03-2025,New
103346,54,Shiraz,03-05-2023,Regular
103347,46,Tabriz,07-10-2023,New
103348,24,Tehran,08-02-2024,VIP
103349,23,Tehran,14-11-2025,New
103350,55,Tehran,19-07-2024,New
103351,25,Rasht,10-10-2023,Regular
103352,63,Ahvaz,04-10-2025,New
103353,23,,10-05-2023,New
103354,52,Tehran,13-06-2025,New
103355,64,Shiraz,28-06-2025,Regular
103356,39,Qom,28-02-2024,New
103357,,Tabriz,17-02-2023,Regular
103358,60,Tehran,28-08-2025,Regular
103359,26,Rasht,25-11-2025,Regular
103360,43,Tehran,19-02-2024,Regular
103361,65,Tehran,23-07-2023,New
103362,53,Rasht,24-10-2023,VIP
103363,20,Isfahan,30-05-2023,Regular
103364,57,Mashhad,29-10-2024,VIP
103365,25,Shiraz,21-07-2024,Regular
103366,53,Kerman,25-01-2024,Regular
103367,47,Tehran,13-12-2024,VIP
103368,31,Karaj,12-11-2024,Regular
103369,38,Mashhad,13-01-2023,VIP
103370,23,Tehran,24-03-2024,New
103371,65,Isfahan,03-08-2025,New
103372,29,Shiraz,21-05-2025,Regular
103373,32,Tehran,25-07-2025,Regular
103374,42,Mashhad,10-11-2025,Regular
103375,50,Tabriz,09-03-2023,Regular
103376,42,Shiraz,23-10-2023,Regular
103377,42,Karaj,18-05-2024,Regular
103378,45,Ahvaz,12-07-2024,New
103379,59,Mashhad,10-05-2025,New
103380,36,Isfahan,04-03-2025,Regular
103381,57,Isfahan,12-02-2025,Regular
103382,55,Shiraz,23-06-2023,Regular
103383,64,Tehran,12-01-2025,New
103384,61,Mashhad,21-05-2025,New
103385,56,Tehran,03-04-2025,VIP
103386,29,Mashhad,30-09-2024,New
103387,55,Kerman,07-04-2023,Regular
103388,53,Shiraz,13-06-2023,New
103389,31,Isfahan,24-03-2025,Regular
103390,50,Shiraz,08-08-2025,Regular
103391,30,Tabriz,22-06-2025,Regular
103392,43,Isfahan,12-04-2024,New
103393,56,Isfahan,05-10-2024,Regular
103394,27,Karaj,13-07-2023,New
103395,34,Tehran,10-10-2024,New
103396,56,Shiraz,02-08-2023,Regular
103397,39,Shiraz,20-05-2025,Regular
103398,64,Karaj,10-05-2025,Regular
103399,18,Kerman,26-02-2023,Regular
103400,52,Qom,21-10-2025,Regular
103401,57,Isfahan,21-05-2025,New
103402,62,Tehran,19-02-2024,Regular
103403,25,Shiraz,09-05-2024,New
103404,65,Ahvaz,28-03-2023,VIP
103405,36,Rasht,22-10-2025,Regular
103406,34,Qom,21-04-2023,Regular
103407,35,Tehran,07-10-2025,Regular
103408,48,Karaj,17-12-2024,Regular
103409,49,Ahvaz,02-10-2025,Regular
103410,,Karaj,10-02-2024,VIP
103411,21,Karaj,07-09-2025,Regular
103412,65,Isfahan,11-04-2024,Regular
103413,28,Tabriz,19-01-2024,Regular
103414,22,Mashhad,05-01-2024,Regular
103415,46,Tehran,08-11-2025,Regular
103416,37,Qom,24-05-2024,New
103417,47,Rasht,08-06-2024,New
103418,60,Ahvaz,05-12-2024,Regular
103419,22,Mashhad,31-08-2024,New
103420,31,Tehran,15-08-2024,Regular
103421,42,Mashhad,20-02-2024,New
103422,55,Ahvaz,29-06-2023,New
103423,46,Tabriz,25-12-2025,Regular
103424,36,Kerman,21-06-2024,Regular
103425,47,Mashhad,30-11-2025,VIP
103426,65,Shiraz,19-05-2024,New
103427,41,Qom,18-10-2024,New
103428,60,Tehran,20-08-2024,New
103429,55,Kerman,23-11-2025,Regular
103430,32,Shiraz,02-05-2023,New
103431,29,Tehran,20-07-2024,Regular
103432,54,Tehran,18-06-2023,New
103433,27,Ahvaz,08-08-2025,VIP
103434,34,Tabriz,03-08-2024,Regular
103435,29,Karaj,07-10-2025,Regular
103436,47,Qom,29-10-2023,New
103437,32,Isfahan,28-06-2023,New
103438,49,Qom,19-11-2024,Regular
103439,62,Rasht,09-06-2023,Regular
103440,57,Tehran,13-02-2024,Regular
103441,63,Karaj,10-12-2023,New
103442,19,Mashhad,30-08-2023,New
103443,39,Mashhad,24-05-2023,VIP
103444,28,Isfahan,19-12-2024,New
103445,62,Ahvaz,10-04-2025,New
103446,52,Tehran,07-03-2024,Regular
103447,33,Isfahan,04-11-2023,New
103448,45,Karaj,22-06-2023,Regular
103449,47,Tehran,11-01-2025,Regular
103450,41,Qom,04-06-2025,Regular
103451,40,Rasht,23-08-2024,Regular
103452,20,Tehran,17-04-2024,New
103453,39,Tehran,10-12-2024,New
103454,34,Kerman,29-09-2025,Regular
103455,57,Tehran,19-12-2025,New
103456,59,Tehran,31-07-2023,New
103457,54,Kerman,06-06-2024,Regular
103458,19,Rasht,17-08-2025,Regular
103459,58,Tabriz,23-11-2024,New
103460,37,Shiraz,12-06-2025,VIP
103461,37,Rasht,26-12-2025,New
103462,63,Tabriz,24-04-2023,VIP
103463,59,Tabriz,01-11-2024,New
103464,20,Ahvaz,05-08-2024,Regular
103465,35,Tabriz,08-11-2023,Regular
103466,53,Isfahan,16-12-2024,Regular
103467,43,Mashhad,24-04-2023,Regular
103468,30,Isfahan,26-06-2024,Regular
103469,43,Shiraz,30-03-2024,Regular
103470,59,Mashhad,03-03-2024,Regular
103471,28,Isfahan,03-11-2024,New
103472,53,Qom,30-10-2025,New
103473,53,Isfahan,03-11-2025,VIP
103474,60,Tehran,06-02-2025,VIP
103475,32,Mashhad,29-12-2023,New
103476,28,Tehran,23-11-2025,New
103477,44,Qom,29-12-2025,New
103478,43,Isfahan,15-07-2025,New
103479,37,Mashhad,14-08-2025,New
103480,55,Qom,13-06-2025,Regular
103481,56,Tehran,12-04-2025,New
103482,29,Tehran,05-03-2025,Regular
103483,56,Qom,30-11-2024,VIP
103484,29,Shiraz,08-12-2024,New
103485,37,Karaj,02-03-2024,Regular
103486,19,Ahvaz,29-08-2025,Regular
103487,34,Rasht,25-11-2024,New
103488,64,Tehran,02-11-2024,Regular
103489,39,Qom,23-03-2025,Regular
103490,52,Karaj,24-03-2023,New
103491,23,Tehran,03-10-2025,Regular
103492,48,Rasht,29-09-2024,New
103493,35,Mashhad,31-10-2025,New
103494,53,Ahvaz,23-04-2023,VIP
103495,62,Tabriz,13-09-2023,New
103496,43,Shiraz,05-11-2025,New
103497,22,Tehran,28-01-2025,New
103498,40,Rasht,09-12-2024,New
103499,23,Shiraz,18-03-2024,Regular
103500,39,Tehran,31-08-2024,Regular
103501,20,Tehran,21-08-2024,Regular
103502,48,Karaj,05-08-2023,Regular
103503,32,Tehran,12-09-2024,New
103504,27,Shiraz,18-07-2024,Regular
103505,18,Karaj,09-12-2023,VIP
103506,60,Tehran,11-01-2024,Regular
103507,58,Shiraz,20-04-2025,Regular
103508,56,Tehran,09-01-2025,New
103509,20,Rasht,29-05-2024,Regular
103510,34,Ahvaz,23-10-2024,Regular
103511,64,Mashhad,22-09-2023,Regular
103512,45,Shiraz,30-06-2024,Regular
103513,24,Isfahan,07-09-2024,Regular
103514,24,Kerman,04-10-2023,New
103515,30,Mashhad,05-07-2023,New
103516,64,Shiraz,29-07-2024,New
103517,26,Rasht,27-10-2025,Regular
103518,61,Tehran,20-05-2024,New
103519,50,Shiraz,14-09-2025,Regular
103520,,Tehran,21-07-2025,Regular
103521,57,Tabriz,26-03-2025,Regular
103522,33,Mashhad,06-09-2025,Regular
103523,57,Kerman,26-03-2024,New
103524,26,Isfahan,11-04-2025,Regular
103525,31,Tehran,08-06-2023,VIP
103526,28,Ahvaz,17-12-2023,Regular
103527,24,Qom,12-09-2024,Regular
103528,22,Karaj,11-02-2023,Regular
103529,26,Karaj,17-04-2025,Regular
103530,23,,10-10-2025,Regular
103531,36,Tabriz,26-04-2023,Regular
103532,21,Tehran,22-12-2025,Regular
103533,20,Tehran,07-04-2023,Regular
103534,65,Rasht,20-05-2023,Regular
103535,22,Karaj,14-04-2025,Regular
103536,21,Tehran,20-01-2025,Regular
103537,19,Tehran,21-10-2025,New
103538,24,Rasht,10-04-2024,New
103539,43,Tehran,18-09-2024,Regular
103540,57,Tehran,12-06-2023,Regular
103541,53,Tehran,27-01-2025,VIP
103542,45,Tehran,28-12-2025,New
103543,22,Mashhad,15-10-2024,Regular
103544,55,Kerman,18-10-2025,Regular
103545,19,Mashhad,06-03-2024,Regular
103546,48,Isfahan,11-12-2025,Regular
103547,37,Karaj,10-08-2024,New
103548,60,Shiraz,07-06-2023,Regular
103549,,Karaj,02-02-2024,Regular
103550,48,Tabriz,22-06-2024,New
103551,39,Tabriz,15-03-2023,New
103552,43,Tabriz,07-09-2025,Regular
103553,63,Qom,19-09-2023,New
103554,52,Karaj,09-01-2025,Regular
103555,37,Qom,04-10-2025,Regular
103556,39,Tehran,20-04-2024,VIP
103557,51,Tabriz,29-10-2024,Regular
103558,34,Karaj,19-07-2024,New
103559,26,Mashhad,16-04-2025,New
103560,40,Ahvaz,12-02-2023,New
103561,21,Mashhad,29-01-2024,New
103562,26,Tehran,31-10-2024,Regular
103563,38,Ahvaz,11-04-2023,Regular
103564,56,,30-07-2025,New
103565,55,Isfahan,23-11-2024,Regular
103566,30,Mashhad,04-01-2023,New
103567,38,Rasht,14-01-2023,New
103568,25,Isfahan,25-06-2023,Regular
103569,54,Karaj,27-12-2024,New
103570,29,Qom,21-07-2024,New
103571,56,Tabriz,12-06-2024,VIP
103572,58,Rasht,06-09-2024,Regular
103573,51,Qom,25-06-2024,Regular
103574,33,Mashhad,11-01-2024,Regular
103575,63,Kerman,09-01-2023,New
103576,50,Shiraz,31-01-2023,Regular
103577,49,Tehran,24-01-2025,Regular
103578,59,Tehran,25-03-2025,New
103579,60,Tabriz,20-09-2023,New
103580,21,Tehran,24-09-2023,Regular
103581,60,Shiraz,22-03-2024,New
103582,54,Mashhad,06-12-2024,New
103583,27,Shiraz,11-10-2024,New
103584,32,Tehran,04-09-2024,Regular
103585,54,Ahvaz,10-02-2023,New
103586,28,Mashhad,16-04-2024,Regular
103587,39,Tehran,04-04-2025,New
103588,51,Isfahan,08-10-2024,Regular
103589,49,Isfahan,02-06-2025,New
103590,61,Tabriz,31-01-2025,Regular
103591,23,Shiraz,12-09-2025,Regular
103592,32,Tehran,18-09-2024,Regular
103593,65,Ahvaz,15-09-2024,New
103594,45,Isfahan,02-09-2024,Regular
103595,29,Tehran,17-10-2023,Regular
103596,31,Karaj,22-04-2024,New
103597,34,Tabriz,04-07-2023,Regular
103598,44,Tabriz,15-04-2024,Regular
103599,31,Isfahan,13-06-2023,Regular
103600,47,Isfahan,21-06-2024,Regular
103601,39,Shiraz,10-11-2025,VIP
103602,47,Tehran,10-05-2024,Regular
103603,25,Mashhad,19-03-2025,Regular
103604,47,tehran,25-04-2024,New
103605,62,Tabriz,18-09-2025,Regular
103606,24,Isfahan,19-08-2023,New
103607,33,Tehran,02-07-2025,Regular
103608,51,Karaj,04-03-2025,New
103609,47,Tehran,31-08-2025,Regular
103610,50,Tehran,26-05-2023,Regular
103611,44,Tehran,06-09-2025,VIP
103612,50,Karaj,22-09-2025,New
103613,47,Tabriz,21-11-2023,Regular
103614,21,Tehran,15-11-2024,Regular
103615,54,Tehran,04-10-2024,Regular
103616,39,Tabriz,23-02-2023,Regular
103617,20,Shiraz,29-07-2024,New
103618,37,Karaj,22-12-2024,Regular
103619,38,Tehran,13-08-2023,Regular
103620,22,Karaj,31-01-2024,Regular
103621,65,Rasht,03-10-2024,New
103622,28,Tabriz,15-10-2025,New
103623,33,Tehran,08-03-2023,New
103624,39,Tabriz,22-10-2025,Regular
103625,57,Mashhad,12-06-2025,Regular
103626,53,Tehran,15-07-2025,Regular
103627,55,Mashhad,22-02-2023,New
103628,29,Rasht,13-09-2024,New
103629,58,Isfahan,08-02-2024,New
103630,57,Ahvaz,03-10-2025,New
103631,40,Isfahan,22-03-2025,Regular
103632,44,Shiraz,12-12-2024,Regular
103633,19,Tehran,31-01-2023,VIP
103634,,,16-08-2025,New
103635,64,Tehran,20-06-2024,New
103636,40,Isfahan,25-06-2023,Regular
103637,43,Tehran,15-08-2025,New
103638,41,Mashhad,17-09-2025,Regular
103639,21,Shiraz,27-06-2024,Regular
103640,47,Tehran,25-12-2024,Regular
103641,52,Mashhad,30-10-2024,New
103642,62,Kerman,29-11-2023,VIP
103643,62,Tehran,30-03-2025,VIP
103644,41,Mashhad,28-12-2025,New
103645,64,Mashhad,19-10-2025,Regular
103646,43,Mashhad,22-01-2025,Regular
103647,48,Karaj,30-01-2024,New
103648,46,Tehran,21-09-2025,VIP
103649,65,Isfahan,12-10-2025,New
103650,53,Tabriz,07-01-2023,New
103651,23,Mashhad,06-01-2024,New
103652,21,Rasht,27-08-2024,Regular
103653,37,Kerman,24-09-2024,Regular
103654,42,Tehran,19-02-2025,Regular
103655,50,Mashhad,16-07-2024,Regular
103656,41,Tehran,16-01-2023,New
103657,42,Tehran,01-07-2023,Regular
103658,62,Isfahan,15-04-2025,Regular
103659,34,Shiraz,29-01-2025,Regular
103660,41,Isfahan,14-12-2024,Regular
103661,44,Tehran,27-04-2024,VIP
103662,40,Tehran,28-10-2023,Regular
103663,64,Kerman,04-12-2023,Regular
103664,64,Rasht,24-01-2025,Regular
103665,42,Tehran,06-07-2024,New
103666,39,Tabriz,24-05-2023,Regular
103667,46,Isfahan,13-03-2024,Regular
103668,26,Karaj,21-06-2025,Regular
103669,38,Shiraz,17-10-2024,Regular
103670,,Ahvaz,06-08-2025,New
103671,24,Tehran,10-07-2024,New
103672,22,Mashhad,15-06-2024,New
103673,46,Kerman,05-11-2025,Regular
103674,18,Tehran,09-07-2024,VIP
103675,49,Tehran,29-05-2023,Regular
103676,38,Karaj,16-03-2024,Regular
103677,35,Karaj,10-12-2024,Regular
103678,,Tabriz,14-01-2024,New
103679,43,Karaj,25-03-2024,New
103680,53,Karaj,13-08-2025,New
103681,52,Tehran,21-04-2024,VIP
103682,19,Tabriz,30-11-2023,New
103683,28,Karaj,29-04-2023,Regular
103684,45,Ahvaz,17-03-2024,Regular
103685,64,Tehran,19-04-2025,Regular
103686,25,Tehran,25-11-2023,New
103687,23,Qom,30-05-2024,VIP
103688,63,,20-12-2024,New
103689,64,Tehran,13-10-2025,VIP
103690,26,Qom,10-06-2025,Regular
103691,37,Isfahan,10-11-2023,Regular
103692,48,Mashhad,29-06-2023,Regular
103693,27,Tehran,04-01-2025,Regular
103694,33,Tehran,06-10-2023,New
103695,36,Qom,05-03-2024,Regular
103696,48,Isfahan,24-04-2023,Regular
103697,32,Tehran,27-04-2025,Regular
103698,37,Mashhad,25-06-2023,Regular
103699,31,Tehran,21-02-2024,Regular
103700,54,Tehran,21-03-2024,Regular
103701,25,Tehran,16-02-2023,New
103702,29,Shiraz,29-04-2025,New
103703,29,Tehran,08-11-2024,Regular
103704,61,Mashhad,16-08-2024,New
103705,63,Isfahan,14-07-2023,New
103706,42,Isfahan,28-02-2023,Regular
103707,25,Tehran,02-03-2023,New
103708,54,Tehran,15-11-2024,New
103709,41,Tehran,29-03-2025,Regular
103710,58,,20-05-2025,Regular
103711,35,Karaj,26-05-2025,Regular
103712,65,Tehran,06-03-2024,Regular
103713,56,Qom,02-01-2023,Regular
103714,28,Karaj,26-09-2023,VIP
103715,52,Tehran,11-05-2025,New
103716,31,Tehran,16-04-2025,New
103717,34,Tehran,09-07-2024,New
103718,30,Tehran,27-01-2023,Regular
103719,50,Shiraz,30-04-2025,New
103720,30,Tehran,12-06-2025,Regular
103721,48,Qom,06-09-2023,Regular
103722,45,Isfahan,30-05-2025,VIP
103723,54,Karaj,01-12-2024,New
103724,65,Karaj,30-08-2025,Regular
103725,18,Isfahan,17-11-2024,VIP
103726,65,Rasht,08-04-2023,New
103727,23,Kerman,09-12-2024,Regular
103728,43,Mashhad,28-04-2023,New
103729,34,Tehran,11-10-2023,New
103730,48,Mashhad,13-08-2025,New
103731,52,Tehran,26-11-2025,New
103732,59,Shiraz,04-06-2024,New
103733,37,Mashhad,15-11-2023,Regular
103734,62,Isfahan,05-03-2024,Regular
103735,33,Karaj,23-09-2023,Regular
103736,27,Tehran,19-09-2024,Regular
103737,36,Shiraz,06-04-2024,VIP
103738,43,Mashhad,06-03-2023,New
103739,50,Qom,30-10-2024,New
103740,57,Tabriz,05-12-2024,New
103741,28,Tehran,31-12-2024,Regular
103742,32,Tabriz,31-10-2025,Regular
103743,63,Tehran,09-02-2025,Regular
103744,39,Karaj,09-01-2025,New
103745,29,Shiraz,20-08-2023,Regular
103746,65,Mashhad,23-05-2024,Regular
103747,39,Karaj,20-04-2024,New
103748,,Ahvaz,18-11-2025,New
103749,62,Karaj,03-06-2024,New
103750,61,Shiraz,23-01-2025,Regular
103751,45,Karaj,15-08-2024,VIP
103752,56,Isfahan,04-03-2023,New
103753,64,Qom,21-10-2025,VIP
103754,30,Qom,03-01-2025,Regular
103755,19,Tehran,10-09-2023,Regular
103756,33,Tehran,07-03-2023,Regular
103757,48,Tehran,22-10-2025,Regular
103758,44,Tehran,03-12-2023,New
103759,21,Mashhad,19-01-2023,New
103760,44,Tehran,05-11-2024,Regular
103761,26,Shiraz,18-01-2023,Regular
103762,42,Tehran,25-08-2023,New
103763,45,,05-09-2025,Regular
103764,48,Tabriz,11-02-2023,New
103765,37,Mashhad,03-04-2025,New
103766,37,Isfahan,07-11-2024,Regular
103767,50,Qom,02-12-2023,Regular
103768,53,Kerman,10-11-2023,New
103769,56,Shiraz,03-06-2024,Regular
103770,34,Tehran,06-08-2024,VIP
103771,38,Tehran,01-09-2025,New
103772,33,Kerman,13-10-2023,New
103773,43,Tabriz,08-10-2024,Regular
103774,24,Karaj,21-01-2025,New
103775,38,Tabriz,14-01-2023,New
103776,27,Tehran,07-09-2025,New
103777,43,Isfahan,22-12-2025,New
103778,58,Qom,05-04-2023,Regular
103779,65,Ahvaz,14-10-2023,New
103780,39,Tehran,11-05-2025,Regular
103781,20,Shiraz,05-06-2025,Regular
103782,28,Tehran,20-06-2023,New
103783,23,Kerman,01-10-2025,New
103784,54,Tehran,27-12-2023,VIP
103785,65,Karaj,18-11-2023,Regular
103786,44,Tehran,27-01-2024,Regular
103787,26,Tabriz,05-01-2025,Regular
103788,19,Tabriz,14-08-2023,VIP
103789,64,Mashhad,17-08-2024,New
103790,33,Qom,24-03-2023,New
103791,23,Ahvaz,10-06-2023,Regular
103792,26,Ahvaz,21-04-2025,New
103793,30,Mashhad,25-02-2024,Regular
103794,49,Karaj,19-05-2025,New
103795,60,Shiraz,18-03-2025,New
103796,31,Shiraz,27-12-2025,Regular
103797,50,Isfahan,31-05-2023,Regular
103798,21,Tabriz,20-10-2025,Regular
103799,18,Tehran,03-09-2025,New
103800,20,Mashhad,20-04-2024,New
103801,62,Tehran,29-05-2023,Regular
103802,45,Mashhad,27-05-2023,New
103803,56,Tehran,13-07-2024,Regular
103804,19,Tehran,12-01-2023,Regular
103805,19,Qom,15-04-2023,New
103806,58,Shiraz,05-08-2024,New
103807,22,Tehran,08-09-2024,Regular
103808,25,Qom,31-07-2025,Regular
103809,42,Rasht,03-12-2025,New
103810,47,Ahvaz,21-10-2023,VIP
103811,28,Qom,28-12-2023,New
103812,39,Kerman,06-08-2023,Regular
103813,50,Shiraz,03-09-2023,New
103814,39,Kerman,25-04-2024,Regular
103815,36,Rasht,23-12-2025,Regular
103816,21,Mashhad,05-09-2025,New
103817,39,Ahvaz,26-09-2025,Regular
103818,56,Qom,09-05-2024,New
103819,48,Karaj,20-12-2024,Regular
103820,60,Rasht,02-03-2025,Regular
103821,24,Mashhad,24-09-2023,Regular
103822,18,Mashhad,21-05-2024,Regular
103823,44,Tabriz,25-08-2024,New
103824,26,Karaj,13-02-2024,New
103825,46,Ahvaz,02-06-2024,VIP
103826,61,Ahvaz,27-04-2024,Regular
103827,34,Karaj,08-03-2023,Regular
103828,44,Kerman,21-04-2025,Regular
103829,50,Tehran,12-09-2025,Regular
103830,25,Kerman,06-04-2025,New
103831,61,Tehran,19-10-2025,New
103832,27,Shiraz,17-04-2024,Regular
103833,56,Tehran,03-03-2023,New
103834,49,Shiraz,21-10-2023,New
103835,24,Mashhad,24-07-2025,Regular
103836,52,Tehran,02-06-2023,Regular
103837,27,Tabriz,22-08-2024,Regular
103838,46,Karaj,02-01-2023,Regular
103839,64,Tehran,21-12-2023,Regular
103840,63,Karaj,05-05-2023,New
103841,59,Tehran,05-05-2023,Regular
103842,41,Tehran,30-06-2023,Regular
103843,44,Tehran,12-08-2024,Regular
103844,32,Shiraz,25-01-2025,Regular
103845,62,Karaj,12-11-2023,New
103846,40,Shiraz,14-06-2025,Regular
103847,55,Qom,05-03-2024,New
103848,35,Shiraz,17-03-2025,New
103849,53,Qom,03-08-2024,Regular
103850,28,Kerman,02-03-2025,New
103851,53,Mashhad,07-12-2025,New
103852,20,Tehran,24-12-2025,Regular
103853,23,Tehran,04-10-2024,New
103854,34,Shiraz,20-11-2025,Regular
103855,41,Shiraz,07-02-2025,New
103856,52,Tehran,22-10-2023,Regular
103857,35,Ahvaz,21-10-2025,Regular
103858,18,Kerman,08-06-2023,Regular
103859,33,Tehran,27-05-2024,Regular
103860,39,Tehran,17-06-2023,VIP
103861,44,Tehran,08-05-2025,New
103862,48,Mashhad,07-09-2025,Regular
103863,29,Ahvaz,15-06-2025,Regular
103864,47,Shiraz,23-04-2023,Regular
103865,48,Tehran,24-10-2023,VIP
103866,55,Isfahan,08-01-2024,Regular
103867,43,Tehran,07-05-2023,Regular
103868,56,Mashhad,03-08-2024,New
103869,28,Mashhad,07-02-2023,New
103870,52,Tabriz,02-11-2024,Regular
103871,20,Mashad,21-09-2024,Regular
103872,22,Ahvaz,14-10-2024,Regular
103873,59,Tehran,26-09-2025,VIP
103874,40,Karaj,11-05-2025,New
103875,47,Tehran,12-10-2023,Regular
103876,46,Mashhad,18-09-2024,Regular
103877,51,Ahvaz,28-05-2025,Regular
103878,29,Karaj,20-07-2025,Regular
103879,26,Tehran,05-12-2024,Regular
103880,20,Isfahan,03-04-2023,VIP
103881,59,Karaj,20-04-2024,Regular
103882,28,Rasht,29-07-2025,New
103883,45,Tabriz,22-03-2023,New
103884,39,Tehran,08-10-2024,Regular
103885,25,Isfahan,14-08-2024,Regular
103886,37,Tehran,02-09-2023,Regular
103887,,Tehran,12-01-2024,Regular
103888,26,Shiraz,06-12-2025,Regular
103889,24,Karaj,14-10-2024,Regular
103890,57,Tehran,26-10-2025,New
103891,45,Qom,31-05-2024,Regular
103892,62,Karaj,15-07-2025,New
103893,38,Karaj,09-11-2024,Regular
103894,27,Tehran,25-09-2025,Regular
103895,47,Mashhad,24-12-2023,Regular
103896,62,Tehran,23-02-2024,Regular
103897,43,Tehran,14-02-2023,VIP
103898,18,Mashhad,07-09-2023,VIP
103899,32,Mashhad,01-06-2023,New
103900,62,Tehran,20-07-2023,New
103901,42,Tehran,04-12-2023,New
103902,63,Rasht,14-08-2025,New
103903,42,Qom,19-02-2024,New
103904,18,Mashhad,24-06-2025,Regular
103905,59,Rasht,11-06-2025,VIP
103906,54,Tehran,10-12-2025,New
103907,52,Mashhad,10-07-2024,Regular
103908,64,Qom,17-07-2025,Regular
103909,27,Isfahan,04-04-2024,Regular
103910,61,Tehran,23-11-2024,Regular
103911,29,Mashhad,06-06-2025,VIP
103912,64,Isfahan,05-06-2023,VIP
103913,27,Tabriz,04-03-2023,Regular
103914,44,Mashhad,30-06-2023,Regular
103915,55,Isfahan,28-02-2025,New
103916,21,Tehran,02-06-2024,VIP
103917,21,Shiraz,03-11-2023,New
103918,58,Tehran,20-04-2025,Regular
103919,20,Ahvaz,17-01-2023,New
103920,47,Karaj,09-07-2023,Regular
103921,63,Isfahan,29-05-2024,New
103922,47,Karaj,29-09-2025,Regular
103923,41,Tehran,31-03-2025,Regular
103924,38,Mashhad,18-01-2025,Regular
103925,48,Isfahan,17-02-2025,Regular
103926,45,Isfahan,08-12-2023,Regular
103927,42,Karaj,05-05-2024,Regular
103928,25,Kerman,27-08-2025,VIP
103929,49,Mashhad,09-03-2025,Regular
103930,53,Mashhad,17-10-2024,Regular
103931,52,Tabriz,01-04-2023,Regular
103932,21,Mashhad,13-03-2025,Regular
103933,51,Tehran,05-02-2024,Regular
103934,53,Kerman,27-02-2024,Regular
103935,26,Qom,07-01-2025,Regular
103936,58,Kerman,06-03-2024,Regular
103937,43,Tehran,19-09-2024,Regular
103938,40,Tehran,14-01-2023,New
103939,52,Isfahan,22-07-2023,Regular
103940,42,Rasht,12-08-2024,Regular
103941,44,Tehran,14-11-2025,Regular
103942,32,Tehran,13-04-2025,Regular
103943,62,Tehran,02-04-2024,New
103944,64,Karaj,26-11-2025,New
103945,24,Qom,29-10-2023,Regular
103946,53,Karaj,03-09-2025,New
103947,19,Tehran,17-03-2024,New
103948,35,Karaj,06-04-2023,Regular
103949,64,Isfahan,03-01-2023,New
103950,26,Tehran,09-12-2025,Regular
103951,36,Mashhad,04-12-2024,New
103952,28,Isfahan,13-06-2023,New
103953,52,Mashhad,22-12-2025,Regular
103954,40,Kerman,15-02-2023,VIP
103955,46,Isfahan,02-01-2024,Regular
103956,63,Mashhad,31-03-2025,New
103957,43,Tabriz,28-02-2023,Regular
103958,53,Tabriz,18-09-2025,Regular
103959,22,Tehran,12-01-2025,Regular
103960,28,Tabriz,06-11-2025,New
103961,63,Tehran,05-07-2025,New
103962,59,Mashhad,22-06-2025,Regular
103963,49,Karaj,07-09-2023,Regular
103964,36,Shiraz,13-08-2023,Regular
103965,27,Mashhad,23-09-2023,Regular
103966,58,Tehran,18-06-2023,Regular
103967,55,tehran,28-12-2024,Regular
103968,29,Mashhad,06-03-2023,Regular
103969,46,Rasht,14-04-2024,Regular
103970,,Shiraz,29-09-2024,New
103971,40,Ahvaz,13-08-2024,VIP
103972,62,Mashhad,17-06-2024,New
103973,23,Qom,02-09-2023,Regular
103974,30,Tehran,30-04-2023,Regular
103975,22,Mashhad,18-12-2025,Regular
103976,51,Tehran,23-05-2024,New
103977,48,Tehran,13-10-2024,Regular
103978,65,Rasht,13-09-2024,New
103979,44,Karaj,08-02-2024,New
103980,25,Tabriz,02-03-2025,Regular
103981,39,Shiraz,16-02-2024,New
103982,22,Shiraz,29-03-2024,Regular
103983,50,Tabriz,29-05-2025,Regular
103984,50,Qom,15-12-2023,VIP
103985,59,Shiraz,04-02-2025,Regular
103986,34,,29-12-2024,New
103987,32,Mashhad,03-02-2023,Regular
103988,21,Kerman,19-01-2025,New
103989,37,Tehran,27-05-2025,Regular
103990,40,Mashhad,24-10-2023,Regular
103991,54,Ahvaz,28-09-2025,Regular
103992,54,Tehran,22-01-2023,Regular
103993,24,Tehran,16-07-2023,Regular
103994,31,Mashhad,01-11-2025,Regular
103995,42,Isfahan,25-07-2025,VIP
103996,34,Rasht,07-04-2025,New
103997,19,Ahvaz,23-10-2024,Regular
103998,58,Isfahan,09-08-2023,Regular
103999,53,,19-06-2024,New
104000,42,Tabriz,11-09-2024,Regular
104001,33,Ahvaz,09-04-2023,Regular
104002,58,Tehran,13-10-2024,Regular
104003,19,Isfahan,08-04-2023,New
104004,39,Tehran,18-05-2023,New
104005,56,Tehran,06-07-2023,New
104006,63,Karaj,29-07-2023,New
104007,30,Tehran,31-03-2023,New
104008,49,Shiraz,13-11-2025,Regular
104009,27,Karaj,28-05-2025,New
104010,23,Tehran,10-07-2024,Regular
104011,34,Isfahan,08-02-2024,VIP
104012,60,Karaj,29-07-2023,New
104013,51,Ahvaz,05-11-2025,VIP
104014,41,Mashhad,23-05-2025,New
104015,31,Kerman,03-04-2025,Regular
104016,24,Ahvaz,30-05-2024,VIP
104017,30,Tabriz,31-01-2023,Regular
104018,25,Mashhad,30-11-2024,New
104019,26,Karaj,17-06-2024,New
104020,51,Qom,22-11-2023,New
104021,24,Mashhad,12-12-2023,VIP
104022,20,Kerman,05-03-2023,New
104023,44,Rasht,12-08-2025,Regular
104024,31,Isfahan,30-06-2023,New
104025,39,Karaj,09-06-2025,Regular
104026,24,Shiraz,01-12-2025,Regular
104027,28,Karaj,20-02-2023,New
104028,39,Qom,13-11-2024,Regular
104029,51,Tehran,15-03-2023,Regular
104030,37,Tehran,29-06-2025,Regular
104031,44,Mashhad,09-07-2024,Regular
104032,43,Rasht,24-01-2023,Regular
104033,30,Mashhad,25-04-2025,Regular
104034,31,Ahvaz,18-04-2025,Regular
104035,38,Isfahan,09-10-2025,Regular
104036,19,Mashhad,15-06-2024,New
104037,50,Rasht,18-10-2025,New
104038,47,Shiraz,29-12-2024,Regular
104039,32,Mashhad,29-07-2024,Regular
104040,35,Tehran,28-01-2024,New
104041,33,Tehran,17-11-2023,Regular
104042,49,Tehran,10-11-2024,Regular
104043,54,Mashhad,20-03-2025,Regular
104044,23,Tabriz,09-02-2023,New
104045,37,Mashhad,27-03-2024,VIP
104046,18,Tehran,19-02-2023,New
104047,39,Tehran,10-03-2024,VIP
104048,29,Mashhad,24-05-2025,New
104049,34,Kerman,26-01-2025,New
104050,39,Mashhad,17-05-2023,New
104051,33,Tehran,23-02-2025,New
104052,36,Shiraz,16-01-2023,VIP
104053,54,Rasht,14-01-2023,Regular
104054,56,Qom,26-09-2025,New
104055,18,Ahvaz,05-02-2023,VIP
104056,36,Rasht,18-10-2023,New
104057,58,Tabriz,25-05-2023,New
104058,43,Kerman,29-09-2024,New
104059,27,Tehran,25-07-2024,Regular
104060,46,Ahvaz,07-07-2025,VIP
104061,24,Ahvaz,16-12-2025,New
104062,19,Rasht,27-03-2025,Regular
104063,48,Isfahan,26-05-2024,New
104064,42,Qom,21-02-2023,New
104065,54,Tehran,07-10-2025,Regular
104066,34,Tabriz,06-09-2024,Regular
104067,59,Mashhad,27-08-2023,Regular
104068,38,Shiraz,16-08-2024,New
104069,53,Tabriz,05-03-2024,New
104070,22,Mashhad,19-01-2024,Regular
104071,22,Tehran,11-05-2024,Regular
104072,55,Mashhad,05-04-2025,Regular
104073,58,Tabriz,29-06-2023,New
104074,63,Tabriz,21-11-2025,Regular
104075,33,Karaj,10-03-2023,New
104076,19,Tehran,11-06-2023,Regular
104077,65,Qom,10-01-2025,Regular
104078,46,Karaj,09-06-2023,New
104079,29,Tehran,01-05-2025,Regular
104080,54,Mashhad,15-03-2025,Regular
104081,61,Isfahan,15-04-2024,Regular
104082,31,Mashhad,12-05-2024,VIP
104083,54,Tehran,30-12-2025,Regular
104084,55,Tehran,20-05-2025,New
104085,42,Tehran,23-11-2024,New
104086,48,Tehran,04-06-2023,Regular
104087,30,Tehran,07-10-2024,New
104088,62,Qom,13-02-2023,Regular
104089,65,Shiraz,03-10-2023,New
104090,65,Isfahan,03-02-2025,New
104091,53,Tabriz,22-03-2024,New
104092,20,Shiraz,25-12-2025,Regular
104093,35,Tehran,25-10-2025,Regular
104094,39,Tehran,14-04-2023,Regular
104095,64,Tehran,25-08-2025,New
104096,44,Shiraz,04-08-2025,VIP
104097,43,Isfahan,27-04-2023,Regular
104098,25,Mashhad,26-02-2024,Regular
104099,56,Shiraz,04-11-2025,Regular
104100,34,Kerman,19-01-2023,VIP
104101,22,Mashhad,06-03-2023,New
104102,65,Shiraz,12-07-2024,New
104103,27,Isfahan,09-11-2025,Regular
104104,18,Karaj,02-11-2023,Regular
104105,21,Karaj,26-04-2025,Regular
104106,39,Karaj,29-01-2025,Regular
104107,22,Tehran,09-06-2023,New
104108,58,Isfahan,12-11-2023,Regular
104109,42,Qom,14-11-2024,Regular
104110,33,Mashhad,11-06-2024,New
104111,18,Kerman,17-09-2023,New
104112,41,Mashhad,08-08-2023,New
104113,25,Isfahan,02-09-2024,Regular
104114,64,Isfahan,25-06-2025,New
104115,31,Isfahan,28-03-2024,New
104116,40,Ahvaz,10-10-2025,Regular
104117,18,Tehran,31-12-2024,New
104118,24,Shiraz,17-03-2024,Regular
104119,27,Tabriz,13-02-2025,Regular
104120,20,Ahvaz,06-05-2024,Regular
104121,52,Tabriz,08-04-2025,New
104122,63,Kerman,12-12-2025,New
104123,65,tehran,12-05-2025,New
104124,30,Mashhad,05-06-2023,VIP
104125,55,Ahvaz,20-03-2023,Regular
104126,42,Kerman,04-06-2025,New
104127,20,Tehran,16-07-2025,New
104128,22,Tabriz,13-09-2024,New
104129,44,Mashhad,26-09-2023,New
104130,38,Tabriz,22-08-2025,New
104131,18,Tehran,06-05-2024,Regular
104132,62,Karaj,17-11-2023,New
104133,53,Isfahan,06-02-2024,Regular
104134,42,Shiraz,21-11-2023,New
104135,65,Tehran,06-11-2023,Regular
104136,64,Karaj,23-12-2023,Regular
104137,,Isfahan,08-01-2025,New
104138,30,Tabriz,19-01-2023,Regular
104139,60,Mashhad,02-02-2024,New
104140,42,Tehran,06-07-2023,Regular
104141,52,Isfahan,10-12-2024,Regular
104142,59,,25-12-2025,VIP
104143,25,Tehran,12-05-2025,Regular
104144,39,Tabriz,30-09-2023,New
104145,24,Tehran,15-07-2024,Regular
104146,31,Karaj,22-01-2023,Regular
104147,37,Tehran,28-03-2024,New
104148,59,Isfahan,02-11-2023,Regular
104149,59,Mashhad,03-07-2024,New
104150,36,Tehran,23-03-2024,Regular
104151,33,Mashhad,17-01-2025,New
104152,43,Mashhad,22-08-2024,New
104153,61,Shiraz,25-10-2025,VIP
104154,64,Kerman,17-03-2023,Regular
104155,28,Isfahan,31-10-2025,New
104156,26,Rasht,15-05-2025,New
104157,51,Isfahan,19-02-2025,Regular
104158,32,Tehran,22-06-2025,New
104159,27,Tehran,25-02-2023,Regular
104160,19,Mashhad,22-08-2023,Regular
104161,37,Mashhad,01-01-2023,New
104162,36,Ahvaz,24-05-2025,New
104163,45,Tabriz,24-01-2024,New
104164,27,tehran,31-01-2024,New
104165,52,Isfahan,30-10-2024,Regular
104166,50,Mashhad,08-04-2024,New
104167,40,Tabriz,28-11-2024,VIP
104168,26,Tehran,22-10-2025,Regular
104169,42,Tehran,30-12-2023,New
104170,50,Mashhad,03-09-2025,Regular
104171,35,Tehran,05-08-2024,Regular
104172,30,Tabriz,15-02-2024,Regular
104173,42,Tehran,03-10-2025,Regular
104174,35,Tehran,18-06-2024,New
104175,37,Rasht,20-05-2023,New
104176,34,Kerman,10-11-2023,New
104177,32,Isfahan,14-07-2025,New
104178,52,Isfahan,18-07-2024,Regular
104179,40,Karaj,05-09-2024,VIP
104180,40,Tehran,16-01-2025,Regular
104181,49,Isfahan,01-08-2023,VIP
104182,35,Tehran,12-04-2023,Regular
104183,22,Mashhad,27-04-2024,New
104184,58,Kerman,04-10-2025,Regular
104185,20,Karaj,20-05-2023,New
104186,45,Kerman,26-02-2025,New
104187,30,Karaj,08-12-2025,VIP
104188,28,Tabriz,16-04-2023,Regular
104189,20,Karaj,26-05-2023,VIP
104190,61,Tabriz,09-08-2025,New
104191,38,Isfahan,29-04-2023,Regular
104192,34,Mashad,25-03-2025,New
104193,,Shiraz,22-05-2025,New
104194,19,Tehran,09-12-2023,Regular
104195,45,Isfahan,16-11-2023,Regular
104196,41,Tehran,24-07-2024,Regular
104197,44,Shiraz,08-07-2024,Regular
104198,23,Tehran,30-07-2025,Regular
104199,63,Mashhad,10-10-2024,New
104200,29,Isfahan,26-11-2025,New
104201,50,Tehran,20-09-2023,VIP
104202,53,Kerman,04-11-2023,Regular
104203,34,Isfahan,21-09-2023,Regular
104204,24,Mashhad,13-12-2024,New
104205,32,Tehran,06-02-2023,New
104206,56,Ahvaz,30-07-2025,VIP
104207,61,Tabriz,25-04-2025,Regular
104208,62,Isfahan,18-12-2025,Regular
104209,28,Tehran,15-11-2025,New
104210,47,Karaj,19-03-2023,New
104211,25,Rasht,29-03-2025,Regular
104212,52,Mashhad,05-07-2024,Regular
104213,37,Tehran,16-03-2025,New
104214,52,Tehran,14-08-2025,New
104215,50,Tehran,30-09-2024,Regular
104216,65,Karaj,04-01-2023,New
104217,41,Kerman,04-08-2025,Regular
104218,34,Kerman,23-04-2024,Regular
104219,43,Qom,17-05-2024,New
104220,25,Tehran,01-10-2024,Regular
104221,23,Kerman,25-09-2025,New
104222,42,Mashhad,30-07-2024,Regular
104223,57,Mashhad,16-08-2023,Regular
104224,43,Karaj,13-03-2025,Regular
104225,55,Tehran,24-11-2024,Regular
104226,26,Qom,13-03-2023,Regular
104227,39,Kerman,06-08-2024,New
104228,47,Karaj,10-05-2025,Regular
104229,34,Qom,26-08-2025,New
104230,18,Mashhad,07-11-2023,Regular
104231,21,Tehran,26-07-2024,New
104232,62,Qom,21-06-2025,Regular
104233,47,Shiraz,01-10-2024,Regular
104234,30,Rasht,04-04-2024,Regular
104235,30,Tehran,21-07-2023,New
104236,19,Mashhad,16-02-2023,Regular
104237,63,Mashhad,25-01-2025,Regular
104238,23,Karaj,21-11-2025,VIP
104239,54,Qom,19-10-2024,Regular
104240,29,Kerman,04-05-2025,New
104241,34,Mashhad,11-01-2025,Regular
104242,31,Isfahan,16-01-2024,New
104243,57,Tehran,26-07-2024,New
104244,19,Tehran,23-10-2023,New
104245,34,Mashhad,02-09-2023,Regular
104246,31,Shiraz,06-10-2024,Regular
104247,31,Isfahan,08-12-2024,Regular
104248,27,Mashhad,17-12-2025,Regular
104249,61,Tabriz,16-09-2023,Regular
104250,36,Qom,14-11-2023,New
104251,38,Tehran,01-07-2023,Regular
104252,36,Mashhad,04-11-2025,Regular
104253,65,Karaj,05-05-2025,Regular
104254,34,Karaj,28-12-2023,Regular
104255,34,Qom,26-11-2025,Regular
104256,33,Tehran,09-02-2025,Regular
104257,33,tehran,05-06-2024,New
104258,22,Rasht,22-02-2024,Regular
104259,,Mashhad,15-09-2024,New
104260,19,Isfahan,04-04-2023,New
104261,28,Kerman,08-07-2023,Regular
104262,27,Tehran,22-10-2025,Regular
104263,31,Karaj,15-08-2023,Regular
104264,54,Ahvaz,29-06-2023,Regular
104265,46,Tehran,30-07-2025,VIP
104266,65,Karaj,31-10-2025,Regular
104267,,Isfahan,14-06-2025,Regular
104268,62,Ahvaz,24-04-2023,Regular
104269,20,Rasht,07-07-2025,Regular
104270,42,Ahvaz,20-10-2023,Regular
104271,56,Tehran,13-01-2023,VIP
104272,43,Karaj,05-10-2025,New
104273,62,Rasht,21-10-2023,New
104274,33,Tabriz,22-12-2024,Regular
104275,19,Tabriz,22-03-2023,Regular
104276,55,Tehran,27-07-2023,Regular
104277,21,Ahvaz,22-08-2025,VIP
104278,54,Tehran,10-10-2024,Regular
104279,53,Mashhad,29-12-2025,VIP
104280,58,Rasht,17-07-2023,New
104281,,Rasht,02-09-2025,New
104282,60,Kerman,15-08-2025,New
104283,26,Isfahan,08-10-2025,Regular
104284,38,Tehran,24-02-2023,New
104285,23,Isfahan,25-04-2023,New
104286,54,Tehran,03-08-2024,Regular
104287,52,Ahvaz,07-05-2023,New
104288,56,Shiraz,11-03-2023,Regular
104289,54,Mashhad,07-06-2025,Regular
104290,32,Tehran,31-01-2025,New
104291,21,Mashhad,13-07-2025,Regular
104292,62,Ahvaz,21-10-2025,New
104293,41,,06-06-2023,New
104294,22,Tehran,29-06-2025,New
104295,62,Tehran,17-02-2023,Regular
104296,65,Mashhad,12-02-2024,Regular
104297,39,Tehran,22-11-2023,Regular
104298,54,Rasht,17-09-2023,Regular
104299,19,Tabriz,25-02-2025,New
104300,22,Tehran,13-05-2023,Regular
104301,31,Qom,04-06-2025,Regular
104302,49,Mashhad,14-08-2025,New
104303,24,Tehran,29-12-2024,New
104304,19,Shiraz,30-03-2023,New
104305,50,Tehran,15-10-2024,New
104306,54,,19-11-2024,New
104307,53,Ahvaz,13-02-2024,New
104308,56,Rasht,07-02-2024,VIP
104309,56,Mashhad,28-05-2024,Regular
104310,46,Tabriz,26-12-2025,Regular
104311,42,Tehran,04-01-2023,Regular
104312,59,Shiraz,11-07-2024,VIP
104313,34,Tehran,14-12-2023,Regular
104314,22,Shiraz,23-08-2024,Regular
104315,54,Tehran,05-01-2023,Regular
104316,31,Rasht,02-10-2025,VIP
104317,64,Ahvaz,15-05-2024,Regular
104318,37,Mashhad,27-11-2025,New
104319,58,Karaj,18-06-2023,Regular
104320,20,Tehran,01-10-2024,New
104321,49,Karaj,14-01-2025,New
104322,39,Mashhad,21-05-2025,Regular
104323,40,Tehran,10-01-2023,Regular
104324,30,Tabriz,26-11-2024,New
104325,64,Isfahan,11-06-2023,New
104326,36,Shiraz,13-04-2024,Regular
104327,58,Shiraz,28-02-2023,New
104328,38,Tehran,04-03-2023,Regular
104329,20,Tehran,19-04-2025,Regular
104330,60,Tabriz,24-02-2025,Regular
104331,26,Tabriz,07-09-2025,New
104332,30,Tehran,05-02-2025,VIP
104333,59,Mashhad,14-10-2024,VIP
104334,60,Tabriz,08-05-2023,New
104335,62,Tabriz,17-04-2025,Regular
104336,38,Qom,09-09-2023,Regular
104337,54,Isfahan,27-04-2023,New
104338,33,Shiraz,12-03-2025,Regular
104339,53,Shiraz,05-10-2024,Regular
104340,42,Mashhad,13-06-2023,Regular
104341,20,Tehran,24-08-2024,VIP
104342,38,Tehran,26-01-2025,New
104343,40,Ahvaz,30-06-2024,VIP
104344,30,Tehran,25-02-2025,VIP
104345,35,Tabriz,06-07-2024,New
104346,42,Shiraz,22-01-2024,Regular
104347,20,Mashhad,02-09-2023,Regular
104348,25,Ahvaz,10-10-2023,Regular
104349,54,Karaj,04-06-2025,New
104350,34,Tehran,13-02-2024,New
104351,47,Karaj,23-02-2025,Regular
104352,45,Isfahan,29-01-2024,Regular
104353,44,Mashhad,29-07-2024,Regular
104354,37,Karaj,26-10-2024,Regular
104355,41,Karaj,07-06-2024,VIP
104356,57,Mashhad,25-03-2025,New
104357,64,Kerman,08-10-2025,VIP
104358,30,Tabriz,01-08-2025,Regular
104359,50,Tabriz,05-10-2025,VIP
104360,64,Tehran,02-02-2023,New
104361,18,Tehran,11-04-2025,Regular
104362,55,Isfahan,06-03-2025,Regular
104363,41,Tabriz,27-03-2024,Regular
104364,64,Shiraz,11-12-2023,New
104365,45,Karaj,28-02-2023,Regular
104366,58,Tehran,07-07-2025,New
104367,25,Karaj,09-07-2025,New
104368,24,Qom,24-03-2023,Regular
104369,62,Karaj,29-09-2024,VIP
104370,43,Karaj,26-08-2024,Regular
104371,44,Ahvaz,08-07-2023,New
104372,26,Tehran,23-08-2024,New
104373,28,Karaj,07-06-2025,Regular
104374,57,Kerman,24-12-2023,New
104375,32,Shiraz,05-03-2025,Regular
104376,46,Tehran,28-11-2025,New
104377,33,Kerman,12-05-2024,New
104378,30,Tehran,28-04-2023,Regular
104379,25,Mashhad,22-11-2023,New
104380,62,Tehran,30-05-2023,Regular
104381,63,Isfahan,22-01-2024,Regular
104382,23,Isfahan,06-12-2024,New
104383,34,Isfahan,10-08-2023,Regular
104384,45,Rasht,17-07-2024,Regular
104385,36,Isfahan,28-12-2025,Regular
104386,52,Shiraz,17-10-2023,New
104387,30,Ahvaz,21-08-2025,Regular
104388,20,Qom,30-11-2023,Regular
104389,34,Tehran,03-11-2024,New
104390,46,Tehran,21-06-2023,New
104391,26,Tabriz,21-10-2023,New
104392,57,Ahvaz,08-08-2025,New
104393,18,Shiraz,07-10-2024,New
104394,21,Tehran,15-09-2024,VIP
104395,42,Karaj,13-07-2024,Regular
104396,42,Tabriz,26-09-2023,Regular
104397,32,Shiraz,14-10-2025,New
104398,30,Ahvaz,06-03-2024,New
104399,21,Qom,13-01-2023,Regular
104400,49,Tabriz,19-09-2025,Regular
104401,36,Tabriz,20-02-2023,VIP
104402,23,Tabriz,29-08-2025,New
104403,37,Shiraz,19-10-2023,New
104404,62,Isfahan,17-03-2023,Regular
104405,30,Karaj,30-08-2023,New
104406,60,Tabriz,17-12-2024,New
104407,30,Isfahan,20-08-2024,New
104408,26,Tehran,17-06-2023,New
104409,30,Karaj,25-11-2023,Regular
104410,33,Tabriz,19-08-2023,Regular
104411,23,Mashhad,16-12-2024,Regular
104412,46,Mashhad,04-08-2025,Regular
104413,34,Tehran,07-10-2023,Regular
104414,52,Kerman,07-09-2025,Regular
104415,41,Ahvaz,22-03-2024,Regular
104416,39,Shiraz,01-04-2023,Regular
104417,40,Mashhad,20-12-2023,VIP
104418,25,Karaj,14-08-2025,New
104419,52,Shiraz,04-06-2025,Regular
104420,22,Kerman,08-03-2025,Regular
104421,52,Tehran,12-03-2024,Regular
104422,65,Tehran,29-04-2025,VIP
104423,54,Shiraz,16-02-2025,Regular
104424,39,Tehran,17-05-2025,Regular
104425,33,Tabriz,02-09-2024,New
104426,59,Qom,09-07-2024,Regular
104427,30,Tehran,24-11-2025,New
104428,41,Isfahan,02-11-2025,Regular
104429,55,Karaj,10-08-2024,VIP
104430,62,Ahvaz,08-08-2023,Regular
104431,62,Isfahan,23-03-2024,Regular
104432,22,Tehran,06-07-2024,New
104433,61,Shiraz,11-01-2025,Regular
104434,23,Isfahan,15-12-2023,New
104435,46,Karaj,19-02-2023,New
104436,62,Shiraz,19-06-2025,VIP
104437,49,Tehran,05-11-2025,Regular
104438,63,Karaj,01-04-2023,New
104439,34,Shiraz,15-12-2023,Regular
104440,33,Tehran,19-04-2024,New
104441,33,Shiraz,12-04-2025,Regular
104442,35,Rasht,26-04-2025,New
104443,50,Karaj,11-01-2024,New
104444,39,Mashhad,09-12-2023,Regular
104445,53,Karaj,19-03-2024,Regular
104446,37,Mashhad,21-09-2023,Regular
104447,32,Shiraz,22-04-2024,Regular
104448,27,Shiraz,15-10-2023,VIP
104449,44,Tehran,07-03-2023,Regular
104450,61,Mashhad,20-02-2025,VIP
104451,59,Rasht,11-05-2025,VIP
104452,30,Tehran,11-11-2023,Regular
104453,40,Qom,14-03-2024,New
104454,51,Tabriz,16-03-2024,New
104455,47,Shiraz,25-01-2023,Regular
104456,21,Tehran,20-08-2024,Regular
104457,46,Tehran,16-05-2024,Regular
104458,19,Tehran,27-10-2025,Regular
104459,23,Shiraz,12-02-2024,Regular
104460,49,Kerman,19-05-2025,Regular
104461,22,Ahvaz,03-03-2024,Regular
104462,34,Tehran,22-07-2023,New
104463,46,Tehran,17-01-2024,Regular
104464,49,Tehran,24-08-2025,New
104465,39,Kerman,08-10-2023,New
104466,22,Tehran,14-07-2025,Regular
104467,56,Tehran,29-12-2024,New
104468,63,Tabriz,27-03-2025,VIP
104469,60,Shiraz,03-04-2025,Regular
104470,53,Tehran,20-07-2024,Regular
104471,37,Tabriz,21-10-2024,New
104472,60,Tehran,18-03-2023,Regular
104473,41,Tehran,04-02-2025,Regular
104474,24,Tehran,18-02-2025,Regular
104475,58,Mashhad,24-04-2023,Regular
104476,33,Kerman,21-07-2024,Regular
104477,63,Shiraz,11-07-2024,Regular
104478,35,Karaj,06-12-2023,Regular
104479,59,Mashhad,14-03-2023,Regular
104480,43,Karaj,11-01-2023,New
104481,40,Kerman,17-08-2023,VIP
104482,32,Mashhad,10-09-2023,Regular
104483,58,Kerman,21-08-2023,New
104484,20,Tabriz,25-10-2024,New
104485,40,Karaj,06-04-2024,Regular
104486,35,Tehran,03-05-2023,New
104487,44,Tabriz,02-04-2023,Regular
104488,30,Shiraz,18-12-2024,Regular
104489,49,Kerman,20-10-2025,VIP
104490,36,Rasht,16-06-2025,New
104491,27,Mashhad,09-04-2025,Regular
104492,27,Rasht,15-12-2023,New
104493,51,Ahvaz,09-02-2025,Regular
104494,30,Shiraz,31-03-2023,Regular
104495,32,Tehran,07-07-2023,Regular
104496,48,Tehran,02-06-2023,Regular
104497,33,Tehran,21-07-2023,New
104498,36,Tehran,27-01-2024,New
104499,29,Kerman,17-02-2023,Regular
104500,34,Tehran,09-06-2025,New
104501,51,Karaj,21-02-2025,Regular
104502,43,Tabriz,25-11-2024,Regular
104503,65,Tabriz,12-07-2023,Regular
104504,55,Tehran,08-08-2025,VIP
104505,18,Shiraz,07-01-2023,Regular
104506,36,Tabriz,24-12-2025,VIP
104507,31,Shiraz,06-03-2025,Regular
104508,46,Tehran,10-08-2023,New
104509,30,Karaj,04-08-2023,Regular
104510,64,Tehran,30-01-2025,Regular
104511,32,Shiraz,03-06-2025,Regular
104512,43,Isfahan,25-05-2024,Regular
104513,23,Tehran,07-03-2023,Regular
104514,61,Qom,24-06-2024,Regular
104515,61,Tehran,08-06-2024,Regular
104516,56,Rasht,23-12-2023,New
104517,34,Ahvaz,15-09-2025,VIP
104518,20,Mashhad,11-01-2024,Regular
104519,52,Mashhad,24-09-2023,Regular
104520,38,Tehran,10-01-2025,Regular
104521,65,Rasht,08-11-2024,New
104522,51,Tabriz,10-11-2024,New
104523,43,Tehran,05-07-2024,Regular
104524,65,Shiraz,15-12-2023,VIP
104525,56,Tehran,10-10-2023,Regular
104526,40,Shiraz,10-05-2023,Regular
104527,18,Isfahan,23-07-2023,New
104528,22,,25-09-2024,Regular
104529,39,Qom,20-03-2024,Regular
104530,44,Tehran,20-03-2025,Regular
104531,19,Shiraz,30-05-2025,Regular
104532,24,Tabriz,03-09-2024,Regular
104533,,Kerman,25-04-2023,Regular
104534,54,Isfahan,04-01-2023,VIP
104535,19,Rasht,08-09-2023,Regular
104536,42,Mashhad,06-11-2023,New
104537,21,Ahvaz,22-03-2023,Regular
104538,52,Tehran,02-05-2025,Regular
104539,58,Karaj,06-02-2024,New
104540,59,Tehran,24-03-2025,Regular
104541,46,Kerman,17-08-2023,New
104542,48,Kerman,12-01-2023,Regular
104543,62,Isfahan,30-05-2023,Regular
104544,47,Shiraz,29-05-2024,Regular
104545,39,Shiraz,09-06-2024,Regular
104546,54,Tehran,23-04-2024,Regular
104547,46,Tabriz,16-11-2025,New
104548,58,Karaj,15-12-2024,New
104549,43,Shiraz,12-03-2025,Regular
104550,59,Tehran,17-05-2023,VIP
104551,20,Rasht,24-05-2024,New
104552,19,Tehran,11-11-2024,New
104553,22,Tabriz,02-10-2024,VIP
104554,44,Tehran,02-11-2025,New
104555,52,,04-06-2024,VIP
104556,28,Tehran,12-02-2024,Regular
104557,25,Mashhad,31-10-2025,New
104558,59,Tabriz,05-01-2024,New
104559,54,Shiraz,16-09-2024,VIP
104560,49,Tabriz,31-01-2023,New
104561,41,Tabriz,01-07-2023,Regular
104562,38,Tehran,04-03-2023,New
104563,18,Tehran,02-04-2024,Regular
104564,27,Tabriz,17-10-2025,Regular
104565,61,Tabriz,20-03-2023,Regular
104566,34,Shiraz,04-12-2025,New
104567,51,Tehran,09-08-2025,Regular
104568,51,Qom,07-01-2023,Regular
104569,32,Tehran,17-01-2023,New
104570,27,Tabriz,13-09-2025,Regular
104571,51,Tehran,02-10-2024,Regular
104572,22,Tabriz,10-07-2023,New
104573,41,Isfahan,10-11-2025,VIP
104574,60,Karaj,06-09-2024,Regular
104575,52,Tehran,26-11-2024,New
104576,54,Shiraz,12-01-2025,New
104577,21,Tehran,09-08-2023,Regular
104578,27,Karaj,29-01-2024,New
104579,31,Tehran,21-05-2023,New
104580,32,Tehran,02-08-2024,Regular
104581,27,Karaj,17-12-2025,Regular
104582,64,Tehran,18-11-2024,New
104583,25,Tehran,27-01-2025,Regular
104584,51,Qom,01-08-2023,Regular
104585,46,Qom,16-08-2024,Regular
104586,47,Ahvaz,24-12-2025,VIP
104587,28,Mashhad,07-04-2023,New
104588,32,Shiraz,12-08-2023,New
104589,47,Karaj,27-02-2025,New
104590,32,Tehran,12-01-2023,New
104591,51,Karaj,15-08-2023,Regular
104592,19,Tehran,30-10-2025,New
104593,21,Rasht,21-01-2023,Regular
104594,52,Tabriz,14-04-2024,VIP
104595,47,Isfahan,28-12-2023,Regular
104596,20,Isfahan,12-03-2024,Regular
104597,61,Tehran,10-10-2023,Regular
104598,18,Mashhad,29-10-2023,Regular
104599,63,Karaj,13-04-2025,Regular
104600,53,Shiraz,29-01-2023,Regular
104601,65,Mashad,22-05-2023,New
104602,63,Tehran,17-10-2023,New
104603,33,Karaj,24-06-2025,Regular
104604,54,Mashhad,06-03-2024,Regular
104605,28,Tehran,08-02-2023,New
104606,40,Rasht,23-07-2024,New
104607,29,Isfahan,17-11-2024,Regular
104608,41,Shiraz,16-05-2024,New
104609,59,Kerman,08-04-2023,Regular
104610,38,Mashhad,20-08-2025,New
104611,22,Rasht,28-07-2025,New
104612,33,Karaj,24-09-2025,Regular
104613,55,Tabriz,21-11-2025,New
104614,43,Tehran,14-12-2023,New
104615,44,Tehran,06-04-2024,VIP
104616,38,Isfahan,16-11-2025,Regular
104617,32,Tehran,07-05-2024,Regular
104618,46,Tehran,05-08-2025,Regular
104619,48,Shiraz,10-12-2024,New
104620,61,Karaj,12-10-2025,Regular
104621,47,Tehran,12-01-2023,Regular
104622,65,Karaj,12-02-2025,New
104623,57,Rasht,26-05-2025,New
104624,21,Karaj,06-08-2023,Regular
104625,36,Qom,16-03-2025,New
104626,36,Karaj,02-08-2023,New
104627,18,Tehran,17-09-2025,Regular
104628,26,Mashhad,21-09-2025,Regular
104629,54,Rasht,05-01-2023,Regular
104630,34,Tabriz,09-07-2024,New
104631,25,Qom,23-02-2024,Regular
104632,31,Kerman,02-09-2025,Regular
104633,31,tehran,17-12-2023,Regular
104634,26,Mashhad,27-02-2025,Regular
104635,,Tabriz,08-05-2023,Regular
104636,54,Tehran,21-08-2023,New
104637,57,Shiraz,14-12-2025,Regular
104638,41,Qom,26-02-2024,Regular
104639,47,,18-04-2025,Regular
104640,62,Mashhad,25-11-2025,New
104641,58,Karaj,22-11-2025,New
104642,19,Tehran,22-01-2023,Regular
104643,63,Rasht,12-09-2023,New
104644,21,Tehran,21-02-2025,Regular
104645,19,Ahvaz,11-10-2025,New
104646,37,Isfahan,07-12-2025,VIP
104647,53,Isfahan,27-02-2025,New
104648,21,Isfahan,25-04-2023,Regular
104649,32,Tehran,24-03-2025,Regular
104650,30,Isfahan,25-10-2023,VIP
104651,37,Ahvaz,04-06-2025,VIP
104652,65,Qom,21-08-2024,Regular
104653,33,Tehran,21-07-2023,New
104654,28,Tabriz,12-07-2025,Regular
104655,23,Ahvaz,18-12-2025,Regular
104656,27,Qom,08-07-2024,Regular
104657,24,Isfahan,08-06-2025,Regular
104658,45,Tehran,07-03-2023,Regular
104659,38,Rasht,24-10-2023,New
104660,41,Mashhad,20-05-2023,New
104661,57,Mashhad,07-11-2023,New
104662,45,Karaj,16-02-2024,Regular
104663,25,Tehran,17-04-2024,Regular
104664,36,Ahvaz,20-12-2023,New
104665,33,Tehran,19-08-2024,Regular
104666,57,Karaj,29-08-2023,New
104667,32,Kerman,16-01-2024,Regular
104668,24,Kerman,08-07-2025,Regular
104669,53,Rasht,07-09-2024,Regular
104670,38,Ahvaz,30-01-2023,New
104671,22,Tehran,26-12-2023,Regular
104672,51,Kerman,27-06-2025,Regular
104673,28,Rasht,17-07-2023,Regular
104674,59,Shiraz,06-10-2025,VIP
104675,,Mashhad,20-11-2023,New
104676,35,Tehran,20-11-2024,New
104677,44,Shiraz,04-06-2024,New
104678,45,Karaj,15-11-2024,Regular
104679,49,Mashhad,23-05-2025,New
104680,21,Mashhad,13-06-2023,VIP
104681,33,Shiraz,21-01-2024,Regular
104682,26,Tehran,14-09-2024,Regular
104683,51,Kerman,13-10-2023,Regular
104684,21,Mashhad,15-02-2024,Regular
104685,42,Tehran,27-08-2025,Regular
104686,52,Tehran,08-09-2023,Regular
104687,63,Ahvaz,27-07-2023,Regular
104688,31,Ahvaz,30-09-2024,New
104689,18,Tehran,20-04-2023,Regular
104690,52,Tehran,02-01-2023,Regular
104691,18,Isfahan,10-08-2025,Regular
104692,21,Tehran,30-10-2023,New
104693,65,Karaj,12-05-2023,New
104694,59,Tehran,19-12-2024,New
104695,51,Shiraz,10-06-2024,Regular
104696,58,Mashhad,13-05-2024,New
104697,21,Isfahan,25-04-2024,VIP
104698,22,Isfahan,09-06-2023,VIP
104699,32,Tehran,29-07-2025,New
104700,19,Tehran,02-01-2023,Regular
104701,60,Tehran,13-06-2024,New
104702,20,Tehran,24-10-2023,New
104703,44,Kerman,03-12-2024,New
104704,58,Tehran,24-08-2024,Regular
104705,53,Mashhad,26-02-2024,Regular
104706,29,Tehran,08-08-2024,New
104707,40,Karaj,06-09-2023,New
104708,44,Rasht,24-05-2023,Regular
104709,54,Qom,18-09-2025,Regular
104710,38,Tabriz,02-11-2024,New
104711,31,Qom,16-12-2024,Regular
104712,56,Mashhad,29-12-2025,VIP
104713,60,Ahvaz,17-09-2025,Regular
104714,41,Qom,02-10-2024,Regular
104715,19,Tehran,17-05-2025,Regular
104716,42,Isfahan,31-07-2024,Regular
104717,60,Tehran,18-09-2023,Regular
104718,65,Tehran,12-11-2024,Regular
104719,37,Ahvaz,26-09-2025,Regular
104720,25,Tehran,21-08-2025,New
104721,45,Karaj,07-07-2024,Regular
104722,57,Kerman,01-11-2025,New
104723,63,Isfahan,05-08-2023,New
104724,20,Mashhad,14-02-2023,Regular
104725,31,Tabriz,17-03-2024,Regular
104726,40,Qom,13-08-2023,New
104727,22,Tehran,14-11-2025,New
104728,60,Tehran,07-05-2023,Regular
104729,23,Tabriz,08-08-2024,Regular
104730,49,Rasht,25-04-2025,Regular
104731,62,Mashhad,02-05-2023,Regular
104732,50,Mashhad,19-02-2023,Regular
104733,54,Kerman,29-08-2024,New
104734,30,Tehran,15-09-2025,Regular
104735,,Tehran,18-01-2023,New
104736,38,Shiraz,23-01-2023,Regular
104737,20,Tehran,10-10-2025,Regular
104738,35,Tehran,21-10-2024,New
104739,34,,07-02-2025,Regular
104740,43,Tabriz,29-10-2023,New
104741,30,Shiraz,09-12-2023,Regular
104742,40,Mashhad,30-05-2024,New
104743,38,Shiraz,23-08-2023,Regular
104744,33,Tabriz,28-04-2024,Regular
104745,51,Qom,10-11-2025,New
104746,32,Qom,31-03-2025,Regular
104747,54,Tabriz,09-08-2025,New
104748,30,Rasht,27-06-2024,Regular
104749,59,Ahvaz,12-05-2025,Regular
104750,35,Tehran,06-04-2024,New
104751,19,Kerman,07-11-2024,New
104752,25,Rasht,10-03-2025,New
104753,56,Mashhad,22-06-2025,Regular
104754,59,Tehran,10-10-2025,Regular
104755,28,Tabriz,26-04-2023,New
104756,46,Isfahan,19-05-2025,New
104757,45,Karaj,16-02-2025,Regular
104758,24,Shiraz,17-03-2025,New
104759,39,Tehran,17-01-2023,New
104760,51,Tehran,18-06-2024,Regular
104761,64,Ahvaz,18-11-2025,New
104762,58,Tehran,12-09-2025,VIP
104763,22,Karaj,10-09-2023,New
104764,29,Mashhad,16-06-2024,Regular
104765,38,Isfahan,03-08-2025,Regular
104766,25,Shiraz,15-10-2025,New
104767,45,Tehran,29-12-2023,Regular
104768,18,Tabriz,29-05-2025,VIP
104769,23,Karaj,03-07-2025,Regular
104770,20,Tehran,14-06-2023,New
104771,32,Mashhad,04-02-2023,VIP
104772,54,Karaj,21-02-2023,New
104773,26,Karaj,09-06-2023,New
104774,65,Shiraz,22-03-2025,New
104775,30,Karaj,02-03-2024,Regular
104776,20,Tehran,20-01-2025,New
104777,34,Tehran,09-04-2023,New
104778,53,Tabriz,21-10-2024,VIP
104779,23,Karaj,26-03-2025,Regular
104780,21,Qom,04-12-2025,New
104781,58,Tehran,16-12-2023,Regular
104782,46,Shiraz,20-08-2024,New
104783,34,Tabriz,12-06-2024,Regular
104784,54,Tehran,16-01-2024,New
104785,58,Shiraz,01-12-2024,Regular
104786,35,Tabriz,10-09-2024,Regular
104787,44,Tehran,01-07-2025,New
104788,18,Mashhad,01-02-2023,New
104789,32,Tehran,31-08-2023,Regular
104790,46,Rasht,26-09-2024,Regular
104791,27,Tehran,20-09-2024,Regular
104792,65,Tehran,15-09-2025,Regular
104793,64,Tehran,08-01-2025,VIP
104794,30,Tehran,05-01-2023,Regular
104795,37,Tehran,19-06-2024,VIP
104796,27,Tabriz,14-07-2025,Regular
104797,42,Tehran,14-08-2025,New
104798,23,Mashhad,28-05-2025,Regular
104799,36,Tehran,06-06-2024,New
104800,44,Mashhad,27-04-2023,New
104801,47,Tehran,22-08-2023,New
104802,46,Tabriz,16-07-2025,Regular
104803,28,Karaj,08-01-2024,Regular
104804,56,Karaj,16-04-2025,Regular
104805,51,Tehran,09-02-2023,New
104806,54,Ahvaz,21-06-2024,VIP
104807,40,Karaj,06-11-2025,Regular
104808,60,Tehran,26-09-2023,New
104809,,Isfahan,03-02-2023,New
104810,56,Karaj,12-11-2023,New
104811,27,Mashhad,11-03-2023,VIP
104812,29,Mashhad,01-11-2024,New
104813,43,Tabriz,29-07-2023,VIP
104814,44,Tehran,27-09-2023,New
104815,53,Kerman,05-10-2024,Regular
104816,32,Tehran,23-12-2023,New
104817,59,Tehran,13-12-2024,Regular
104818,33,Tehran,16-10-2025,Regular
104819,43,Mashhad,16-10-2025,New
104820,62,Ahvaz,09-03-2025,VIP
104821,43,Qom,26-11-2025,Regular
104822,50,Rasht,17-03-2025,New
104823,61,Shiraz,16-03-2023,Regular
104824,64,Isfahan,12-11-2025,New
104825,41,Mashhad,12-09-2024,VIP
104826,38,Tehran,07-01-2023,Regular
104827,27,Rasht,10-11-2024,New
104828,43,Isfahan,25-09-2023,New
104829,62,Isfahan,08-08-2024,New
104830,41,Shiraz,21-12-2024,VIP
104831,34,Qom,31-01-2023,New
104832,23,Tehran,24-04-2024,New
104833,36,Karaj,02-03-2023,Regular
104834,29,Karaj,04-05-2023,New
104835,64,Ahvaz,20-08-2023,New
104836,43,Tehran,05-05-2025,Regular
104837,24,Tehran,28-03-2024,New
104838,21,Isfahan,21-02-2023,Regular
104839,58,Ahvaz,29-03-2025,Regular
104840,62,Kerman,18-08-2024,New
104841,54,Shiraz,05-06-2023,Regular
104842,23,Tehran,07-09-2024,New
104843,22,Tehran,30-09-2023,Regular
104844,27,Tabriz,27-11-2024,Regular
104845,54,Tehran,03-11-2025,Regular
104846,54,Shiraz,12-12-2023,Regular
104847,58,Ahvaz,27-03-2025,Regular
104848,22,Mashhad,26-01-2023,New
104849,25,Mashhad,21-03-2024,VIP
104850,61,Tehran,31-08-2025,New
104851,62,Tehran,23-03-2023,Regular
104852,52,Karaj,14-10-2025,Regular
104853,23,Mashhad,13-04-2023,New
104854,21,Tehran,11-06-2024,Regular
104855,20,Tehran,18-07-2023,VIP
104856,51,Tehran,23-01-2023,Regular
104857,58,Tabriz,18-01-2024,Regular
104858,48,Tabriz,28-09-2024,Regular
104859,30,Shiraz,02-03-2025,Regular
104860,54,Isfahan,12-12-2023,New
104861,20,Tehran,23-06-2024,Regular
104862,57,Isfahan,19-07-2023,New
104863,60,Tehran,09-03-2025,Regular
104864,52,Rasht,05-07-2023,Regular
104865,60,Tehran,31-07-2025,Regular
104866,46,Isfahan,16-07-2023,Regular
104867,40,Tehran,28-12-2024,New
104868,33,Qom,29-12-2023,New
104869,62,Tehran,27-12-2025,New
104870,51,Rasht,04-11-2023,New
104871,27,Tehran,04-11-2025,New
104872,63,Qom,04-07-2025,Regular
104873,20,Tabriz,27-05-2024,Regular
104874,46,Tehran,26-06-2024,Regular
104875,27,Tehran,23-01-2024,VIP
104876,49,Mashhad,13-04-2024,Regular
104877,,Qom,25-05-2024,New
104878,38,Ahvaz,09-06-2023,Regular
104879,50,Tehran,20-12-2023,VIP
104880,54,Mashhad,17-08-2025,New
104881,36,Tehran,07-12-2025,Regular
104882,65,Tehran,02-03-2023,VIP
104883,,Tabriz,12-03-2025,Regular
104884,25,Mashhad,20-09-2023,Regular
104885,18,Tehran,17-12-2024,Regular
104886,27,Ahvaz,11-11-2024,New
104887,51,Karaj,20-08-2025,Regular
104888,43,Karaj,08-02-2025,Regular
104889,34,Tehran,20-06-2025,New
104890,41,Rasht,27-05-2025,New
104891,58,Shiraz,09-12-2024,New
104892,45,Isfahan,25-03-2024,Regular
104893,20,Tehran,05-01-2024,Regular
104894,20,Rasht,15-01-2024,Regular
104895,41,Shiraz,28-01-2024,New
104896,37,Qom,12-11-2023,Regular
104897,58,Tabriz,07-12-2023,New
104898,45,Qom,14-09-2024,VIP
104899,54,Karaj,23-10-2023,Regular
104900,46,Rasht,17-01-2024,Regular
104901,34,Tehran,15-02-2025,New
104902,49,Tehran,26-12-2023,New
104903,,Karaj,27-04-2023,New
104904,52,Isfahan,19-01-2023,Regular
104905,27,Shiraz,17-04-2025,New
104906,48,Karaj,04-11-2025,Regular
104907,31,Shiraz,17-01-2025,New
104908,55,Qom,08-03-2023,Regular
104909,56,Mashhad,08-09-2024,New
104910,47,Ahvaz,24-10-2023,New
104911,63,Tehran,18-12-2023,Regular
104912,43,Tabriz,05-10-2025,Regular
104913,19,Rasht,21-06-2025,Regular
104914,47,Tehran,16-03-2025,Regular
104915,55,Mashhad,02-07-2024,New
104916,22,Mashhad,25-09-2024,Regular
104917,23,Shiraz,29-09-2025,Regular
104918,31,Isfahan,24-12-2024,New
104919,58,Tehran,25-09-2024,Regular
104920,43,Rasht,17-04-2023,New
104921,64,Tehran,27-12-2025,New
104922,59,Shiraz,04-06-2025,New
104923,44,Shiraz,04-02-2024,Regular
104924,50,Tehran,01-10-2023,New
104925,33,Tehran,25-11-2025,Regular
104926,22,Kerman,13-11-2025,Regular
104927,37,Tabriz,05-04-2024,New
104928,46,Tehran,11-09-2023,Regular
104929,26,Qom,23-05-2025,New
104930,28,Isfahan,15-11-2024,New
104931,18,Tehran,12-09-2025,VIP
104932,53,Karaj,20-08-2024,Regular
104933,61,Isfahan,27-08-2024,New
104934,57,Tehran,06-06-2023,Regular
104935,36,Ahvaz,22-10-2024,VIP
104936,46,Mashhad,02-02-2024,Regular
104937,64,Mashhad,13-08-2023,Regular
104938,46,Tehran,05-05-2025,Regular
104939,32,Karaj,14-01-2024,Regular
104940,34,Karaj,21-08-2023,Regular
104941,52,Rasht,17-11-2025,Regular
104942,39,Tehran,20-11-2025,Regular
104943,58,Qom,25-06-2024,New
104944,59,Shiraz,20-11-2023,New
104945,19,Mashhad,27-06-2023,Regular
104946,52,,17-11-2024,New
104947,35,Qom,30-10-2024,New
104948,42,Tehran,08-11-2024,Regular
104949,30,Tabriz,20-04-2025,VIP
104950,35,Shiraz,30-05-2024,New
104951,33,Tehran,18-01-2025,New
104952,20,Kerman,18-12-2024,Regular
104953,55,Qom,21-05-2025,Regular
104954,24,Isfahan,25-03-2025,Regular
104955,36,Karaj,09-02-2023,Regular
104956,27,Isfahan,08-11-2024,Regular
104957,25,Karaj,04-12-2025,New
104958,35,Tehran,05-09-2024,Regular
104959,62,Isfahan,03-08-2024,Regular
104960,63,Mashhad,26-10-2024,New
104961,36,Isfahan,05-09-2024,New
104962,42,Isfahan,16-03-2024,Regular
104963,65,Tehran,24-12-2025,Regular
104964,29,Kerman,19-03-2023,Regular
104965,63,Tehran,10-06-2025,Regular
104966,23,Tehran,24-06-2023,Regular
104967,28,Mashhad,15-08-2023,New
104968,34,Tabriz,26-10-2024,VIP
104969,19,Tehran,29-11-2024,Regular
104970,57,Shiraz,12-10-2025,New
104971,59,Karaj,19-11-2023,Regular
104972,36,Tehran,29-01-2023,New
104973,58,Kerman,07-10-2023,VIP
104974,55,Mashhad,18-08-2024,Regular
104975,56,Tabriz,27-01-2024,Regular
104976,56,Tehran,04-10-2023,VIP
104977,45,Karaj,27-09-2025,Regular
104978,23,Ahvaz,07-09-2024,New
104979,62,Tehran,05-01-2025,Regular
104980,47,Tehran,31-03-2025,Regular
104981,61,Mashhad,24-03-2024,New
104982,64,Tehran,16-03-2025,Regular
104983,26,Kerman,21-11-2025,Regular
104984,37,Shiraz,04-03-2025,Regular
104985,27,Tabriz,22-11-2023,VIP
104986,20,Kerman,02-05-2025,Regular
104987,64,Ahvaz,16-09-2023,Regular
104988,62,Qom,21-03-2023,Regular
104989,62,Mashhad,01-05-2024,New
104990,60,Mashhad,11-07-2024,New
104991,49,Mashhad,29-05-2024,VIP
104992,43,tehran,14-10-2023,Regular
104993,65,Mashhad,26-10-2023,Regular
104994,44,Tehran,05-10-2025,New
104995,48,Mashhad,16-11-2023,New
104996,28,Isfahan,07-05-2025,New
104997,53,Mashhad,10-10-2023,Regular
104998,57,Tehran,28-04-2023,Regular
104999,50,tehran,11-03-2023,New
105000,,Isfahan,24-09-2023,Regular
105001,27,Karaj,10-07-2025,VIP
105002,19,Karaj,13-05-2024,VIP
105003,48,Tehran,31-01-2025,Regular
105004,50,Tehran,20-11-2025,Regular
105005,55,Mashhad,22-02-2023,Regular
105006,63,Tehran,01-05-2023,Regular
105007,41,Mashhad,04-10-2025,New
105008,57,Kerman,13-09-2024,Regular
105009,52,Tehran,07-11-2024,Regular
105010,31,Mashhad,09-01-2024,Regular
105011,58,tehran,24-06-2025,New
105012,20,Isfahan,08-12-2024,New
105013,46,Tehran,10-10-2023,Regular
105014,63,Tehran,11-12-2024,New
105015,49,Rasht,05-01-2023,New
105016,62,Tehran,21-09-2023,Regular
105017,20,Tabriz,12-08-2023,Regular
105018,43,Qom,10-05-2025,New
105019,55,Tehran,15-03-2025,New
105020,48,Karaj,10-04-2023,Regular
105021,60,Tehran,19-09-2025,VIP
105022,40,Mashhad,14-06-2025,Regular
105023,50,Mashhad,21-04-2024,Regular
105024,38,Kerman,21-08-2023,New
105025,59,Tehran,05-04-2024,Regular
105026,23,Tehran,07-10-2024,Regular
105027,30,Rasht,20-11-2024,Regular
105028,22,Tehran,16-01-2024,Regular
105029,51,Ahvaz,22-04-2023,New
105030,29,Tabriz,29-10-2024,New
105031,33,Shiraz,11-02-2025,Regular
105032,58,,20-10-2023,New
105033,35,Karaj,01-12-2024,Regular
105034,24,Tehran,15-09-2024,Regular
105035,19,Kerman,02-07-2024,New
105036,28,Rasht,09-01-2023,Regular
105037,61,Rasht,03-12-2023,Regular
105038,44,Tabriz,15-02-2024,Regular
105039,65,Shiraz,02-07-2025,New
105040,28,Shiraz,23-06-2025,New
105041,34,Tehran,14-08-2025,New
105042,25,Isfahan,21-05-2024,New
105043,37,Tabriz,24-12-2023,Regular
105044,45,Tabriz,30-06-2024,Regular
105045,56,Mashhad,16-05-2025,New
105046,35,Isfahan,11-11-2024,VIP
105047,55,Tabriz,20-10-2024,New
105048,,Isfahan,20-04-2024,Regular
105049,32,Kerman,01-02-2025,Regular
105050,61,Karaj,07-08-2025,Regular
105051,38,Tehran,01-01-2025,New
105052,25,Tehran,17-03-2024,VIP
105053,64,Karaj,08-07-2025,Regular
105054,61,Isfahan,29-10-2025,New
105055,20,Ahvaz,22-05-2025,New
105056,61,Tehran,18-08-2025,VIP
105057,63,Tehran,18-10-2023,New
105058,57,Mashhad,06-04-2024,Regular
105059,30,Karaj,01-10-2023,New
105060,48,Kerman,05-02-2024,New
105061,43,Ahvaz,14-03-2025,Regular
105062,47,Isfahan,10-01-2025,VIP
105063,47,Qom,04-01-2023,New
105064,48,Tehran,07-04-2025,New
105065,,Shiraz,30-07-2023,Regular
105066,51,Rasht,23-07-2023,Regular
105067,43,Mashhad,18-08-2024,Regular
105068,18,Kerman,21-09-2023,New
105069,19,Tehran,20-11-2025,VIP
105070,63,Tehran,10-06-2023,New
105071,61,Shiraz,16-06-2023,New
105072,46,Rasht,12-04-2025,New
105073,26,Mashhad,10-11-2023,New
105074,55,Qom,21-02-2025,Regular
105075,24,Tehran,16-01-2025,New
105076,36,Karaj,27-07-2023,Regular
105077,33,Shiraz,26-09-2024,Regular
105078,18,Tehran,10-08-2024,New
105079,56,Karaj,14-04-2023,Regular
105080,42,Karaj,16-04-2025,Regular
105081,33,Shiraz,27-07-2025,New
105082,42,Tehran,02-11-2025,New
105083,18,Tehran,07-04-2023,Regular
105084,38,Kerman,15-07-2023,Regular
105085,42,Tabriz,22-06-2025,Regular
105086,34,Qom,30-11-2023,Regular
105087,57,Karaj,15-11-2024,New
105088,29,Qom,17-01-2024,VIP
105089,24,Tehran,27-08-2023,New
105090,43,Isfahan,15-11-2024,New
105091,60,Tabriz,14-08-2023,Regular
105092,36,Tehran,30-05-2023,New
105093,20,Tehran,03-08-2024,Regular
105094,64,Tabriz,31-07-2023,New
105095,39,Ahvaz,30-07-2023,Regular
105096,26,Tabriz,04-05-2025,Regular
105097,47,Tehran,01-08-2024,Regular
105098,33,tehran,16-08-2024,Regular
105099,63,Tehran,07-06-2023,New
105100,32,Tehran,25-06-2023,Regular
105101,44,Kerman,03-03-2024,Regular
105102,44,Karaj,01-03-2024,Regular
105103,29,Rasht,09-05-2024,New
105104,41,Qom,28-05-2023,New
105105,23,Tabriz,10-09-2025,Regular
105106,48,Mashhad,02-02-2024,Regular
105107,54,Mashhad,12-06-2025,Regular
105108,63,Rasht,14-03-2024,VIP
105109,33,Ahvaz,01-06-2024,Regular
105110,31,Mashhad,03-05-2023,Regular
105111,44,Mashhad,10-01-2025,Regular
105112,51,Mashhad,07-03-2023,New
105113,65,Mashhad,29-03-2025,Regular
105114,19,Ahvaz,23-08-2025,Regular
105115,29,Tehran,31-01-2024,New
105116,30,Isfahan,29-08-2025,New
105117,30,Rasht,04-02-2025,Regular
105118,40,Shiraz,03-01-2023,Regular
105119,59,Isfahan,11-08-2023,New
105120,19,Mashhad,03-12-2024,New
105121,57,Tehran,07-02-2025,New
105122,47,Tehran,13-04-2023,Regular
105123,47,Tehran,19-01-2025,Regular
105124,50,Tehran,06-06-2025,VIP
105125,23,Tehran,11-04-2023,Regular
105126,53,Mashhad,21-08-2025,New
105127,29,Tehran,06-08-2024,New
105128,42,Kerman,06-11-2024,Regular
105129,50,Tehran,25-02-2023,Regular
105130,46,Mashhad,02-11-2024,Regular
105131,33,Mashad,12-05-2024,New
105132,37,Tehran,11-02-2024,VIP
105133,40,Isfahan,04-05-2025,New
105134,19,Ahvaz,01-10-2023,Regular
105135,52,Shiraz,07-03-2023,Regular
105136,22,Tehran,30-06-2024,Regular
105137,40,Karaj,25-03-2025,Regular
105138,49,Karaj,27-05-2023,Regular
105139,21,Mashhad,14-12-2025,Regular
105140,65,Tehran,06-01-2025,Regular
105141,36,Tehran,19-10-2025,Regular
105142,18,Qom,29-05-2024,Regular
105143,49,Mashhad,15-05-2023,Regular
105144,44,Tehran,14-07-2023,Regular
105145,48,Shiraz,02-07-2024,Regular
105146,54,Rasht,06-10-2024,Regular
105147,40,Tehran,14-03-2025,New
105148,57,Tehran,20-05-2025,Regular
105149,35,Isfahan,15-04-2025,VIP
105150,44,Tabriz,06-10-2024,New
105151,25,Isfahan,20-01-2023,New
105152,47,Rasht,02-08-2024,New
105153,30,Tehran,16-06-2025,Regular
105154,51,Mashhad,17-07-2025,New
105155,56,Mashhad,02-07-2025,Regular
105156,59,Mashhad,12-01-2023,New
105157,62,,21-04-2024,New
105158,23,Qom,06-11-2024,New
105159,24,Mashhad,29-09-2023,New
105160,62,Karaj,24-03-2024,Regular
105161,36,Tehran,17-04-2023,VIP
105162,19,Shiraz,31-07-2023,Regular
105163,31,Mashhad,07-01-2023,Regular
105164,58,Shiraz,08-12-2025,New
105165,35,Tehran,30-07-2025,Regular
105166,21,Kerman,18-03-2024,Regular
105167,52,Rasht,05-01-2023,Regular
105168,27,Qom,03-01-2024,Regular
105169,34,Rasht,20-04-2024,New
105170,18,Tehran,05-07-2023,New
105171,46,Isfahan,25-12-2024,New
105172,39,Mashhad,28-12-2025,Regular
105173,59,Ahvaz,13-07-2025,Regular
105174,34,Tehran,26-07-2025,VIP
105175,27,Tehran,28-06-2025,New
105176,25,Karaj,18-03-2023,Regular
105177,27,Tehran,26-08-2024,Regular
105178,39,Karaj,11-09-2024,New
105179,22,Tehran,21-04-2023,New
105180,37,Tabriz,11-06-2023,Regular
105181,59,Ahvaz,10-09-2024,Regular
105182,54,Tabriz,22-02-2025,New
105183,48,Tehran,17-08-2023,New
105184,60,Tehran,14-06-2024,New
105185,55,Tehran,24-03-2023,Regular
105186,49,Tehran,01-05-2023,Regular
105187,59,Shiraz,27-09-2024,New
105188,23,Mashhad,01-09-2024,Regular
105189,57,Tehran,01-04-2025,VIP
105190,32,Tehran,24-09-2025,New
105191,53,Rasht,28-07-2023,New
105192,61,Tehran,09-01-2024,New
105193,41,Mashhad,26-07-2025,New
105194,22,Isfahan,25-02-2023,Regular
105195,35,Tehran,25-06-2025,Regular
105196,37,Rasht,01-11-2025,Regular
105197,62,Tehran,20-04-2023,New
105198,63,Karaj,05-06-2023,Regular
105199,45,Tabriz,19-01-2025,New
105200,63,Qom,04-06-2024,New
105201,38,Tabriz,17-12-2025,New
105202,37,Karaj,19-08-2024,Regular
105203,58,Isfahan,18-12-2024,Regular
105204,50,Isfahan,17-09-2023,Regular
105205,43,Karaj,22-12-2023,Regular
105206,39,Shiraz,14-07-2023,New
105207,51,Shiraz,10-06-2023,Regular
105208,54,Tehran,04-05-2023,Regular
105209,41,Tehran,04-09-2025,VIP
105210,19,Mashhad,18-03-2023,Regular
105211,22,Tehran,19-07-2024,New
105212,24,Isfahan,10-07-2024,VIP
105213,40,Tehran,03-03-2023,Regular
105214,47,Shiraz,11-07-2025,New
105215,,Karaj,02-07-2024,New
105216,29,Shiraz,19-05-2023,New
105217,55,Karaj,21-05-2023,Regular
105218,49,Tehran,06-02-2025,Regular
105219,20,Tehran,09-11-2024,New
105220,34,Karaj,27-03-2024,New
105221,32,Qom,19-03-2024,Regular
105222,60,Karaj,08-02-2023,Regular
105223,62,Tabriz,04-02-2023,New
105224,57,Karaj,09-08-2024,New
105225,43,Karaj,03-02-2024,Regular
105226,41,Karaj,03-10-2023,VIP
105227,32,Karaj,20-02-2024,Regular
105228,55,Tehran,24-10-2024,Regular
105229,22,Tehran,18-11-2023,Regular
105230,31,Mashhad,18-01-2024,New
105231,24,Shiraz,06-11-2023,VIP
105232,41,,30-12-2024,Regular
105233,32,Mashhad,01-03-2023,Regular
105234,27,Tehran,02-10-2025,Regular
105235,36,Qom,30-08-2024,New
105236,59,Tehran,25-09-2023,Regular
105237,44,Qom,11-04-2025,Regular
105238,57,Tehran,26-10-2025,New
105239,61,Mashhad,05-03-2023,Regular
105240,61,Mashhad,12-08-2023,VIP
105241,34,Mashhad,07-06-2023,Regular
105242,60,Tehran,19-03-2023,Regular
105243,61,Tehran,19-03-2025,New
105244,64,Mashhad,31-07-2023,New
105245,34,Mashhad,24-02-2024,New
105246,28,Qom,11-06-2025,Regular
105247,46,Tehran,31-10-2024,Regular
105248,62,Mashhad,11-01-2025,VIP
105249,61,Tehran,17-04-2023,New
105250,45,Rasht,29-11-2025,VIP
105251,25,Qom,01-04-2023,VIP
105252,38,Kerman,16-02-2025,Regular
105253,52,Rasht,01-12-2024,Regular
105254,44,Mashhad,27-03-2024,Regular
105255,34,Karaj,06-07-2025,New
105256,34,Mashhad,04-09-2025,New
105257,20,Ahvaz,18-03-2023,New
105258,31,Isfahan,15-11-2025,New
105259,50,Mashhad,22-09-2023,Regular
105260,29,Rasht,16-05-2025,New
105261,65,Ahvaz,17-06-2025,New
105262,21,Kerman,01-09-2024,New
105263,46,Tehran,03-08-2025,Regular
105264,41,Tehran,23-06-2025,VIP
105265,57,Mashhad,26-07-2024,Regular
105266,60,Isfahan,16-07-2023,Regular
105267,44,Mashad,20-04-2024,VIP
105268,48,Mashhad,12-09-2025,Regular
105269,51,Qom,10-08-2023,Regular
105270,43,Tehran,30-12-2025,Regular
105271,26,Karaj,18-07-2023,VIP
105272,38,Ahvaz,29-12-2024,New
105273,29,Tabriz,02-12-2024,Regular
105274,,Mashhad,03-08-2023,Regular
105275,47,Tehran,01-06-2024,New
105276,,Tehran,08-06-2023,Regular
105277,29,Karaj,04-02-2024,Regular
105278,57,Isfahan,16-11-2025,Regular
105279,36,Tehran,01-03-2023,VIP
105280,27,Kerman,12-08-2025,Regular
105281,52,Tabriz,11-01-2025,Regular
105282,52,Ahvaz,30-03-2025,VIP
105283,57,Isfahan,05-11-2023,New
105284,54,Kerman,05-11-2025,New
105285,65,Tehran,05-10-2023,Regular
105286,45,Tehran,05-07-2024,Regular
105287,31,Rasht,10-02-2023,Regular
105288,59,Rasht,30-08-2025,Regular
105289,30,Isfahan,10-02-2025,New
105290,31,Tehran,28-06-2023,Regular
105291,57,Mashhad,26-12-2024,Regular
105292,60,tehran,20-07-2023,VIP
105293,34,Ahvaz,01-05-2024,New
105294,53,Mashhad,15-07-2024,Regular
105295,62,Tehran,16-10-2025,Regular
105296,56,Tabriz,31-12-2023,Regular
105297,18,Karaj,15-01-2023,New
105298,49,Isfahan,18-04-2024,New
105299,26,Shiraz,11-10-2025,New
105300,,Kerman,24-05-2025,Regular
105301,21,Tehran,06-03-2023,Regular
105302,65,Shiraz,28-02-2023,Regular
105303,26,Tabriz,08-04-2025,Regular
105304,38,Shiraz,28-02-2025,New
105305,29,Ahvaz,02-09-2024,New
105306,57,Tabriz,07-04-2023,Regular
105307,36,Isfahan,03-11-2023,Regular
105308,53,Tehran,17-07-2025,Regular
105309,21,Karaj,02-06-2023,Regular
105310,39,Tehran,10-08-2023,VIP
105311,61,Tehran,10-05-2024,VIP
105312,62,Isfahan,15-03-2025,Regular
105313,28,Shiraz,25-06-2025,New
105314,36,Kerman,10-10-2024,New
105315,37,Karaj,23-06-2024,Regular
105316,45,Ahvaz,27-02-2024,Regular
105317,43,Mashhad,17-02-2023,New
105318,23,tehran,20-10-2023,New
105319,54,Kerman,24-08-2023,VIP
105320,28,Isfahan,04-03-2023,New
105321,33,Qom,26-03-2025,Regular
105322,58,Shiraz,22-01-2024,VIP
105323,51,,12-07-2024,Regular
105324,37,Shiraz,08-08-2023,New
105325,61,Tehran,09-10-2024,Regular
105326,36,Tehran,29-05-2023,Regular
105327,45,Tehran,12-01-2025,New
105328,29,Tehran,19-03-2025,Regular
105329,26,Mashhad,08-12-2023,New
105330,41,Ahvaz,21-08-2023,Regular
105331,45,Mashhad,04-05-2025,VIP
105332,56,Ahvaz,02-09-2023,Regular
105333,36,Shiraz,15-07-2023,VIP
105334,60,Tehran,08-01-2024,Regular
105335,47,Tehran,24-11-2025,Regular
105336,21,Rasht,21-05-2024,Regular
105337,53,Tabriz,15-10-2023,New
105338,45,Rasht,16-07-2024,VIP
105339,36,Mashhad,17-01-2024,VIP
105340,40,Karaj,28-12-2024,Regular
105341,32,Karaj,25-04-2024,Regular
105342,47,Kerman,06-10-2024,New
105343,45,Tehran,22-04-2024,New
105344,39,Kerman,11-06-2024,New
105345,31,Mashhad,04-05-2024,Regular
105346,37,Ahvaz,07-03-2024,New
105347,41,Shiraz,21-11-2025,New
105348,40,Shiraz,19-10-2023,VIP
105349,32,Mashhad,31-05-2025,Regular
105350,45,Qom,16-02-2025,Regular
105351,28,Tehran,01-08-2024,New
105352,42,Isfahan,14-12-2023,New
105353,23,Shiraz,13-06-2024,Regular
105354,40,Karaj,19-07-2025,New
105355,55,Isfahan,19-07-2023,Regular
105356,57,Karaj,03-10-2024,VIP
105357,51,Isfahan,17-04-2025,New
105358,53,Tabriz,25-11-2024,Regular
105359,21,Tabriz,07-06-2023,Regular
105360,34,Karaj,11-07-2024,New
105361,49,Qom,20-07-2023,Regular
105362,56,Shiraz,13-10-2025,Regular
105363,45,Tehran,21-01-2024,New
105364,58,Tabriz,06-04-2024,Regular
105365,,Tehran,27-07-2025,Regular
105366,25,Tehran,12-04-2024,Regular
105367,22,Qom,01-08-2023,VIP
105368,45,Isfahan,04-09-2025,Regular
105369,49,Isfahan,10-12-2024,Regular
105370,31,Kerman,24-10-2024,VIP
105371,55,Tehran,24-03-2023,Regular
105372,,Tehran,06-05-2024,New
105373,35,Tehran,17-05-2024,New
105374,29,Tehran,15-10-2023,New
105375,53,Karaj,10-09-2024,New
105376,50,Karaj,26-09-2023,Regular
105377,26,Shiraz,30-05-2024,New
105378,30,Tehran,27-05-2025,VIP
105379,41,Shiraz,16-03-2025,Regular
105380,42,Tehran,03-11-2023,New
105381,25,Karaj,16-08-2023,VIP
105382,63,Tabriz,07-01-2023,Regular
105383,36,Tehran,14-01-2024,New
105384,36,Qom,22-01-2023,New
105385,20,Karaj,21-05-2023,Regular
105386,60,Mashhad,07-12-2025,Regular
105387,29,Tabriz,25-07-2025,Regular
105388,65,Tabriz,05-09-2024,Regular
105389,41,Tehran,28-04-2025,Regular
105390,59,Tehran,19-06-2024,Regular
105391,26,Karaj,20-10-2024,Regular
105392,25,Rasht,02-10-2025,Regular
105393,56,Shiraz,28-03-2023,New
105394,57,Shiraz,21-01-2024,Regular
105395,44,Tabriz,11-05-2023,Regular
105396,19,Isfahan,20-05-2025,Regular
105397,63,Tehran,19-06-2025,Regular
105398,36,Mashhad,01-03-2025,Regular
105399,62,Rasht,28-10-2024,Regular
105400,59,Qom,06-06-2024,Regular
105401,58,Rasht,26-01-2023,Regular
105402,51,Tehran,28-04-2025,VIP
105403,50,Isfahan,05-09-2025,Regular
105404,43,Shiraz,23-11-2025,Regular
105405,19,Tehran,10-01-2024,Regular
105406,36,Tehran,08-08-2023,Regular
105407,53,Qom,17-12-2024,Regular
105408,56,Tabriz,20-01-2023,VIP
105409,44,Tabriz,07-03-2023,Regular
105410,52,,18-06-2025,VIP
105411,19,Isfahan,13-11-2025,Regular
105412,40,Tehran,17-03-2024,VIP
105413,42,Tehran,10-07-2024,Regular
105414,60,Shiraz,19-08-2024,Regular
105415,32,Mashhad,01-06-2023,Regular
105416,29,Kerman,01-09-2023,Regular
105417,34,Isfahan,23-11-2023,Regular
105418,26,Tehran,10-07-2025,Regular
105419,44,Tehran,24-04-2024,Regular
105420,48,Karaj,28-02-2025,Regular
105421,56,Tehran,01-08-2023,New
105422,64,Tehran,09-11-2025,Regular
105423,21,Isfahan,25-08-2025,Regular
105424,29,Tehran,04-06-2024,Regular
105425,32,,05-09-2023,New
105426,29,Isfahan,05-12-2025,New
105427,57,Tehran,03-06-2025,Regular
105428,24,Qom,13-07-2024,Regular
105429,19,Isfahan,20-10-2023,New
105430,59,Tabriz,11-11-2024,New
105431,64,Tehran,10-02-2024,Regular
105432,28,tehran,08-01-2025,New
105433,33,Mashhad,30-06-2025,New
105434,42,Isfahan,20-06-2024,Regular
105435,43,Mashhad,22-02-2023,Regular
105436,65,Kerman,08-09-2024,VIP
105437,37,Tehran,29-07-2025,New
105438,18,Rasht,02-09-2023,New
105439,38,Rasht,16-11-2025,New
105440,44,Isfahan,01-02-2024,Regular
105441,42,Mashhad,19-01-2025,New
105442,42,Mashhad,07-02-2025,New
105443,62,Kerman,19-07-2023,Regular
105444,56,Tabriz,12-02-2023,Regular
105445,30,Shiraz,04-11-2025,Regular
105446,35,Tehran,05-02-2025,Regular
105447,50,Ahvaz,22-11-2024,Regular
105448,37,Tehran,29-11-2023,Regular
105449,38,Tehran,29-04-2023,New
105450,26,Tehran,25-10-2023,Regular
105451,30,Isfahan,22-08-2024,New
105452,53,Rasht,29-01-2025,New
105453,58,Qom,16-12-2023,Regular
105454,55,Tehran,24-08-2023,New
105455,32,Mashhad,01-10-2023,New
105456,24,Qom,19-11-2025,Regular
105457,25,Shiraz,21-11-2024,Regular
105458,36,Tehran,20-12-2025,New
105459,42,Mashhad,07-01-2023,Regular
105460,60,Tabriz,16-05-2024,VIP
105461,61,Kerman,15-05-2024,New
105462,18,Tabriz,15-03-2024,Regular
105463,51,Tehran,04-03-2024,New
105464,32,Karaj,28-03-2023,VIP
105465,27,Tehran,05-02-2023,New
105466,44,Ahvaz,02-05-2025,New
105467,19,Mashhad,27-04-2024,VIP
105468,34,Tehran,28-06-2023,Regular
105469,44,Isfahan,16-01-2024,New
105470,31,Tehran,18-10-2025,Regular
105471,46,Tehran,27-05-2024,Regular
105472,40,Shiraz,20-12-2025,Regular
105473,56,Karaj,26-06-2023,New
105474,26,Ahvaz,15-05-2023,New
105475,20,Mashhad,09-09-2024,VIP
105476,43,Tehran,17-01-2025,New
105477,30,Isfahan,10-12-2025,New
105478,,Isfahan,25-05-2024,New
105479,22,Tehran,08-08-2023,New
105480,45,Rasht,15-08-2024,Regular
105481,65,Kerman,03-12-2023,Regular
105482,22,Tehran,16-07-2023,New
105483,32,Qom,07-04-2023,New
105484,58,Tabriz,03-03-2025,New
105485,43,Tehran,04-12-2024,New
105486,26,Tabriz,02-07-2023,New
105487,28,Tehran,03-09-2024,Regular
105488,54,Tehran,27-08-2025,New
105489,59,Kerman,14-06-2025,New
105490,35,Tabriz,12-05-2024,Regular
105491,40,Tehran,04-03-2023,Regular
105492,55,Isfahan,26-11-2024,Regular
105493,26,Kerman,19-07-2024,VIP
105494,27,Isfahan,06-10-2025,New
105495,55,Rasht,28-08-2024,New
105496,26,Ahvaz,19-03-2025,New
105497,54,Mashhad,01-08-2024,New
105498,41,Karaj,15-08-2024,VIP
105499,65,Tabriz,14-12-2023,Regular
105500,19,Karaj,16-03-2024,Regular
105501,63,Mashhad,21-11-2023,VIP
105502,28,Tehran,21-05-2024,Regular
105503,19,Tehran,07-11-2025,Regular
105504,,Tabriz,10-01-2024,Regular
105505,43,Karaj,22-05-2024,Regular
105506,58,Karaj,02-11-2025,New
105507,23,Shiraz,15-06-2023,Regular
105508,21,Tehran,04-10-2023,VIP
105509,45,Tehran,24-06-2024,Regular
105510,60,Qom,24-03-2024,Regular
105511,37,Shiraz,09-01-2024,Regular
105512,56,Qom,02-05-2025,Regular
105513,61,Tehran,30-06-2024,Regular
105514,59,Mashhad,03-02-2024,New
105515,42,Rasht,08-06-2024,New
105516,51,Tehran,28-08-2025,New
105517,43,Tehran,13-12-2025,Regular
105518,50,Tabriz,24-09-2023,VIP
105519,45,Shiraz,14-02-2023,New
105520,43,Kerman,04-02-2023,New
105521,38,Rasht,02-05-2024,New
105522,49,Karaj,19-11-2024,Regular
105523,54,Tehran,26-02-2023,Regular
105524,62,Isfahan,10-07-2024,Regular
105525,47,Rasht,13-03-2024,New
105526,22,Isfahan,18-10-2025,New
105527,46,Kerman,22-10-2024,VIP
105528,33,Tabriz,08-04-2024,Regular
105529,19,Tehran,04-10-2024,New
105530,21,Isfahan,29-05-2023,New
105531,46,Karaj,04-06-2024,New
105532,63,Tehran,28-12-2023,New
105533,42,Mashhad,18-07-2023,New
105534,39,Karaj,06-03-2024,Regular
105535,22,tehran,30-11-2024,New
105536,50,Mashhad,30-09-2024,Regular
105537,20,Karaj,21-11-2025,Regular
105538,58,Karaj,28-10-2023,New
105539,57,Shiraz,05-02-2025,Regular
105540,65,Kerman,25-08-2024,Regular
105541,31,Rasht,14-08-2025,New
105542,25,Isfahan,21-09-2025,Regular
105543,32,Tehran,13-02-2025,New
105544,56,Karaj,08-04-2024,New
105545,28,Tehran,07-08-2024,New
105546,60,Ahvaz,14-12-2024,Regular
105547,25,Shiraz,01-06-2025,Regular
105548,20,Mashhad,08-09-2023,Regular
105549,28,Shiraz,13-08-2025,New
105550,54,Shiraz,27-05-2025,Regular
105551,46,Rasht,07-04-2023,New
105552,35,Tehran,23-10-2023,New
105553,49,Rasht,16-09-2023,Regular
105554,49,Tehran,26-09-2024,New
105555,44,Karaj,17-08-2023,Regular
105556,42,Rasht,25-11-2023,Regular
105557,22,Mashhad,27-07-2023,Regular
105558,30,Tehran,15-03-2023,Regular
105559,43,Qom,17-05-2024,New
105560,24,Ahvaz,17-12-2023,New
105561,40,Mashhad,06-07-2024,Regular
105562,23,Shiraz,21-08-2023,New
105563,55,Qom,10-11-2023,New
105564,22,Tehran,04-09-2025,New
105565,22,Tabriz,31-05-2025,Regular
105566,48,Isfahan,19-10-2023,Regular
105567,28,Tehran,27-06-2023,New
105568,34,Ahvaz,02-12-2025,New
105569,33,Mashhad,15-01-2025,New
105570,28,Rasht,23-06-2024,New
105571,54,Shiraz,04-02-2025,Regular
105572,51,Shiraz,31-08-2023,New
105573,29,Isfahan,13-04-2024,New
105574,,Mashhad,04-03-2024,Regular
105575,52,Qom,28-02-2025,Regular
105576,43,Tabriz,20-07-2023,New
105577,45,Karaj,19-06-2024,Regular
105578,62,Isfahan,01-07-2025,Regular
105579,39,Tehran,03-08-2023,VIP
105580,36,Tehran,12-05-2023,Regular
105581,43,Karaj,18-06-2025,Regular
105582,58,Isfahan,14-08-2025,New
105583,52,Isfahan,16-04-2024,Regular
105584,21,Isfahan,20-02-2023,New
105585,40,Isfahan,15-08-2024,Regular
105586,53,Karaj,25-11-2023,VIP
105587,28,Tabriz,05-10-2024,New
105588,65,Kerman,03-06-2023,Regular
105589,56,Tehran,31-05-2025,Regular
105590,58,Shiraz,20-01-2025,New
105591,21,Tehran,07-12-2024,Regular
105592,45,Qom,14-07-2024,Regular
105593,43,Tabriz,30-08-2023,Regular
105594,48,Isfahan,25-10-2025,Regular
105595,58,Qom,19-10-2023,New
105596,34,Isfahan,05-02-2024,New
105597,43,Tehran,11-10-2025,Regular
105598,50,Isfahan,14-02-2023,Regular
105599,54,Tehran,17-05-2023,Regular
105600,54,Rasht,14-04-2025,Regular
105601,34,Karaj,07-02-2024,Regular
105602,65,Karaj,26-09-2024,New
105603,18,Ahvaz,27-09-2024,Regular
105604,41,Qom,25-06-2025,Regular
105605,47,Isfahan,10-11-2024,New
105606,20,Tehran,11-04-2024,Regular
105607,39,,24-08-2024,Regular
105608,46,Rasht,19-03-2025,VIP
105609,47,Rasht,20-02-2024,VIP
105610,23,Karaj,07-07-2023,Regular
105611,31,Tehran,16-06-2024,Regular
105612,29,Tehran,30-12-2025,Regular
105613,48,Ahvaz,03-05-2023,Regular
105614,33,Tehran,10-07-2023,Regular
105615,45,Shiraz,25-12-2025,VIP
105616,53,Mashhad,27-06-2025,VIP
105617,56,Mashhad,09-05-2023,New
105618,26,Tabriz,21-08-2023,VIP
105619,61,Kerman,26-01-2025,Regular
105620,25,Karaj,06-05-2025,New
105621,19,Isfahan,14-03-2025,New
105622,20,Isfahan,01-08-2025,Regular
105623,27,Rasht,08-07-2024,New
105624,59,Shiraz,17-08-2025,New
105625,27,Isfahan,14-10-2024,Regular
105626,51,Karaj,04-06-2024,New
105627,38,Tehran,27-11-2024,Regular
105628,19,Tehran,14-04-2024,Regular
105629,39,Ahvaz,26-10-2024,New
105630,19,Tabriz,02-07-2025,Regular
105631,40,,15-11-2025,New
105632,44,Mashhad,26-09-2024,Regular
105633,43,Kerman,07-01-2023,Regular
105634,31,Tabriz,11-11-2024,Regular
105635,54,Tabriz,03-10-2023,Regular
105636,46,Tehran,16-09-2023,Regular
105637,30,Kerman,22-08-2025,Regular
105638,38,Rasht,03-05-2024,Regular
105639,23,Shiraz,15-05-2025,New
105640,62,Mashhad,09-02-2024,Regular
105641,54,Karaj,26-10-2024,Regular
105642,31,Ahvaz,29-12-2024,Regular
105643,50,Qom,05-09-2025,New
105644,50,Kerman,04-08-2023,Regular
105645,47,Tabriz,06-09-2024,Regular
105646,20,Mashhad,20-03-2024,Regular
105647,60,Isfahan,22-05-2024,Regular
105648,63,Qom,18-07-2025,Regular
105649,64,Tehran,29-05-2023,Regular
105650,65,Tehran,21-08-2024,Regular
105651,62,Karaj,29-02-2024,Regular
105652,53,Isfahan,08-09-2025,Regular
105653,20,Qom,25-08-2023,New
105654,40,Tehran,12-09-2023,New
105655,29,Mashhad,10-04-2023,Regular
105656,28,Tehran,26-04-2024,Regular
105657,57,Karaj,12-01-2023,New
105658,57,,01-07-2024,Regular
105659,43,Isfahan,02-09-2023,New
105660,53,Isfahan,14-03-2024,Regular
105661,24,Tehran,24-10-2024,New
105662,28,Karaj,19-01-2025,Regular
105663,59,Kerman,09-03-2023,Regular
105664,39,Karaj,12-06-2023,Regular
105665,44,Tehran,14-12-2023,VIP
105666,40,Tabriz,22-07-2024,Regular
105667,27,Mashhad,25-08-2025,Regular
105668,57,Tehran,01-06-2023,Regular
105669,54,Tehran,16-03-2023,Regular
105670,50,Tehran,19-11-2024,Regular
105671,34,Tehran,07-12-2025,New
105672,48,Qom,28-06-2025,VIP
105673,63,Mashhad,11-09-2024,New
105674,49,Karaj,22-01-2023,VIP
105675,41,Rasht,22-09-2024,New
105676,30,Shiraz,15-05-2024,Regular
105677,43,Isfahan,04-05-2024,VIP
105678,35,Karaj,23-06-2024,Regular
105679,47,Tehran,06-09-2024,Regular
105680,20,Isfahan,27-02-2025,New
105681,27,Isfahan,30-07-2023,New
105682,55,Ahvaz,23-03-2023,New
105683,36,Qom,26-02-2023,Regular
105684,38,Ahvaz,20-03-2024,Regular
105685,44,Karaj,10-07-2024,New
105686,39,,10-05-2025,Regular
105687,54,Qom,19-04-2024,VIP
105688,29,Ahvaz,05-08-2024,Regular
105689,54,Isfahan,05-12-2025,Regular
105690,28,Kerman,01-04-2025,VIP
105691,35,Ahvaz,26-01-2025,Regular
105692,46,Shiraz,03-02-2024,New
105693,60,Tehran,16-06-2023,Regular
105694,29,Tehran,04-10-2025,Regular
105695,46,Karaj,29-08-2024,New
105696,21,Tehran,26-03-2023,New
105697,21,Isfahan,12-06-2024,VIP
105698,54,Tabriz,10-04-2023,Regular
105699,52,Ahvaz,10-12-2025,Regular
105700,36,Ahvaz,01-08-2024,Regular
105701,47,Karaj,09-05-2025,Regular
105702,,Mashhad,30-05-2024,New
105703,31,Tehran,22-01-2023,Regular
105704,38,Tabriz,30-11-2024,New
105705,32,Tehran,16-12-2024,New
105706,57,Shiraz,08-09-2023,VIP
105707,37,Kerman,23-02-2025,New
105708,33,Shiraz,05-09-2023,New
105709,43,Tabriz,27-01-2025,New
105710,54,Tabriz,31-03-2025,Regular
105711,31,Ahvaz,31-05-2023,VIP
105712,63,Isfahan,16-11-2023,New
105713,40,Isfahan,28-06-2023,Regular
105714,49,Tehran,07-03-2025,Regular
105715,63,Tabriz,15-09-2023,Regular
105716,38,Mashhad,02-12-2024,New
105717,27,Isfahan,02-04-2024,New
105718,53,Karaj,02-04-2023,Regular
105719,18,Tehran,24-08-2025,New
105720,39,Shiraz,17-02-2025,Regular
105721,65,Tehran,14-10-2023,New
105722,37,Tehran,21-08-2025,Regular
105723,50,Tehran,15-02-2025,Regular
105724,,Tehran,13-06-2025,Regular
105725,28,Kerman,15-07-2023,Regular
105726,33,Kerman,10-01-2023,New
105727,43,Karaj,09-03-2023,New
105728,23,Tabriz,13-08-2024,Regular
105729,37,Karaj,11-05-2025,Regular
105730,37,Rasht,27-09-2025,Regular
105731,58,Shiraz,18-11-2025,Regular
105732,23,Tehran,17-10-2024,Regular
105733,58,Karaj,22-11-2024,New
105734,37,Kerman,14-11-2023,New
105735,49,Tehran,02-01-2023,New
105736,44,Isfahan,02-08-2023,VIP
105737,32,Mashhad,02-03-2023,Regular
105738,62,Mashhad,20-01-2025,Regular
105739,28,Karaj,04-07-2024,Regular
105740,19,Mashhad,24-04-2025,New
105741,54,,12-06-2023,New
105742,47,Qom,26-09-2025,New
105743,60,Tehran,26-02-2025,New
105744,39,Qom,18-09-2025,Regular
105745,18,Karaj,11-12-2024,New
105746,18,Shiraz,07-01-2024,Regular
105747,38,Isfahan,16-11-2024,Regular
105748,29,Ahvaz,23-10-2024,VIP
105749,62,Isfahan,18-07-2023,New
105750,23,Tehran,22-04-2023,Regular
105751,60,Mashhad,13-12-2024,New
105752,28,Tehran,14-04-2023,New
105753,23,Karaj,20-04-2023,Regular
105754,31,Tehran,20-03-2023,Regular
105755,24,Tabriz,12-11-2024,Regular
105756,37,Isfahan,12-10-2025,Regular
105757,33,Ahvaz,28-06-2024,New
105758,43,Isfahan,16-06-2023,VIP
105759,43,Rasht,15-07-2024,New
105760,18,Rasht,12-06-2024,VIP
105761,23,Tehran,11-10-2024,Regular
105762,25,Karaj,19-04-2024,New
105763,27,Tehran,05-08-2024,Regular
105764,22,Qom,22-12-2023,New
105765,33,Tabriz,19-09-2025,Regular
105766,44,Mashhad,11-08-2024,New
105767,32,Tehran,07-12-2023,Regular
105768,33,Isfahan,04-01-2023,New
105769,40,Qom,13-01-2025,VIP
105770,44,Qom,21-02-2024,New
105771,33,Tehran,30-09-2023,Regular
105772,28,Mashhad,08-06-2024,Regular
105773,37,Isfahan,15-06-2024,New
105774,19,Shiraz,29-05-2025,New
105775,41,Tehran,17-08-2024,Regular
105776,63,Mashhad,06-02-2025,Regular
105777,37,Ahvaz,09-12-2024,Regular
105778,23,Isfahan,19-07-2025,New
105779,51,Karaj,07-01-2023,Regular
105780,24,Isfahan,17-02-2024,VIP
105781,27,Isfahan,22-02-2025,Regular
105782,25,Tabriz,04-06-2023,New
105783,60,Tehran,28-04-2024,New
105784,65,Tehran,15-03-2024,VIP
105785,45,Kerman,01-06-2025,Regular
105786,47,Ahvaz,20-11-2025,Regular
105787,48,Karaj,27-04-2023,VIP
105788,47,Tehran,23-08-2023,New
105789,44,Tehran,27-04-2025,Regular
105790,65,Tehran,11-07-2023,Regular
105791,53,Rasht,28-06-2024,Regular
105792,22,Qom,31-10-2025,Regular
105793,36,Shiraz,03-12-2025,Regular
105794,64,Kerman,06-11-2025,New
105795,37,Tehran,28-05-2023,VIP
105796,27,Shiraz,13-06-2023,Regular
105797,59,Tehran,12-07-2023,Regular
105798,47,Mashhad,22-04-2025,VIP
105799,45,Rasht,16-07-2023,New
105800,38,Ahvaz,15-04-2024,Regular
105801,23,Tehran,15-06-2025,VIP
105802,36,Tehran,22-06-2024,Regular
105803,,Shiraz,26-10-2025,Regular
105804,62,Tehran,30-06-2024,Regular
105805,32,Shiraz,20-02-2024,Regular
105806,25,Shiraz,26-11-2025,New
105807,38,Mashhad,22-08-2024,Regular
105808,65,Mashhad,22-07-2023,Regular
105809,41,Tehran,25-11-2024,Regular
105810,36,Rasht,26-04-2025,Regular
105811,50,Mashhad,07-07-2025,New
105812,49,Shiraz,07-01-2023,New
105813,32,Mashhad,29-04-2023,Regular
105814,64,Karaj,19-11-2024,Regular
105815,46,Tehran,23-03-2025,Regular
105816,20,Tehran,15-12-2024,New
105817,37,tehran,24-02-2024,Regular
105818,62,Karaj,05-04-2025,Regular
105819,36,Tehran,26-09-2024,New
105820,45,Mashhad,10-10-2025,Regular
105821,47,Kerman,07-02-2024,Regular
105822,51,Tehran,05-04-2025,Regular
105823,,Tehran,07-06-2023,Regular
105824,25,Isfahan,12-03-2025,Regular
105825,42,Mashhad,12-03-2025,New
105826,43,Tabriz,05-10-2023,New
105827,25,Karaj,09-03-2023,New
105828,50,Shiraz,23-12-2025,Regular
105829,23,Tabriz,25-03-2023,VIP
105830,39,Isfahan,27-05-2024,Regular
105831,33,Karaj,02-01-2023,VIP
105832,25,Tehran,02-04-2024,Regular
105833,57,Mashhad,17-06-2025,New
105834,29,Karaj,03-07-2024,New
105835,30,Mashhad,20-09-2023,Regular
105836,,Tehran,07-03-2024,Regular
105837,60,Mashhad,12-04-2023,Regular
105838,19,Karaj,12-10-2024,Regular
105839,31,Tehran,05-01-2023,Regular
105840,52,Karaj,18-01-2024,New
105841,55,Karaj,08-03-2023,Regular
105842,65,Tabriz,20-09-2023,Regular
105843,44,Tehran,15-03-2023,Regular
105844,18,Qom,13-10-2025,New
105845,59,Tehran,25-04-2025,Regular
105846,25,Rasht,12-10-2025,New
105847,23,Karaj,17-01-2025,New
105848,50,Tehran,27-06-2024,Regular
105849,46,Qom,10-07-2023,VIP
105850,20,Isfahan,19-11-2025,VIP
105851,26,Isfahan,01-10-2025,New
105852,46,Isfahan,31-03-2024,New
105853,30,Tabriz,05-09-2023,Regular
105854,50,Karaj,29-02-2024,Regular
105855,37,Rasht,07-03-2024,Regular
105856,46,Tehran,01-10-2025,New
105857,40,Tabriz,15-03-2023,Regular
105858,35,Karaj,24-11-2024,New
105859,34,Tabriz,21-04-2025,New
105860,51,,14-04-2025,Regular
105861,42,Mashhad,31-07-2023,New
105862,46,Karaj,27-03-2024,Regular
105863,45,Mashhad,10-01-2024,Regular
105864,27,Tehran,21-03-2024,Regular
105865,61,Shiraz,06-04-2023,Regular
105866,45,Tehran,02-04-2023,VIP
105867,52,Tehran,27-01-2023,Regular
105868,60,Tehran,24-11-2025,Regular
105869,62,Karaj,01-04-2024,Regular
105870,50,Kerman,07-09-2023,Regular
105871,55,Isfahan,23-05-2025,VIP
105872,40,Tehran,25-06-2024,New
105873,53,Qom,04-02-2024,New
105874,33,Tehran,06-05-2023,VIP
105875,52,Kerman,27-02-2024,Regular
105876,22,Shiraz,09-12-2024,New
105877,61,Tehran,13-11-2024,VIP
105878,29,Isfahan,04-03-2024,New
105879,49,Mashhad,02-11-2024,Regular
105880,18,Karaj,20-04-2025,Regular
105881,25,Tehran,15-10-2025,Regular
105882,65,Ahvaz,01-08-2024,Regular
105883,58,Karaj,07-09-2023,New
105884,28,Ahvaz,22-05-2023,Regular
105885,24,Rasht,22-06-2023,Regular
105886,57,Tehran,12-01-2023,New
105887,65,Shiraz,03-09-2024,New
105888,26,Ahvaz,21-08-2023,Regular
105889,49,Mashhad,05-09-2023,New
105890,31,Tehran,04-03-2025,Regular
105891,53,Mashhad,17-12-2023,VIP
105892,38,Tehran,26-06-2025,New
105893,24,Ahvaz,31-05-2023,VIP
105894,33,Isfahan,09-01-2024,Regular
105895,43,Karaj,26-02-2023,Regular
105896,56,Kerman,09-08-2024,VIP
105897,19,Mashhad,17-05-2023,New
105898,63,Karaj,20-09-2023,VIP
105899,49,Tehran,16-03-2025,New
105900,60,Tehran,22-08-2025,Regular
105901,62,Tehran,20-08-2024,Regular
105902,25,Mashhad,22-11-2025,New
105903,22,Mashhad,08-04-2025,Regular
105904,55,Isfahan,04-04-2025,Regular
105905,27,Tehran,20-12-2025,Regular
105906,25,Tehran,08-04-2023,Regular
105907,40,Tabriz,12-09-2023,New
105908,61,Tehran,23-04-2024,New
105909,56,Qom,08-11-2024,New
105910,42,Rasht,20-12-2025,VIP
105911,,Karaj,19-04-2023,Regular
105912,34,Shiraz,09-09-2023,Regular
105913,51,Tabriz,23-11-2023,Regular
105914,25,Tabriz,04-01-2025,Regular
105915,43,Rasht,08-11-2025,New
105916,18,Kerman,24-10-2025,New
105917,33,Isfahan,29-03-2025,Regular
105918,29,Tabriz,26-04-2025,New
105919,50,Qom,31-03-2024,Regular
105920,61,Tehran,28-10-2024,New
105921,25,Shiraz,07-07-2023,Regular
105922,56,Tabriz,08-07-2024,Regular
105923,49,Karaj,17-11-2023,Regular
105924,64,Mashhad,14-10-2025,VIP
105925,61,Mashhad,07-02-2024,Regular
105926,22,Tehran,08-03-2024,New
105927,53,Shiraz,17-03-2024,Regular
105928,46,Rasht,13-09-2025,New
105929,23,Rasht,18-10-2025,New
105930,30,Mashhad,17-04-2024,Regular
105931,62,Tehran,26-12-2025,New
105932,44,Qom,08-04-2025,New
105933,34,Karaj,15-07-2025,Regular
105934,33,,29-09-2025,Regular
105935,58,Mashhad,31-12-2023,VIP
105936,31,Tehran,25-08-2024,New
105937,25,Qom,09-11-2023,Regular
105938,45,Tabriz,06-12-2023,Regular
105939,65,Mashhad,23-05-2024,Regular
105940,26,Rasht,25-02-2023,New
105941,30,Tabriz,24-08-2023,Regular
105942,40,Rasht,05-06-2025,Regular
105943,27,Isfahan,01-07-2023,New
105944,49,Isfahan,12-11-2024,New
105945,30,Rasht,18-04-2025,Regular
105946,24,Kerman,16-10-2023,New
105947,30,Kerman,16-05-2024,New
105948,62,Qom,18-08-2025,Regular
105949,62,Isfahan,03-07-2025,New
105950,42,Tehran,04-10-2025,New
105951,37,Mashhad,19-11-2024,Regular
105952,57,Rasht,29-08-2025,Regular
105953,27,Mashhad,12-03-2024,Regular
105954,49,Karaj,20-10-2024,New
105955,50,Rasht,31-12-2024,New
105956,52,Kerman,05-12-2025,VIP
105957,28,Rasht,08-02-2024,Regular
105958,52,Shiraz,15-08-2025,Regular
105959,47,Isfahan,11-07-2024,New
105960,60,,25-04-2023,New
105961,26,Tehran,18-12-2024,New
105962,,Tehran,10-12-2025,Regular
105963,57,Kerman,11-05-2024,VIP
105964,31,Karaj,23-08-2024,New
105965,53,Shiraz,12-10-2025,Regular
105966,22,Tehran,04-10-2025,Regular
105967,52,Shiraz,14-03-2024,Regular
105968,47,Rasht,12-04-2025,Regular
105969,27,Tabriz,21-11-2024,New
105970,21,Mashhad,10-12-2024,VIP
105971,53,Shiraz,27-02-2025,New
105972,29,Ahvaz,24-12-2023,New
105973,41,Rasht,30-11-2023,New
105974,20,,30-01-2023,Regular
105975,64,Tabriz,26-07-2025,New
105976,44,Tehran,31-10-2023,Regular
105977,62,Isfahan,08-01-2025,VIP
105978,25,Tehran,20-01-2025,Regular
105979,27,Shiraz,09-02-2025,VIP
105980,47,,03-08-2025,VIP
105981,47,Mashhad,08-08-2025,Regular
105982,55,Tehran,03-01-2023,Regular
105983,62,Tehran,08-07-2025,Regular
105984,57,Tehran,16-08-2023,Regular
105985,24,Karaj,07-12-2024,New
105986,32,Tehran,07-01-2025,VIP
105987,61,Tehran,28-02-2023,Regular
105988,44,Kerman,07-11-2023,VIP
105989,59,Tehran,23-09-2025,Regular
105990,45,Rasht,05-06-2023,New
105991,20,Tabriz,11-09-2023,Regular
105992,40,,31-03-2023,Regular
105993,57,Shiraz,02-07-2023,Regular
105994,49,Tehran,29-11-2024,Regular
105995,24,Ahvaz,10-07-2025,Regular
105996,28,Qom,13-10-2024,New
105997,59,Mashhad,08-11-2023,Regular
105998,65,Karaj,29-07-2025,New
105999,54,Shiraz,07-02-2024,Regular
106000,22,Rasht,11-12-2023,New
106001,47,Qom,07-07-2024,New
106002,57,Tehran,30-05-2023,VIP
106003,48,Ahvaz,26-01-2024,New
106004,46,Kerman,25-05-2025,Regular
106005,40,Karaj,28-10-2024,Regular
106006,29,Tehran,18-12-2025,New
106007,31,Qom,29-04-2025,VIP
106008,53,Tabriz,30-01-2024,New
106009,21,Mashhad,19-04-2025,Regular
106010,22,Ahvaz,05-08-2025,Regular
106011,37,Shiraz,21-11-2024,Regular
106012,55,Ahvaz,14-04-2025,New
106013,49,Tabriz,05-07-2024,Regular
106014,46,Mashhad,25-09-2025,VIP
106015,43,Kerman,18-09-2023,Regular
106016,23,Shiraz,09-04-2024,Regular
106017,33,Shiraz,06-10-2023,Regular
106018,21,Mashhad,21-04-2023,Regular
106019,54,Tehran,05-11-2024,Regular
106020,54,Karaj,10-05-2023,New
106021,,Isfahan,05-09-2023,Regular
106022,32,Rasht,15-04-2025,New
106023,33,Kerman,21-09-2023,New
106024,60,Karaj,03-08-2025,Regular
106025,41,Tehran,23-02-2023,New
106026,54,Karaj,15-05-2024,Regular
106027,39,Tehran,15-03-2023,Regular
106028,51,Qom,07-03-2023,New
106029,43,tehran,16-05-2025,New
106030,31,Rasht,15-03-2023,New
106031,60,Mashhad,04-09-2025,Regular
106032,52,Tehran,17-10-2024,New
106033,54,Kerman,12-06-2024,Regular
106034,63,Shiraz,02-10-2025,Regular
106035,29,Ahvaz,29-02-2024,Regular
106036,22,Rasht,13-03-2024,New
106037,45,Shiraz,24-03-2024,New
106038,33,Isfahan,13-12-2024,New
106039,38,Shiraz,16-07-2025,New
106040,29,Ahvaz,16-08-2024,VIP
106041,37,Kerman,04-11-2023,New
106042,36,Mashhad,01-09-2025,New
106043,34,Karaj,17-10-2024,Regular
106044,53,Mashhad,30-06-2025,VIP
106045,46,Tabriz,18-04-2024,Regular
106046,40,Qom,07-08-2023,Regular
106047,23,Ahvaz,31-10-2025,New
106048,45,Isfahan,11-01-2025,Regular
106049,26,Mashhad,04-12-2023,Regular
106050,33,Tehran,17-07-2025,Regular
106051,37,Tehran,10-01-2023,New
106052,24,Mashhad,15-10-2025,Regular
106053,36,Ahvaz,25-09-2024,Regular
106054,30,Isfahan,07-10-2024,New
106055,58,Mashhad,15-01-2023,Regular
106056,59,Karaj,12-07-2023,New
106057,18,Tehran,28-02-2025,Regular
106058,46,Tehran,03-09-2024,New
106059,48,Rasht,20-05-2023,VIP
106060,36,Tehran,30-12-2024,Regular
106061,40,Isfahan,28-03-2025,Regular
106062,55,Shiraz,26-10-2023,Regular
106063,36,Tehran,24-01-2025,Regular
106064,21,Mashhad,01-12-2025,New
106065,35,Tehran,12-06-2024,Regular
106066,30,Mashhad,09-09-2023,New
106067,36,Rasht,19-11-2025,New
106068,29,Isfahan,24-09-2025,Regular
106069,25,Isfahan,15-05-2024,New
106070,65,Mashhad,10-04-2024,Regular
106071,24,Kerman,02-07-2025,Regular
106072,51,Tehran,01-01-2023,Regular
106073,52,Ahvaz,08-12-2023,New
106074,47,Mashhad,17-08-2024,Regular
106075,61,Kerman,17-12-2024,Regular
106076,18,Mashhad,18-11-2024,Regular
106077,32,Tehran,10-02-2024,New
106078,26,Shiraz,09-08-2025,New
106079,45,Tehran,12-12-2024,Regular
106080,48,Karaj,14-08-2024,New
106081,61,Tabriz,24-10-2025,New
106082,36,Karaj,14-04-2023,Regular
106083,29,,16-02-2025,Regular
106084,62,Karaj,11-10-2025,New
106085,50,Mashhad,25-12-2024,VIP
106086,54,Kerman,11-09-2024,New
106087,39,Karaj,04-02-2024,New
106088,39,Shiraz,25-10-2023,New
106089,36,Ahvaz,20-08-2024,New
106090,53,Shiraz,11-09-2025,Regular
106091,28,Shiraz,21-05-2024,New
106092,64,Tehran,13-05-2023,Regular
106093,26,Tabriz,13-06-2024,Regular
106094,40,Mashhad,17-04-2023,New
106095,33,Tehran,22-10-2025,Regular
106096,48,Qom,08-08-2024,Regular
106097,50,Tehran,23-08-2023,Regular
106098,62,Tabriz,15-11-2024,New
106099,55,Tehran,11-08-2024,Regular
106100,29,Isfahan,13-07-2024,New
106101,27,Ahvaz,10-10-2024,New
106102,60,Tehran,14-10-2025,Regular
106103,41,Tabriz,26-07-2025,New
106104,22,Tabriz,15-10-2023,Regular
106105,57,Ahvaz,20-09-2023,New
106106,49,Tehran,20-12-2025,Regular
106107,19,Qom,07-12-2024,Regular
106108,55,Isfahan,22-01-2023,New
106109,47,Isfahan,02-08-2024,Regular
106110,47,Mashhad,10-05-2023,New
106111,59,Mashhad,02-02-2023,New
106112,41,Shiraz,23-07-2023,Regular
106113,40,Tehran,06-10-2023,VIP
106114,47,Isfahan,29-03-2023,Regular
106115,27,Tabriz,03-07-2025,New
106116,25,Isfahan,24-04-2024,New
106117,58,Tehran,27-08-2024,Regular
106118,28,Mashhad,05-08-2025,New
106119,42,Isfahan,05-07-2025,Regular
106120,30,Tabriz,17-06-2025,Regular
106121,29,Rasht,03-08-2023,Regular
106122,46,Shiraz,26-03-2025,Regular
106123,56,Tabriz,26-12-2025,VIP
106124,39,Tehran,09-01-2023,Regular
106125,24,Kerman,08-08-2025,Regular
106126,29,Mashhad,05-08-2025,New
106127,25,Mashhad,10-07-2025,Regular
106128,60,Tehran,10-03-2024,New
106129,33,Tehran,06-08-2023,New
106130,35,Qom,12-03-2025,Regular
106131,21,Tehran,13-11-2024,New
106132,39,Mashhad,06-03-2025,VIP
106133,61,Tehran,08-10-2023,Regular
106134,37,Kerman,14-07-2023,Regular
106135,49,Qom,14-09-2025,Regular
106136,26,Rasht,18-07-2024,New
106137,24,Ahvaz,21-07-2025,New
106138,53,Rasht,11-10-2025,New
106139,21,Isfahan,17-05-2024,Regular
106140,39,Tehran,16-10-2023,Regular
106141,33,Mashhad,07-09-2025,New
106142,18,Mashhad,21-02-2025,New
106143,43,Karaj,30-12-2024,New
106144,64,Tehran,15-11-2025,Regular
106145,21,Tehran,27-09-2023,New
106146,57,Karaj,30-01-2024,Regular
106147,43,Tehran,12-02-2023,New
106148,52,Tehran,29-02-2024,New
106149,22,Tehran,03-05-2024,Regular
106150,59,Karaj,10-05-2024,VIP
106151,18,Tehran,15-06-2023,New
106152,61,Tehran,04-06-2025,New
106153,49,Tehran,19-06-2024,New
106154,34,Karaj,26-04-2024,Regular
106155,18,,04-08-2025,Regular
106156,47,Tehran,16-06-2024,Regular
106157,22,Rasht,03-09-2025,Regular
106158,,Ahvaz,01-09-2023,VIP
106159,55,Tehran,20-07-2025,New
106160,30,Tehran,18-12-2025,New
106161,29,Tehran,01-04-2025,Regular
106162,28,Karaj,04-09-2025,Regular
106163,28,Tehran,21-03-2025,New
106164,23,Rasht,19-10-2024,Regular
106165,29,Qom,16-04-2025,Regular
106166,49,Shiraz,17-11-2025,VIP
106167,32,Tehran,24-10-2024,VIP
106168,55,Ahvaz,22-01-2025,Regular
106169,57,Karaj,28-03-2023,Regular
106170,54,Qom,16-11-2025,Regular
106171,43,Tehran,01-05-2025,Regular
106172,33,Karaj,26-06-2023,Regular
106173,62,Qom,14-11-2023,VIP
106174,27,Kerman,04-09-2023,Regular
106175,40,Shiraz,16-12-2023,Regular
106176,39,Isfahan,27-08-2025,New
106177,53,Isfahan,23-05-2024,Regular
106178,44,Karaj,04-04-2024,Regular
106179,56,Rasht,02-05-2025,Regular
106180,62,Shiraz,11-02-2024,Regular
106181,36,Tehran,27-08-2025,Regular
106182,59,Tehran,05-04-2025,New
106183,26,Tabriz,09-10-2023,Regular
106184,61,Ahvaz,21-11-2024,New
106185,26,Tehran,12-06-2024,New
106186,58,Mashhad,12-01-2024,New
106187,36,Rasht,19-09-2025,Regular
106188,64,Isfahan,11-03-2024,New
106189,24,Tehran,08-05-2023,New
106190,40,Mashhad,23-03-2024,Regular
106191,61,Mashad,19-07-2024,Regular
106192,20,Tehran,19-05-2023,Regular
106193,30,Tabriz,24-03-2025,Regular
106194,22,Shiraz,09-09-2023,New
106195,33,Tabriz,12-04-2023,Regular
106196,36,Tabriz,11-08-2024,Regular
106197,47,Tehran,26-06-2023,VIP
106198,30,,06-05-2025,New
106199,25,Tehran,16-03-2023,Regular
106200,26,Tehran,03-04-2024,Regular
106201,63,Karaj,26-02-2023,Regular
106202,63,Tehran,24-02-2024,New
106203,28,Tabriz,18-10-2025,Regular
106204,27,Tehran,13-12-2024,New
106205,20,Tehran,08-08-2024,Regular
106206,64,Tehran,22-06-2023,New
106207,51,Isfahan,09-12-2023,Regular
106208,54,Tabriz,21-02-2024,Regular
106209,31,Qom,25-09-2024,Regular
106210,48,Tehran,16-08-2023,Regular
106211,20,Tabriz,30-12-2025,Regular
106212,50,Karaj,14-12-2024,New
106213,45,Mashhad,08-12-2023,Regular
106214,33,Tehran,04-05-2023,Regular
106215,52,Tehran,13-10-2024,Regular
106216,,Tehran,05-05-2024,New
106217,39,Ahvaz,07-01-2025,Regular
106218,26,Mashhad,14-10-2024,Regular
106219,19,Shiraz,02-12-2024,VIP
106220,63,Karaj,01-07-2025,VIP
106221,,Mashhad,29-07-2024,Regular
106222,32,Tabriz,04-03-2025,New
106223,50,Tehran,29-01-2024,Regular
106224,30,Isfahan,29-10-2025,New
106225,,Tehran,22-03-2024,Regular
106226,52,Tehran,14-01-2025,New
106227,46,Mashhad,29-12-2025,VIP
106228,49,Karaj,18-01-2024,New
106229,18,Tabriz,22-04-2023,New
106230,39,Karaj,11-09-2023,Regular
106231,40,Tehran,24-09-2023,New
106232,48,Kerman,03-03-2023,New
106233,25,Tehran,18-08-2024,Regular
106234,25,Qom,31-10-2023,VIP
106235,54,Karaj,17-04-2023,New
106236,50,Shiraz,30-05-2023,Regular
106237,56,Isfahan,27-10-2023,New
106238,30,Karaj,09-02-2024,Regular
106239,65,Karaj,03-12-2025,New
106240,31,Tehran,08-02-2025,Regular
106241,49,Qom,21-02-2025,Regular
106242,25,Tehran,27-01-2025,VIP
106243,62,Isfahan,29-05-2025,Regular
106244,33,Tabriz,15-12-2023,Regular
106245,56,Qom,19-04-2023,Regular
106246,,Isfahan,10-07-2024,New
106247,55,Tehran,02-01-2023,New
106248,39,Isfahan,26-08-2023,Regular
106249,20,Tehran,04-04-2025,New
106250,27,Shiraz,04-07-2024,New
106251,50,Isfahan,26-01-2025,Regular
106252,27,Qom,12-07-2024,New
106253,31,Tehran,17-08-2024,New
106254,44,Tehran,26-11-2023,Regular
106255,30,Isfahan,28-08-2023,Regular
106256,24,Tehran,12-10-2023,New
106257,47,Tehran,23-05-2025,Regular
106258,51,Mashhad,08-12-2025,New
106259,53,Isfahan,31-03-2023,VIP
106260,63,Tehran,11-08-2024,Regular
106261,23,Shiraz,30-05-2024,Regular
106262,38,Ahvaz,07-09-2024,Regular
106263,29,tehran,13-09-2023,Regular
106264,61,Mashhad,09-01-2023,Regular
106265,43,Tehran,11-08-2023,Regular
106266,22,Tehran,19-07-2023,VIP
106267,51,Shiraz,27-02-2023,Regular
106268,20,Karaj,26-01-2024,Regular
106269,31,Tehran,18-01-2025,Regular
106270,52,Tehran,23-11-2025,New
106271,42,Mashhad,20-12-2024,Regular
106272,54,Mashhad,11-07-2023,Regular
106273,45,Kerman,01-02-2024,New
106274,58,Tehran,29-11-2023,VIP
106275,45,Tehran,21-08-2023,Regular
106276,20,Mashhad,20-12-2025,VIP
106277,21,Tehran,18-12-2024,Regular
106278,55,Tehran,10-06-2024,Regular
106279,19,Mashhad,23-04-2024,Regular
106280,36,Mashhad,15-12-2023,New
106281,18,Tehran,01-04-2024,Regular
106282,32,Tabriz,25-11-2024,New
106283,46,Isfahan,13-10-2025,Regular
106284,26,Tehran,27-06-2024,Regular
106285,40,Ahvaz,22-07-2023,New
106286,65,Mashhad,14-11-2025,New
106287,21,Kerman,11-12-2023,Regular
106288,21,Rasht,02-04-2023,New
106289,31,Isfahan,18-08-2024,Regular
106290,57,Tehran,15-05-2025,New
106291,37,Ahvaz,10-10-2023,Regular
106292,48,Mashhad,02-11-2023,New
106293,19,Tehran,13-11-2023,New
106294,,Shiraz,02-06-2025,New
106295,21,Isfahan,14-11-2025,Regular
106296,52,Ahvaz,17-07-2025,Regular
106297,,Karaj,05-09-2023,VIP
106298,59,Ahvaz,18-07-2025,Regular
106299,32,Karaj,06-12-2023,New
106300,26,Tabriz,07-08-2025,New
106301,34,Isfahan,21-12-2025,Regular
106302,18,Kerman,25-02-2025,New
106303,25,Kerman,11-11-2025,New
106304,46,Ahvaz,05-06-2023,Regular
106305,32,Karaj,18-12-2024,New
106306,34,Shiraz,26-02-2023,Regular
106307,56,Tehran,15-12-2024,Regular
106308,23,Ahvaz,09-01-2024,Regular
106309,37,Tehran,28-11-2025,Regular
106310,26,Tehran,26-06-2024,Regular
106311,41,Mashhad,14-04-2025,Regular
106312,33,Shiraz,28-11-2023,New
106313,20,Shiraz,23-03-2023,New
106314,21,Tehran,23-03-2025,New
106315,58,Tehran,31-08-2023,Regular
106316,20,Tehran,02-03-2025,Regular
106317,55,Mashhad,23-05-2024,Regular
106318,61,Tehran,30-11-2025,New
106319,40,Karaj,22-01-2024,New
106320,32,Tehran,14-03-2024,New
106321,55,Mashhad,21-03-2025,VIP
106322,65,Mashhad,10-05-2025,New
106323,23,Shiraz,18-05-2023,Regular
106324,64,Ahvaz,22-03-2025,New
106325,63,Tehran,22-06-2024,Regular
106326,24,Mashhad,18-12-2025,Regular
106327,20,Karaj,21-11-2024,New
106328,52,Tehran,27-04-2025,Regular
106329,21,Qom,12-01-2024,Regular
106330,46,Kerman,07-11-2023,Regular
106331,21,Tabriz,09-05-2025,VIP
106332,51,Kerman,17-01-2023,Regular
106333,29,Isfahan,27-09-2024,Regular
106334,22,Isfahan,26-11-2025,VIP
106335,21,Tehran,21-12-2025,Regular
106336,27,Tehran,23-02-2025,Regular
106337,43,Tehran,28-06-2024,Regular
106338,21,Isfahan,08-06-2025,Regular
106339,56,Isfahan,17-01-2023,Regular
106340,46,Tehran,18-05-2025,Regular
106341,32,Tabriz,28-07-2023,Regular
106342,65,Tehran,16-03-2025,VIP
106343,49,Mashhad,17-01-2024,New
106344,50,Tehran,02-04-2025,Regular
106345,26,Karaj,22-10-2024,Regular
106346,52,Shiraz,14-10-2025,Regular
106347,44,Karaj,12-05-2025,Regular
106348,65,Tehran,27-09-2025,New
106349,40,Isfahan,15-06-2023,New
106350,50,Kerman,20-02-2024,New
106351,34,Tehran,23-04-2024,New
106352,19,Isfahan,03-02-2023,New
106353,24,Tehran,25-01-2023,New
106354,59,Tehran,12-02-2023,Regular
106355,53,Isfahan,20-04-2025,Regular
106356,35,Tehran,04-05-2024,Regular
106357,51,Shiraz,03-04-2025,Regular
106358,18,Rasht,03-07-2025,New
106359,19,Tehran,09-02-2023,Regular
106360,42,Tehran,17-07-2025,Regular
106361,47,Qom,05-09-2023,Regular
106362,62,Isfahan,18-03-2024,Regular
106363,54,Ahvaz,20-11-2025,New
106364,30,Mashhad,27-11-2023,Regular
106365,57,Tabriz,26-10-2025,Regular
106366,41,Rasht,08-07-2024,New
106367,57,Tehran,15-01-2023,Regular
106368,26,Qom,30-06-2025,Regular
106369,19,Tabriz,18-02-2023,New
106370,20,Qom,27-11-2024,New
106371,65,Tehran,16-05-2024,Regular
106372,21,Isfahan,03-06-2023,New
106373,63,Tehran,17-07-2024,Regular
106374,52,Kerman,01-02-2024,VIP
106375,25,Tehran,18-04-2023,Regular
106376,59,Mashad,31-08-2024,New
106377,24,Rasht,18-02-2023,Regular
106378,24,Mashhad,12-08-2024,Regular
106379,45,Shiraz,05-09-2023,Regular
106380,31,Mashhad,28-06-2025,VIP
106381,,Tabriz,06-11-2025,Regular
106382,27,Tehran,17-10-2025,New
106383,47,Isfahan,23-10-2025,Regular
106384,19,Shiraz,21-04-2023,VIP
106385,29,Mashhad,12-07-2024,Regular
106386,44,Tehran,03-09-2023,Regular
106387,41,Tehran,16-04-2023,Regular
106388,51,Karaj,05-03-2024,VIP
106389,28,Tehran,15-04-2024,Regular
106390,49,Mashhad,21-11-2023,VIP
106391,54,Mashhad,06-05-2023,Regular
106392,36,Isfahan,23-03-2024,Regular
106393,30,Karaj,20-06-2023,VIP
106394,44,Isfahan,14-02-2023,Regular
106395,45,Ahvaz,09-05-2024,Regular
106396,,Tabriz,14-03-2023,Regular
106397,45,Ahvaz,23-11-2025,Regular
106398,25,Karaj,07-07-2025,Regular
106399,45,Tehran,10-10-2025,Regular
106400,62,Kerman,23-04-2023,Regular
106401,43,Qom,24-05-2024,Regular
106402,54,Shiraz,21-06-2025,Regular
106403,32,Tehran,22-09-2024,Regular
106404,62,Tehran,02-12-2023,Regular
106405,57,Tabriz,29-06-2025,Regular
106406,62,Isfahan,05-12-2023,Regular
106407,53,Tabriz,02-12-2025,Regular
106408,49,Mashhad,21-04-2023,Regular
106409,43,Shiraz,12-02-2025,Regular
106410,62,Tehran,15-01-2023,Regular
106411,58,Tehran,28-09-2025,New
106412,38,Tehran,25-01-2024,New
106413,22,Qom,23-01-2023,Regular
106414,18,Shiraz,03-07-2025,VIP
106415,29,Rasht,25-11-2025,Regular
106416,21,Karaj,04-10-2025,VIP
106417,28,Karaj,15-06-2024,Regular
106418,23,Isfahan,09-03-2023,New
106419,65,Qom,07-09-2023,Regular
106420,22,Rasht,03-02-2023,New
106421,48,Karaj,18-02-2023,New
106422,34,Tehran,23-06-2023,VIP
106423,26,Tabriz,08-09-2024,Regular
106424,51,Tehran,19-04-2025,New
106425,64,Tehran,02-10-2024,Regular
106426,55,Karaj,13-08-2023,Regular
106427,64,Ahvaz,20-10-2024,Regular
106428,46,Tehran,10-09-2023,New
106429,50,Tehran,19-05-2024,Regular
106430,25,Ahvaz,31-08-2025,Regular
106431,58,Tehran,28-05-2023,Regular
106432,53,Tehran,16-08-2025,VIP
106433,30,Karaj,24-10-2023,Regular
106434,35,Ahvaz,03-01-2025,Regular
106435,47,Shiraz,14-10-2023,VIP
106436,18,Shiraz,29-06-2023,New
106437,57,Mashhad,08-05-2024,New
106438,31,Tehran,22-02-2024,Regular
106439,21,Karaj,09-07-2024,VIP
106440,33,Ahvaz,16-09-2023,New
106441,58,Mashhad,07-12-2025,New
106442,,Tehran,05-01-2025,Regular
106443,43,Tehran,09-07-2025,Regular
106444,56,Tehran,04-05-2025,New
106445,19,Mashhad,03-03-2025,Regular
106446,,Tehran,05-06-2023,New
106447,31,Qom,05-10-2024,VIP
106448,51,Tehran,10-09-2025,Regular
106449,27,Karaj,16-04-2023,Regular
106450,24,Shiraz,21-05-2024,Regular
106451,55,Ahvaz,21-07-2023,Regular
106452,56,Kerman,20-05-2025,VIP
106453,65,Mashhad,16-10-2025,New
106454,50,Tehran,26-02-2023,New
106455,40,Karaj,27-05-2025,Regular
106456,27,Tehran,30-01-2024,New
106457,32,Tehran,21-11-2025,Regular
106458,49,Tehran,17-01-2023,Regular
106459,34,Rasht,29-07-2023,New
106460,41,Tehran,25-02-2025,Regular
106461,26,Isfahan,02-05-2025,Regular
106462,39,Isfahan,28-03-2023,Regular
106463,29,Tabriz,25-06-2023,New
106464,23,Mashhad,06-01-2024,VIP
106465,24,Ahvaz,08-02-2023,Regular
106466,42,Karaj,06-05-2025,Regular
106467,35,Isfahan,03-01-2025,Regular
106468,22,Mashhad,31-03-2025,Regular
106469,42,Qom,29-05-2024,New
106470,25,Karaj,02-12-2024,Regular
106471,18,Mashhad,19-09-2024,New
106472,24,Mashhad,29-01-2025,VIP
106473,39,Tehran,08-05-2024,New
106474,63,Tehran,14-12-2024,Regular
106475,29,Tehran,07-12-2024,Regular
106476,31,Tehran,03-12-2024,Regular
106477,29,Tehran,13-08-2025,Regular
106478,35,Ahvaz,18-01-2024,Regular
106479,52,Qom,20-08-2025,Regular
106480,33,Ahvaz,31-01-2023,VIP
106481,49,Tabriz,16-06-2024,Regular
106482,61,Tabriz,28-04-2024,Regular
106483,63,Tehran,08-08-2025,Regular
106484,45,Karaj,19-02-2023,New
106485,52,Mashhad,26-08-2023,New
106486,62,Shiraz,28-05-2024,New
106487,55,Kerman,11-06-2025,Regular
106488,32,Ahvaz,23-05-2024,Regular
106489,24,Tehran,30-11-2024,New
106490,23,Karaj,15-07-2023,New
106491,60,Tehran,29-10-2025,New
106492,44,Tehran,08-05-2025,Regular
106493,32,Tehran,17-02-2023,New
106494,34,Tehran,10-02-2025,Regular
106495,31,Karaj,22-05-2023,VIP
106496,56,Mashhad,04-09-2024,Regular
106497,47,Tehran,14-02-2025,Regular
106498,60,Kerman,10-10-2025,VIP
106499,32,Shiraz,19-03-2023,Regular
106500,40,Mashhad,11-11-2023,Regular
106501,23,Shiraz,25-01-2025,Regular
106502,64,Shiraz,14-10-2023,Regular
106503,42,Isfahan,19-02-2025,Regular
106504,44,,20-07-2023,New
106505,37,Ahvaz,29-06-2023,Regular
106506,31,Mashhad,19-08-2024,Regular
106507,63,Isfahan,24-01-2025,Regular
106508,41,Tehran,13-08-2023,Regular
106509,50,Ahvaz,14-08-2025,Regular
106510,19,Mashhad,09-08-2025,Regular
106511,,Tehran,30-03-2023,Regular
106512,56,Kerman,30-11-2023,Regular
106513,22,Shiraz,31-08-2024,Regular
106514,22,Tehran,21-06-2024,Regular
106515,56,Tehran,07-10-2023,VIP
106516,32,tehran,02-08-2024,New
106517,31,Kerman,20-11-2025,Regular
106518,45,Isfahan,03-12-2023,New
106519,27,Tehran,28-08-2023,VIP
106520,20,Shiraz,19-03-2025,Regular
106521,18,Mashhad,16-09-2024,Regular
106522,21,Tehran,27-01-2025,Regular
106523,25,Ahvaz,08-12-2024,Regular
106524,51,Tehran,13-04-2025,Regular
106525,32,Rasht,09-03-2025,New
106526,21,Qom,25-10-2024,New
106527,18,Tehran,12-05-2024,New
106528,40,Karaj,18-05-2024,Regular
106529,58,Karaj,18-10-2023,Regular
106530,34,Tabriz,06-05-2024,New
106531,21,Shiraz,24-10-2024,Regular
106532,28,Tehran,23-02-2025,New
106533,41,Tehran,26-04-2025,New
106534,27,Karaj,17-02-2024,Regular
106535,64,Tehran,13-03-2025,Regular
106536,54,Tehran,23-04-2024,New
106537,34,Isfahan,28-01-2024,VIP
106538,63,Tehran,29-06-2023,Regular
106539,33,Qom,19-10-2023,Regular
106540,24,Qom,14-01-2025,New
106541,63,Ahvaz,25-08-2023,Regular
106542,64,Tehran,26-03-2023,Regular
106543,33,Isfahan,25-10-2023,Regular
106544,46,Ahvaz,20-12-2025,New
106545,26,Mashhad,14-06-2023,Regular
106546,48,Karaj,07-06-2023,Regular
106547,51,Shiraz,17-03-2024,New
106548,52,Mashhad,24-02-2024,Regular
106549,45,Tehran,04-10-2025,New
106550,51,Tabriz,18-09-2023,Regular
106551,44,Tehran,01-04-2024,Regular
106552,57,Ahvaz,15-11-2023,Regular
106553,26,Shiraz,01-10-2023,VIP
106554,41,Tehran,20-12-2023,Regular
106555,37,Karaj,09-10-2023,New
106556,43,Isfahan,25-02-2025,Regular
106557,24,Tehran,15-05-2025,Regular
106558,33,Kerman,13-07-2023,Regular
106559,63,Karaj,27-06-2024,Regular
106560,23,Shiraz,16-10-2023,Regular
106561,48,Ahvaz,08-08-2025,VIP
106562,49,Shiraz,21-04-2023,New
106563,40,Isfahan,24-03-2024,New
106564,19,Tehran,29-12-2023,New
106565,19,Tehran,02-02-2024,Regular
106566,31,Isfahan,27-10-2025,New
106567,22,Isfahan,15-08-2024,New
106568,22,Karaj,21-02-2024,VIP
106569,25,Isfahan,03-06-2025,New
106570,27,Shiraz,01-05-2025,New
106571,58,Ahvaz,08-06-2023,Regular
106572,48,Kerman,20-05-2024,New
106573,19,Mashhad,27-03-2024,New
106574,48,Rasht,07-05-2024,New
106575,24,Qom,18-01-2024,New
106576,38,Tehran,21-06-2025,Regular
106577,19,Mashhad,26-12-2025,Regular
106578,22,Tehran,30-01-2023,Regular
106579,24,Tabriz,27-07-2025,Regular
106580,38,Shiraz,05-08-2025,Regular
106581,40,Isfahan,05-02-2024,VIP
106582,,Karaj,15-06-2024,Regular
106583,47,Mashhad,22-04-2023,New
106584,52,Mashhad,20-01-2024,New
106585,52,Ahvaz,18-09-2023,New
106586,45,Kerman,19-09-2025,Regular
106587,44,Karaj,28-04-2023,Regular
106588,41,Tehran,08-01-2024,New
106589,29,Tehran,10-06-2024,New
106590,41,Tehran,06-12-2025,Regular
106591,18,Isfahan,13-06-2025,Regular
106592,64,Tehran,22-10-2025,New
106593,35,Rasht,06-12-2023,Regular
106594,54,Tabriz,21-10-2023,Regular
106595,63,Isfahan,17-09-2024,Regular
106596,41,Tehran,08-01-2024,Regular
106597,59,Mashhad,18-01-2023,Regular
106598,41,Isfahan,08-06-2025,New
106599,24,Karaj,14-04-2023,VIP
106600,19,Tehran,03-08-2023,Regular
106601,24,Ahvaz,29-10-2025,Regular
106602,63,Tehran,12-03-2025,Regular
106603,40,Tehran,04-12-2024,VIP
106604,33,Kerman,22-05-2023,New
106605,39,Tehran,02-10-2023,New
106606,30,Tehran,14-08-2023,Regular
106607,59,Tabriz,03-12-2024,New
106608,65,Mashhad,02-07-2024,Regular
106609,,Tehran,30-01-2024,Regular
106610,52,Tehran,27-03-2025,New
106611,34,Tehran,01-05-2025,New
106612,20,Shiraz,20-03-2025,Regular
106613,62,Tehran,26-04-2023,New
106614,20,Karaj,28-10-2024,New
106615,27,Ahvaz,18-08-2023,Regular
106616,19,Tehran,25-10-2023,New
106617,40,Mashhad,07-12-2025,Regular
106618,46,Tehran,30-03-2024,VIP
106619,33,Mashhad,12-05-2025,Regular
106620,21,Tehran,27-09-2023,Regular
106621,23,Qom,30-11-2025,Regular
106622,62,Mashhad,31-10-2023,VIP
106623,56,Isfahan,19-07-2023,Regular
106624,62,Tabriz,20-12-2023,Regular
106625,43,Qom,09-07-2023,New
106626,44,Mashhad,17-10-2024,New
106627,55,Tehran,07-06-2023,New
106628,47,Kerman,16-08-2023,New
106629,38,Mashhad,07-02-2025,New
106630,32,Tabriz,16-02-2023,Regular
106631,41,Tabriz,27-04-2024,New
106632,21,Shiraz,28-01-2025,New
106633,27,Tehran,02-05-2024,Regular
106634,53,Tehran,24-01-2023,VIP
106635,59,Isfahan,23-06-2023,New
106636,22,Shiraz,29-11-2025,New
106637,22,Karaj,25-04-2025,Regular
106638,22,Karaj,19-01-2024,VIP
106639,55,Rasht,14-08-2025,Regular
106640,32,Kerman,08-01-2023,Regular
106641,33,Karaj,21-02-2023,Regular
106642,18,Tehran,26-08-2025,Regular
106643,64,Mashhad,08-01-2025,New
106644,38,Tabriz,18-10-2024,Regular
106645,56,Shiraz,13-01-2024,Regular
106646,51,Tehran,14-06-2025,Regular
106647,24,Shiraz,27-10-2024,New
106648,56,Mashhad,21-04-2024,Regular
106649,44,Mashhad,21-02-2024,Regular
106650,47,Ahvaz,23-01-2024,New
106651,27,Isfahan,21-09-2024,New
106652,58,Shiraz,18-12-2024,New
106653,62,Shiraz,31-05-2025,VIP
106654,37,Shiraz,20-03-2024,New
106655,22,Tehran,05-10-2023,Regular
106656,58,Shiraz,01-09-2024,Regular
106657,60,Mashhad,30-09-2024,Regular
106658,42,Tabriz,01-11-2023,VIP
106659,45,Tehran,22-03-2023,VIP
106660,28,Kerman,31-12-2023,Regular
106661,21,Karaj,19-03-2023,Regular
106662,63,Isfahan,31-03-2023,New
106663,41,Mashhad,23-11-2025,New
106664,31,Mashhad,05-05-2025,Regular
106665,51,Karaj,08-02-2023,New
106666,19,Tabriz,17-01-2024,Regular
106667,,Karaj,06-10-2023,New
106668,29,Ahvaz,03-12-2025,Regular
106669,39,Isfahan,24-04-2024,New
106670,35,Tabriz,12-10-2023,New
106671,26,Isfahan,26-11-2024,Regular
106672,34,Tabriz,04-06-2024,Regular
106673,34,Isfahan,25-07-2023,Regular
106674,43,Karaj,01-12-2023,Regular
106675,45,Tehran,20-05-2023,Regular
106676,60,Tehran,29-01-2025,New
106677,56,Mashhad,28-11-2025,New
106678,32,Rasht,04-06-2025,Regular
106679,61,Isfahan,16-02-2024,New
106680,42,Mashhad,17-06-2024,Regular
106681,27,Mashhad,08-03-2023,VIP
106682,34,Isfahan,06-02-2024,New
106683,53,,05-02-2023,Regular
106684,57,Kerman,26-03-2025,Regular
106685,35,Ahvaz,22-09-2025,New
106686,25,Ahvaz,29-07-2023,Regular
106687,27,Tehran,08-01-2025,Regular
106688,22,Tehran,18-10-2024,VIP
106689,51,Shiraz,02-04-2024,New
106690,42,Tabriz,14-03-2025,Regular
106691,39,Tehran,14-01-2025,New
106692,50,Karaj,22-10-2023,New
106693,57,Tehran,24-05-2025,Regular
106694,56,Tehran,18-12-2024,Regular
106695,24,Mashhad,09-12-2023,Regular
106696,46,Ahvaz,16-03-2025,VIP
106697,60,Karaj,02-12-2024,New
106698,55,Shiraz,09-05-2023,Regular
106699,33,Qom,02-07-2023,New
106700,36,Qom,21-12-2023,Regular
106701,60,Mashhad,18-02-2023,New
106702,19,Qom,20-03-2024,New
106703,43,Tehran,20-05-2024,Regular
106704,23,Isfahan,29-04-2025,Regular
106705,60,Tehran,07-07-2023,Regular
106706,19,Isfahan,13-09-2024,VIP
106707,19,Shiraz,28-12-2024,Regular
106708,33,Tehran,07-05-2024,Regular
106709,27,Isfahan,20-09-2025,VIP
106710,41,Tabriz,16-12-2023,Regular
106711,32,Tabriz,22-03-2024,New
106712,35,Tehran,05-01-2023,Regular
106713,,Tehran,25-03-2024,Regular
106714,44,Mashhad,23-01-2023,Regular
106715,62,Ahvaz,13-12-2025,Regular
106716,41,Ahvaz,21-09-2023,New
106717,45,Mashhad,08-06-2025,Regular
106718,50,Karaj,08-05-2023,New
106719,26,Shiraz,28-10-2023,Regular
106720,50,Kerman,11-05-2023,Regular
106721,59,Tehran,08-02-2024,VIP
106722,,Shiraz,21-10-2024,New
106723,26,Shiraz,04-04-2024,Regular
106724,34,Mashhad,24-10-2024,New
106725,31,Tehran,01-06-2025,Regular
106726,46,Tehran,19-02-2023,Regular
106727,59,Isfahan,09-04-2024,Regular
106728,46,Karaj,12-10-2024,Regular
106729,24,Karaj,27-07-2024,VIP
106730,33,Tehran,09-06-2023,New
106731,51,,15-08-2023,Regular
106732,33,Mashhad,18-02-2024,Regular
106733,46,Kerman,14-12-2024,New
106734,51,Tehran,19-12-2025,Regular
106735,33,Ahvaz,08-02-2024,Regular
106736,,Rasht,25-07-2024,Regular
106737,37,Qom,02-12-2023,Regular
106738,24,Qom,07-02-2023,Regular
106739,35,Mashhad,12-03-2024,VIP
106740,39,Karaj,16-01-2024,New
106741,18,Shiraz,14-06-2023,Regular
106742,60,Isfahan,04-01-2025,Regular
106743,43,Kerman,11-10-2023,New
106744,19,Mashhad,03-09-2023,Regular
106745,59,Isfahan,02-03-2024,Regular
106746,59,Rasht,22-11-2025,New
106747,18,Mashhad,27-11-2024,Regular
106748,25,Tehran,10-04-2024,Regular
106749,35,Mashhad,17-06-2025,New
106750,42,Karaj,24-01-2023,New
106751,52,Ahvaz,04-01-2024,Regular
106752,38,Tehran,14-08-2024,Regular
106753,47,Tabriz,19-06-2024,Regular
106754,18,Shiraz,10-01-2025,Regular
106755,49,Tabriz,07-02-2025,New
106756,61,Tabriz,14-05-2024,Regular
106757,43,Kerman,14-10-2025,New
106758,39,Mashhad,13-10-2025,VIP
106759,32,Mashhad,04-06-2024,Regular
106760,63,Shiraz,14-09-2025,New
106761,19,Isfahan,02-12-2024,Regular
106762,31,Isfahan,02-06-2023,VIP
106763,24,Tehran,11-05-2023,Regular
106764,59,Tehran,29-03-2023,Regular
106765,41,Mashad,20-08-2023,New
106766,62,Mashad,08-12-2023,Regular
106767,49,Shiraz,17-03-2023,Regular
106768,44,Karaj,27-10-2024,Regular
106769,42,Tehran,26-03-2024,New
106770,27,Tehran,20-10-2024,VIP
106771,44,Mashhad,04-07-2024,Regular
106772,50,Isfahan,25-10-2023,New
106773,64,Mashhad,04-11-2024,New
106774,44,Tabriz,07-11-2025,New
106775,63,Tehran,13-12-2023,Regular
106776,63,Tehran,03-12-2023,New
106777,43,Tehran,19-07-2024,Regular
106778,39,Mashhad,30-05-2025,New
106779,24,Mashhad,04-08-2024,New
106780,,Rasht,30-06-2025,New
106781,60,Tehran,23-03-2023,Regular
106782,24,Shiraz,18-04-2023,Regular
106783,37,Shiraz,20-03-2024,Regular
106784,51,Karaj,12-09-2023,Regular
106785,29,Tabriz,26-01-2023,Regular
106786,64,Tehran,24-08-2023,Regular
106787,49,Tabriz,24-10-2023,New
106788,19,Mashhad,04-10-2025,Regular
106789,29,Karaj,06-05-2025,New
106790,53,Tehran,20-01-2024,Regular
106791,59,Karaj,15-11-2025,Regular
106792,62,Tabriz,04-07-2025,Regular
106793,58,Tabriz,02-10-2023,Regular
106794,21,Tehran,07-06-2024,Regular
106795,53,Tabriz,06-10-2025,New
106796,23,Karaj,15-05-2024,VIP
106797,21,Isfahan,11-02-2024,New
106798,51,Mashhad,16-09-2025,New
106799,40,Tehran,24-12-2024,New
106800,49,Mashhad,27-04-2024,VIP
106801,58,Karaj,10-08-2025,VIP
106802,21,Mashhad,26-03-2025,New
106803,43,Karaj,16-01-2024,New
106804,58,Karaj,09-04-2024,Regular
106805,39,Tabriz,21-02-2023,New
106806,43,Tabriz,22-04-2023,New
106807,41,Tabriz,11-11-2025,Regular
106808,61,Shiraz,28-02-2023,Regular
106809,20,Tehran,05-07-2025,Regular
106810,60,Ahvaz,17-08-2023,Regular
106811,57,Kerman,16-08-2024,Regular
106812,57,Isfahan,01-03-2025,Regular
106813,37,Rasht,21-12-2025,New
106814,42,Kerman,14-02-2024,New
106815,35,Isfahan,09-10-2025,Regular
106816,30,Karaj,12-05-2024,New
106817,60,Tabriz,07-08-2025,Regular
106818,,Tehran,22-04-2023,New
106819,52,Tehran,21-10-2023,New
106820,22,Isfahan,13-11-2024,Regular
106821,55,Qom,12-02-2025,New
106822,49,Mashhad,29-05-2025,Regular
106823,65,Qom,27-01-2024,Regular
106824,24,Tabriz,15-11-2024,Regular
106825,43,Karaj,10-11-2024,Regular
106826,42,Mashhad,14-12-2025,New
106827,43,Isfahan,09-05-2023,Regular
106828,20,Tehran,18-01-2023,VIP
106829,40,Tehran,21-09-2024,New
106830,32,Tehran,18-01-2023,Regular
106831,47,Tehran,03-08-2023,Regular
106832,29,Tehran,01-07-2024,Regular
106833,38,Shiraz,21-10-2023,New
106834,47,Isfahan,19-10-2023,New
106835,21,Tehran,15-01-2024,New
106836,55,Ahvaz,21-01-2025,New
106837,52,Shiraz,05-02-2024,Regular
106838,20,,18-05-2025,Regular
106839,21,Tabriz,24-06-2023,Regular
106840,58,Tehran,23-04-2023,Regular
106841,31,Rasht,02-07-2023,New
106842,59,Ahvaz,01-10-2025,Regular
106843,41,Tabriz,31-10-2023,Regular
106844,34,Shiraz,02-02-2023,Regular
106845,31,Isfahan,12-12-2023,Regular
106846,49,Isfahan,23-01-2025,Regular
106847,23,Karaj,01-02-2024,New
106848,37,Shiraz,26-02-2024,VIP
106849,34,Tehran,05-04-2023,New
106850,25,Tehran,31-12-2024,New
106851,,Tehran,30-08-2023,Regular
106852,43,Tehran,17-04-2023,New
106853,50,Mashhad,21-02-2025,New
106854,22,Rasht,23-10-2025,VIP
106855,59,Tehran,30-10-2024,New
106856,60,Mashhad,23-10-2025,New
106857,51,Tehran,16-03-2024,New
106858,62,Shiraz,22-07-2024,New
106859,38,Tabriz,27-01-2024,VIP
106860,57,Shiraz,11-07-2024,Regular
106861,52,Kerman,04-09-2025,VIP
106862,45,Kerman,26-11-2024,Regular
106863,26,Ahvaz,30-01-2023,Regular
106864,44,Qom,27-09-2024,Regular
106865,61,Mashhad,18-02-2024,Regular
106866,,Shiraz,18-08-2024,Regular
106867,39,Mashhad,02-09-2024,Regular
106868,29,Qom,07-10-2024,Regular
106869,53,Tehran,06-08-2025,Regular
106870,21,Tehran,29-07-2025,Regular
106871,25,Tehran,29-11-2025,New
106872,44,Tabriz,31-10-2024,Regular
106873,65,Karaj,09-11-2023,Regular
106874,33,Tehran,03-08-2023,Regular
106875,39,Shiraz,19-07-2025,Regular
106876,33,Mashhad,27-09-2025,Regular
106877,39,Qom,10-02-2023,Regular
106878,18,Tehran,25-08-2023,New
106879,46,Tehran,13-01-2025,Regular
106880,46,Tabriz,30-06-2023,New
106881,33,Shiraz,24-02-2023,New
106882,30,Ahvaz,27-12-2025,New
106883,54,Shiraz,16-04-2023,Regular
106884,27,Rasht,22-08-2023,Regular
106885,20,Mashad,18-12-2025,New
106886,19,Mashhad,20-04-2023,Regular
106887,60,Kerman,25-05-2025,Regular
106888,35,Tehran,07-09-2024,Regular
106889,22,Qom,14-08-2024,Regular
106890,60,Tehran,24-06-2025,Regular
106891,25,Isfahan,24-01-2023,Regular
106892,34,Tehran,08-03-2023,New
106893,18,Shiraz,03-08-2023,New
106894,50,Qom,20-06-2024,Regular
106895,51,Tehran,19-11-2025,VIP
106896,54,Tehran,17-03-2023,Regular
106897,30,Mashhad,05-04-2024,Regular
106898,33,Tehran,14-04-2024,New
106899,63,Mashhad,04-08-2023,Regular
106900,57,Kerman,12-01-2024,Regular
106901,19,Tehran,09-08-2023,Regular
106902,51,Isfahan,31-05-2023,Regular
106903,57,Isfahan,24-07-2024,New
106904,44,Mashhad,16-10-2025,New
106905,48,Tehran,18-03-2024,New
106906,18,Karaj,26-11-2024,Regular
106907,19,Tabriz,03-01-2025,Regular
106908,19,Qom,12-07-2025,New
106909,25,Mashhad,22-06-2025,VIP
106910,65,Tabriz,19-09-2025,Regular
106911,48,Rasht,10-06-2025,Regular
106912,55,Ahvaz,15-10-2025,VIP
106913,32,Rasht,23-11-2025,Regular
106914,63,Tehran,30-03-2025,New
106915,27,Kerman,24-06-2024,VIP
106916,61,Qom,03-12-2023,Regular
106917,19,Qom,17-09-2024,New
106918,18,Tabriz,26-06-2025,New
106919,21,Mashad,05-04-2025,Regular
106920,56,Isfahan,23-07-2024,VIP
106921,30,Karaj,25-03-2023,Regular
106922,39,Karaj,25-10-2023,Regular
106923,40,Karaj,24-09-2024,New
106924,55,Karaj,27-02-2024,Regular
106925,34,Tehran,14-05-2024,New
106926,18,Mashhad,26-11-2023,Regular
106927,36,Mashhad,25-03-2023,Regular
106928,31,Karaj,25-05-2024,New
106929,53,Karaj,02-05-2024,VIP
106930,54,Ahvaz,05-05-2025,VIP
106931,22,Qom,03-05-2023,Regular
106932,56,Shiraz,14-06-2024,Regular
106933,21,Tehran,23-07-2025,Regular
106934,47,Tabriz,21-10-2023,New
106935,36,Ahvaz,13-12-2023,New
106936,32,Tabriz,06-04-2023,Regular
106937,41,Rasht,21-09-2024,Regular
106938,32,Kerman,26-07-2025,Regular
106939,56,Mashhad,11-06-2024,Regular
106940,64,Karaj,02-04-2024,Regular
106941,57,Shiraz,31-03-2025,New
106942,39,Isfahan,28-04-2024,New
106943,42,Tehran,12-03-2024,New
106944,39,Tehran,16-04-2025,Regular
106945,56,Tehran,08-11-2023,Regular
106946,44,Tabriz,19-07-2025,Regular
106947,40,Tehran,21-10-2023,Regular
106948,37,Isfahan,13-07-2024,Regular
106949,36,Shiraz,02-10-2023,New
106950,44,Isfahan,23-11-2024,Regular
106951,51,Ahvaz,20-04-2024,VIP
106952,38,Isfahan,19-09-2023,New
106953,56,Tehran,25-03-2025,Regular
106954,57,Kerman,20-10-2025,New
106955,38,Ahvaz,31-01-2023,New
106956,61,Tabriz,13-09-2024,Regular
106957,26,Karaj,25-02-2025,Regular
106958,62,Tehran,26-02-2025,Regular
106959,32,Karaj,30-08-2023,Regular
106960,,Tehran,06-05-2023,Regular
106961,31,Isfahan,16-07-2024,Regular
106962,39,Tehran,28-11-2024,New
106963,34,Karaj,13-11-2023,Regular
106964,51,Tehran,09-02-2024,Regular
106965,21,Tehran,05-08-2024,Regular
106966,58,Tehran,07-05-2024,Regular
106967,61,Karaj,13-06-2024,Regular
106968,45,Mashhad,16-01-2025,New
106969,44,Shiraz,13-12-2025,New
106970,51,Mashhad,21-05-2025,Regular
106971,27,Karaj,09-01-2023,Regular
106972,53,Tehran,18-01-2024,Regular
106973,28,Rasht,11-01-2023,VIP
106974,50,,14-08-2025,Regular
106975,32,Tehran,06-12-2024,New
106976,53,Tehran,28-08-2023,Regular
106977,55,Tehran,07-07-2025,Regular
106978,28,Isfahan,08-09-2024,Regular
106979,47,Tehran,26-02-2023,Regular
106980,41,Ahvaz,15-06-2023,Regular
106981,32,Shiraz,05-06-2025,New
106982,46,Tehran,13-11-2023,New
106983,65,Isfahan,28-07-2024,New
106984,18,Tehran,07-09-2025,Regular
106985,63,Tehran,13-11-2023,Regular
106986,59,Mashhad,13-01-2023,New
106987,43,Tehran,02-04-2023,New
106988,47,Tehran,29-09-2025,Regular
106989,35,Rasht,18-10-2024,Regular
106990,24,Tabriz,26-12-2023,Regular
106991,45,Rasht,28-03-2023,Regular
106992,57,Tehran,31-01-2025,Regular
106993,29,Ahvaz,13-02-2023,Regular
106994,52,Mashhad,11-04-2023,Regular
106995,53,Tehran,12-10-2024,New
106996,54,Qom,03-12-2024,VIP
106997,34,Tehran,15-09-2024,Regular
106998,36,Mashhad,22-09-2025,Regular
106999,37,Qom,22-10-2023,New
107000,59,Tabriz,30-08-2024,VIP
107001,61,Shiraz,02-12-2023,Regular
107002,37,Mashhad,01-02-2024,Regular
107003,64,Tehran,14-06-2023,Regular
107004,45,Kerman,18-05-2025,New
107005,36,Tehran,09-02-2025,New
107006,18,Tehran,19-02-2025,New
107007,47,Tehran,05-06-2023,New
107008,48,Rasht,09-05-2023,Regular
107009,64,Karaj,06-05-2025,Regular
107010,52,Isfahan,29-12-2024,Regular
107011,19,Kerman,02-02-2023,Regular
107012,45,Tehran,28-12-2024,New
107013,53,Rasht,09-12-2025,Regular
107014,41,Tehran,03-04-2025,Regular
107015,38,Mashhad,01-11-2023,Regular
107016,56,Tehran,13-12-2023,New
107017,47,Kerman,03-04-2025,VIP
107018,,Rasht,15-03-2024,Regular
107019,40,Shiraz,17-03-2025,Regular
107020,31,Tehran,17-11-2025,Regular
107021,42,Tehran,20-03-2024,Regular
107022,64,Isfahan,19-09-2024,VIP
107023,46,Mashhad,20-06-2024,VIP
107024,51,,10-07-2024,Regular
107025,23,Tabriz,24-03-2023,Regular
107026,65,Tabriz,16-12-2025,VIP
107027,29,Rasht,15-08-2024,Regular
107028,64,Isfahan,09-09-2023,New
107029,39,Mashhad,20-09-2024,Regular
107030,62,Shiraz,11-03-2024,Regular
107031,60,Tehran,18-06-2025,Regular
107032,54,Tabriz,12-04-2025,Regular
107033,61,Karaj,23-02-2024,Regular
107034,47,Tehran,19-02-2025,VIP
107035,58,Mashhad,06-02-2023,Regular
107036,26,Ahvaz,24-11-2025,New
107037,21,Isfahan,13-07-2024,Regular
107038,44,Shiraz,17-12-2024,Regular
107039,56,Karaj,07-12-2024,New
107040,54,Shiraz,09-12-2023,Regular
107041,43,Tehran,25-01-2025,VIP
107042,43,Qom,11-03-2024,New
107043,47,Rasht,15-01-2025,Regular
107044,59,Tehran,09-04-2023,Regular
107045,58,Tehran,09-06-2023,Regular
107046,23,Karaj,08-10-2025,Regular
107047,46,Tabriz,16-03-2025,Regular
107048,36,Mashhad,21-05-2023,Regular
107049,56,Shiraz,23-08-2023,VIP
107050,42,Karaj,20-08-2024,New
107051,65,Isfahan,07-01-2023,Regular
107052,38,Tehran,15-03-2024,Regular
107053,50,Tehran,24-12-2023,New
107054,,Isfahan,27-05-2023,Regular
107055,62,Rasht,25-11-2023,Regular
107056,25,Shiraz,17-11-2023,New
107057,36,Mashhad,15-03-2023,New
107058,58,Rasht,24-11-2024,New
107059,64,Mashhad,26-10-2023,Regular
107060,41,Isfahan,04-02-2023,Regular
107061,41,Tehran,25-01-2023,Regular
107062,20,Karaj,23-11-2025,Regular
107063,64,Karaj,10-05-2023,Regular
107064,18,Qom,22-09-2025,VIP
107065,19,Mashhad,02-07-2023,Regular
107066,40,Isfahan,03-04-2023,New
107067,18,Tehran,20-08-2024,Regular
107068,25,Kerman,08-08-2025,Regular
107069,48,Tehran,20-03-2023,Regular
107070,51,Tabriz,26-12-2023,New
107071,32,Karaj,04-04-2025,New
107072,56,Tehran,15-03-2023,VIP
107073,47,Mashhad,05-07-2023,Regular
107074,28,Tehran,02-12-2023,Regular
107075,52,Shiraz,02-06-2025,VIP
107076,46,Kerman,04-06-2025,New
107077,56,Isfahan,15-02-2025,VIP
107078,25,Kerman,30-12-2024,Regular
107079,29,Tehran,29-01-2023,Regular
107080,32,Mashhad,19-09-2023,New
107081,34,tehran,06-10-2025,New
107082,60,Ahvaz,26-02-2025,Regular
107083,53,Mashhad,21-09-2023,New
107084,44,Tabriz,14-02-2025,New
107085,43,Ahvaz,04-03-2025,New
107086,60,Karaj,24-03-2025,Regular
107087,39,Tabriz,09-12-2025,VIP
107088,28,Tehran,15-08-2024,New
107089,24,Tehran,07-03-2023,New
107090,33,Tabriz,15-06-2025,Regular
107091,49,Isfahan,17-01-2023,Regular
107092,40,Tehran,03-12-2024,Regular
107093,38,Mashhad,22-05-2025,VIP
107094,41,Mashhad,18-05-2023,New
107095,64,Isfahan,23-05-2025,Regular
107096,65,Mashhad,06-06-2025,VIP
107097,25,Mashhad,16-12-2024,Regular
107098,23,Tehran,21-12-2023,Regular
107099,29,Ahvaz,10-08-2023,VIP
107100,58,Tabriz,11-02-2025,New
107101,40,Tehran,21-06-2023,New
107102,59,Isfahan,09-01-2025,New
107103,49,Isfahan,05-07-2023,Regular
107104,44,Tabriz,03-01-2024,Regular
107105,31,Tabriz,08-07-2024,New
107106,34,Tabriz,27-06-2023,Regular
107107,25,Karaj,20-05-2025,Regular
107108,42,Tehran,30-01-2025,New
107109,31,Mashhad,18-01-2023,Regular
107110,,Tehran,18-07-2025,Regular
107111,19,Isfahan,23-02-2025,Regular
107112,56,Isfahan,06-07-2025,Regular
107113,63,Karaj,20-10-2024,New
107114,41,Tehran,17-11-2024,Regular
107115,43,Tabriz,24-02-2024,Regular
107116,62,Mashhad,07-09-2023,New
107117,42,Mashhad,15-09-2023,New
107118,47,Karaj,13-12-2023,Regular
107119,38,Tehran,15-11-2023,Regular
107120,42,Mashhad,06-04-2025,Regular
107121,43,tehran,28-07-2024,New
107122,52,Karaj,25-03-2024,Regular
107123,47,Tehran,05-03-2025,Regular
107124,42,Rasht,13-03-2025,New
107125,21,Kerman,20-10-2025,New
107126,61,Qom,05-12-2023,Regular
107127,60,Mashhad,24-09-2023,Regular
107128,26,Tabriz,07-01-2023,New
107129,32,Tehran,25-06-2023,Regular
107130,64,Ahvaz,22-10-2024,New
107131,33,Shiraz,05-06-2025,Regular
107132,56,Tehran,20-10-2024,New
107133,55,Mashhad,21-12-2025,Regular
107134,59,Qom,18-11-2024,Regular
107135,18,Ahvaz,24-08-2025,Regular
107136,,Shiraz,21-10-2023,VIP
107137,45,Isfahan,21-12-2023,New
107138,58,Karaj,07-06-2025,New
107139,28,Qom,24-12-2024,New
107140,32,Karaj,17-06-2024,Regular
107141,26,Mashhad,12-11-2025,Regular
107142,54,Tabriz,14-04-2025,New
107143,65,Ahvaz,20-11-2023,Regular
107144,24,Tehran,31-10-2024,Regular
107145,29,Mashhad,09-03-2024,VIP
107146,32,Tehran,31-03-2024,Regular
107147,60,Mashhad,31-05-2025,VIP
107148,39,Karaj,14-01-2025,Regular
107149,31,,14-01-2023,VIP
107150,33,Shiraz,21-09-2024,Regular
107151,46,Tehran,09-12-2024,New
107152,36,Rasht,13-07-2024,Regular
107153,24,Qom,25-11-2023,Regular
107154,57,Shiraz,11-12-2024,New
107155,38,Karaj,03-11-2025,Regular
107156,30,Tehran,05-04-2023,Regular
107157,52,Ahvaz,22-10-2024,Regular
107158,53,Karaj,23-09-2025,New
107159,25,Tehran,14-03-2024,Regular
107160,21,Kerman,02-01-2024,Regular
107161,20,Tehran,29-09-2023,New
107162,54,Tabriz,04-09-2023,New
107163,48,Tehran,04-03-2024,New
107164,56,Karaj,25-04-2025,Regular
107165,48,Tehran,19-07-2023,New
107166,37,Tehran,11-09-2023,New
107167,46,Isfahan,29-12-2025,Regular
107168,52,Kerman,26-12-2025,Regular
107169,37,Tehran,06-09-2023,Regular
107170,61,Tabriz,05-04-2024,Regular
107171,61,Shiraz,17-03-2024,Regular
107172,56,Ahvaz,21-11-2023,New
107173,65,Mashhad,17-06-2023,Regular
107174,36,Shiraz,09-03-2023,New
107175,23,Kerman,03-11-2024,New
107176,41,Mashhad,15-02-2023,Regular
107177,53,Isfahan,10-11-2024,New
107178,55,Ahvaz,15-04-2023,New
107179,36,Mashhad,19-06-2023,Regular
107180,32,tehran,06-01-2023,Regular
107181,39,Mashhad,11-03-2024,New
107182,56,Qom,25-12-2023,Regular
107183,20,Rasht,30-12-2023,Regular
107184,33,Tabriz,06-12-2023,VIP
107185,29,Tabriz,24-10-2025,New
107186,56,Mashhad,15-04-2024,Regular
107187,40,Tehran,05-06-2025,Regular
107188,22,Tehran,13-09-2023,Regular
107189,30,Tehran,13-06-2024,New
107190,20,Tehran,10-03-2023,Regular
107191,40,Tabriz,11-10-2023,New
107192,65,Tehran,19-03-2023,Regular
107193,45,Tehran,23-01-2023,Regular
107194,59,Mashhad,19-07-2023,New
107195,53,Tehran,24-06-2023,New
107196,60,Tehran,13-12-2023,VIP
107197,32,Tehran,25-03-2025,Regular
107198,63,Tehran,12-06-2023,Regular
107199,29,Shiraz,30-10-2024,VIP
107200,39,Karaj,04-02-2024,New
107201,50,Ahvaz,17-03-2024,Regular
107202,31,Karaj,06-10-2025,Regular
107203,30,Tabriz,24-05-2024,New
107204,24,Rasht,14-10-2023,New
107205,18,Shiraz,18-09-2023,Regular
107206,42,Tabriz,04-07-2023,New
107207,65,Isfahan,28-05-2025,New
107208,28,Mashhad,28-12-2024,Regular
107209,39,Mashhad,21-10-2023,Regular
107210,62,Tehran,21-06-2024,Regular
107211,55,Qom,07-07-2024,New
107212,18,Tehran,21-02-2023,Regular
107213,42,Tabriz,22-09-2025,Regular
107214,24,Ahvaz,12-05-2025,Regular
107215,29,Isfahan,09-08-2024,Regular
107216,29,Tehran,22-02-2025,New
107217,47,Isfahan,30-04-2023,Regular
107218,27,Mashhad,06-12-2025,Regular
107219,30,Kerman,02-12-2024,Regular
107220,28,Karaj,24-10-2025,Regular
107221,35,Karaj,04-08-2025,New
107222,49,Shiraz,01-10-2024,Regular
107223,37,Karaj,12-11-2023,Regular
107224,33,Karaj,21-01-2025,Regular
107225,42,Tehran,14-07-2024,New
107226,47,Tehran,24-03-2024,New
107227,18,Tehran,17-02-2025,New
107228,60,Isfahan,30-08-2025,New
107229,61,Ahvaz,07-07-2023,New
107230,46,Tabriz,28-08-2024,New
107231,45,Isfahan,02-05-2025,New
107232,51,Rasht,23-12-2023,New
107233,39,Tehran,10-01-2024,VIP
107234,35,Tehran,11-01-2023,Regular
107235,34,Rasht,20-12-2023,New
107236,25,Rasht,04-10-2024,Regular
107237,58,Karaj,29-11-2025,Regular
107238,33,Tehran,29-07-2024,New
107239,31,Kerman,15-11-2023,Regular
107240,64,Karaj,08-06-2025,New
107241,42,Tabriz,25-07-2023,Regular
107242,47,Tehran,24-07-2023,New
107243,,Shiraz,24-07-2024,Regular
107244,31,Qom,11-06-2025,New
107245,52,Ahvaz,21-08-2023,New
107246,39,Shiraz,17-01-2023,Regular
107247,25,Shiraz,03-03-2025,New
107248,58,Karaj,05-10-2024,Regular
107249,37,Shiraz,20-01-2025,New
107250,50,Isfahan,10-03-2024,Regular
107251,34,Tehran,10-05-2023,Regular
107252,44,Tehran,30-12-2023,Regular
107253,55,Karaj,29-05-2024,Regular
107254,60,Tehran,19-04-2024,VIP
107255,27,Tehran,31-08-2025,New
107256,50,Rasht,02-09-2023,Regular
107257,,Karaj,08-12-2023,Regular
107258,48,Tehran,20-07-2023,Regular
107259,24,Mashhad,16-09-2024,Regular
107260,27,Karaj,31-05-2025,VIP
107261,27,Isfahan,25-08-2025,Regular
107262,23,Isfahan,07-09-2023,New
107263,54,Isfahan,15-04-2024,Regular
107264,64,Tehran,17-03-2025,New
107265,42,Karaj,20-02-2023,Regular
107266,46,Tehran,17-02-2025,Regular
107267,55,Isfahan,28-05-2023,New
107268,37,,06-02-2023,New
107269,40,Tehran,04-05-2023,VIP
107270,46,Tehran,22-08-2025,New
107271,32,Ahvaz,15-01-2025,New
107272,20,Tehran,14-05-2025,New
107273,45,Tehran,25-01-2025,Regular
107274,57,Tehran,21-05-2025,New
107275,21,Karaj,27-06-2024,Regular
107276,28,Isfahan,05-06-2025,New
107277,30,Rasht,03-03-2023,New
107278,56,Tabriz,29-09-2024,New
107279,42,Shiraz,06-04-2025,New
107280,43,Tabriz,23-12-2025,Regular
107281,48,Tehran,29-01-2024,New
107282,31,Kerman,16-07-2023,Regular
107283,52,Kerman,27-02-2025,Regular
107284,19,Tehran,21-03-2023,New
107285,23,Tabriz,30-04-2025,New
107286,,Tehran,10-02-2025,Regular
107287,49,Shiraz,26-01-2025,Regular
107288,26,Karaj,18-11-2023,Regular
107289,39,Rasht,12-05-2023,Regular
107290,20,Mashhad,28-10-2024,New
107291,50,,02-02-2024,Regular
107292,54,Karaj,04-03-2024,Regular
107293,31,Tehran,25-07-2023,New
107294,34,Tabriz,01-01-2024,Regular
107295,29,Tabriz,29-06-2025,Regular
107296,36,Karaj,05-09-2025,Regular
107297,31,Kerman,18-01-2024,Regular
107298,29,Tehran,05-06-2023,New
107299,38,Tehran,07-02-2023,Regular
107300,59,Tehran,26-07-2023,Regular
107301,54,Tehran,11-01-2023,Regular
107302,32,Isfahan,01-01-2025,Regular
107303,63,Ahvaz,04-12-2024,Regular
107304,28,Isfahan,06-05-2025,Regular
107305,61,Tabriz,31-12-2023,New
107306,32,Mashhad,30-06-2025,Regular
107307,43,,05-07-2023,Regular
107308,27,Ahvaz,11-09-2023,New
107309,54,tehran,29-09-2025,New
107310,33,Mashhad,23-08-2025,New
107311,59,Rasht,17-10-2024,Regular
107312,21,Isfahan,29-10-2024,New
107313,42,Tehran,06-02-2025,Regular
107314,25,Isfahan,20-06-2025,VIP
107315,60,Tabriz,11-09-2023,VIP
107316,38,Mashhad,17-03-2023,New
107317,50,Ahvaz,22-07-2023,Regular
107318,60,Shiraz,26-01-2024,Regular
107319,43,Isfahan,16-09-2023,Regular
107320,20,Ahvaz,28-07-2024,New
107321,28,Isfahan,01-06-2023,Regular
107322,28,Isfahan,23-09-2024,Regular
107323,61,Tehran,16-02-2025,Regular
107324,61,Mashhad,19-04-2023,VIP
107325,40,Mashhad,11-11-2023,VIP
107326,60,Tehran,12-08-2024,Regular
107327,29,Shiraz,14-03-2023,New
107328,50,Tehran,29-12-2024,Regular
107329,36,Tehran,05-04-2025,Regular
107330,29,Shiraz,31-01-2024,Regular
107331,30,,10-01-2023,Regular
107332,38,Tabriz,02-07-2024,Regular
107333,34,Karaj,09-08-2025,Regular
107334,28,Mashhad,17-11-2023,VIP
107335,34,Tehran,18-07-2025,Regular
107336,24,Isfahan,11-08-2025,Regular
107337,64,Tehran,04-11-2023,Regular
107338,36,Shiraz,18-10-2024,Regular
107339,23,Karaj,16-02-2023,Regular
107340,45,Tabriz,26-08-2024,New
107341,60,Isfahan,21-08-2025,Regular
107342,35,Rasht,31-10-2025,Regular
107343,58,Tehran,07-08-2023,Regular
107344,47,Ahvaz,29-12-2024,VIP
107345,53,Qom,14-03-2023,VIP
107346,32,Isfahan,03-11-2023,Regular
107347,19,Tehran,03-07-2025,VIP
107348,34,Tehran,03-12-2024,Regular
107349,62,Rasht,05-03-2024,VIP
107350,55,Tehran,18-11-2025,VIP
107351,55,Ahvaz,10-04-2025,Regular
107352,60,Isfahan,26-01-2023,New
107353,35,Isfahan,29-03-2023,New
107354,33,Tabriz,17-11-2024,Regular
107355,62,Tehran,18-08-2025,Regular
107356,45,Isfahan,21-06-2023,Regular
107357,32,Rasht,12-08-2024,Regular
107358,31,Tehran,13-06-2025,Regular
107359,60,Rasht,02-08-2025,New
107360,20,Kerman,02-12-2024,New
107361,20,Tehran,30-12-2025,Regular
107362,53,Shiraz,23-10-2025,New
107363,18,Tehran,02-07-2025,VIP
107364,26,Tabriz,03-01-2025,Regular
107365,65,Kerman,15-12-2025,Regular
107366,38,Rasht,19-01-2023,Regular
107367,52,Rasht,08-04-2023,Regular
107368,,Tehran,12-07-2024,Regular
107369,22,Shiraz,04-01-2025,Regular
107370,26,,16-09-2025,VIP
107371,54,Rasht,12-01-2025,Regular
107372,22,Tehran,12-09-2023,New
107373,46,Tehran,21-09-2025,Regular
107374,34,Tehran,01-04-2023,Regular
107375,35,Tehran,14-04-2023,VIP
107376,63,Tehran,27-02-2025,New
107377,47,Tehran,20-11-2025,Regular
107378,47,Ahvaz,04-07-2024,Regular
107379,34,Karaj,28-05-2023,Regular
107380,36,Tehran,22-02-2023,Regular
107381,50,Qom,08-12-2025,New
107382,19,Isfahan,03-11-2023,Regular
107383,29,Karaj,01-12-2024,Regular
107384,46,Mashhad,24-12-2023,Regular
107385,47,tehran,23-08-2023,Regular
107386,22,Mashhad,01-01-2025,New
107387,55,Tehran,20-03-2025,VIP
107388,44,Shiraz,31-05-2024,Regular
107389,29,Karaj,09-07-2024,VIP
107390,54,Karaj,17-06-2024,New
107391,65,Mashhad,09-10-2024,Regular
107392,38,Shiraz,02-06-2025,New
107393,31,Karaj,17-02-2025,New
107394,32,Tehran,01-11-2023,VIP
107395,46,Tehran,28-09-2023,New
107396,20,Mashhad,06-01-2025,New
107397,41,Tehran,07-12-2024,Regular
107398,19,Mashhad,07-02-2024,Regular
107399,19,Tehran,07-07-2025,Regular
107400,38,Shiraz,03-04-2024,VIP
107401,53,Tabriz,03-01-2024,Regular
107402,60,Qom,31-08-2024,New
107403,22,Tabriz,31-07-2023,Regular
107404,29,Mashhad,31-01-2025,Regular
107405,38,Rasht,09-09-2025,New
107406,45,Karaj,31-10-2025,Regular
107407,65,Shiraz,04-05-2024,Regular
107408,50,Tehran,22-10-2023,New
107409,43,Tabriz,08-06-2024,New
107410,20,Shiraz,24-04-2023,VIP
107411,21,Karaj,01-01-2025,New
107412,25,Qom,14-04-2024,New
107413,49,Rasht,14-05-2023,VIP
107414,33,Rasht,21-08-2024,Regular
107415,29,Tabriz,25-02-2025,VIP
107416,50,Kerman,07-09-2023,Regular
107417,57,Rasht,19-03-2024,Regular
107418,39,Tehran,02-09-2025,Regular
107419,60,Tabriz,16-02-2025,New
107420,53,Tehran,24-05-2025,New
107421,52,Mashhad,07-05-2024,New
107422,59,Mashhad,24-06-2024,Regular
107423,26,Isfahan,28-06-2024,Regular
107424,54,Tehran,07-05-2024,Regular
107425,63,Tehran,07-06-2023,New
107426,65,Tehran,14-02-2023,Regular
107427,45,Tabriz,30-06-2025,New
107428,54,Ahvaz,10-08-2024,New
107429,60,Kerman,06-08-2024,Regular
107430,58,Isfahan,14-10-2024,Regular
107431,61,Tehran,27-03-2024,Regular
107432,57,Ahvaz,03-09-2025,Regular
107433,36,Tehran,29-05-2024,Regular
107434,53,Kerman,02-07-2024,Regular
107435,37,Karaj,04-08-2024,Regular
107436,56,Isfahan,22-06-2023,Regular
107437,56,Tehran,09-07-2023,New
107438,62,Tehran,17-07-2023,Regular
107439,46,Shiraz,06-10-2023,Regular
107440,40,Isfahan,25-06-2023,New
107441,25,Ahvaz,03-09-2023,Regular
107442,48,Tabriz,24-10-2025,Regular
107443,45,Isfahan,30-01-2024,New
107444,42,Tehran,18-05-2025,VIP
107445,50,Isfahan,06-03-2024,New
107446,58,Tehran,22-06-2025,Regular
107447,25,Tabriz,04-04-2025,Regular
107448,38,Tabriz,09-07-2025,New
107449,52,Qom,12-11-2023,New
107450,57,Isfahan,15-04-2023,Regular
107451,55,Tehran,04-12-2023,Regular
107452,56,Ahvaz,07-02-2025,Regular
107453,59,Karaj,17-12-2024,Regular
107454,64,Karaj,10-02-2025,New
107455,47,Shiraz,23-12-2025,Regular
107456,29,Ahvaz,04-09-2023,Regular
107457,45,Tehran,01-05-2024,Regular
107458,52,Mashhad,21-06-2024,Regular
107459,22,,13-06-2023,Regular
107460,54,Tehran,26-12-2024,Regular
107461,44,Qom,23-02-2023,Regular
107462,62,Mashhad,09-09-2025,New
107463,28,Tehran,07-04-2023,New
107464,61,Tehran,01-05-2023,Regular
107465,39,Ahvaz,10-07-2023,VIP
107466,45,Karaj,03-09-2025,Regular
107467,49,Mashhad,01-08-2025,New
107468,45,Tehran,07-10-2025,New
107469,61,Tehran,01-07-2025,Regular
107470,26,Tehran,08-10-2025,Regular
107471,53,Karaj,31-05-2024,New
107472,64,Tehran,06-01-2023,New
107473,28,Tehran,24-04-2024,Regular
107474,30,Tehran,30-08-2023,New
107475,40,Shiraz,26-09-2023,Regular
107476,52,Karaj,26-01-2025,Regular
107477,64,Tabriz,02-07-2023,New
107478,56,Shiraz,19-12-2023,Regular
107479,56,Kerman,05-03-2024,New
107480,39,Isfahan,08-03-2023,New
107481,48,Ahvaz,06-02-2025,VIP
107482,28,Tabriz,15-04-2025,Regular
107483,40,Tehran,03-09-2024,New
107484,27,Qom,01-02-2023,New
107485,19,Shiraz,11-05-2025,New
107486,59,Tabriz,03-05-2024,Regular
107487,56,Tehran,19-10-2023,Regular
107488,42,Isfahan,03-11-2025,Regular
107489,18,Ahvaz,30-07-2025,New
107490,22,Tehran,27-04-2024,VIP
107491,23,Tehran,30-04-2024,Regular
107492,52,Tehran,25-09-2025,New
107493,27,Isfahan,29-07-2023,Regular
107494,30,Qom,23-03-2024,Regular
107495,59,Tabriz,16-09-2024,Regular
107496,60,Rasht,15-01-2024,Regular
107497,54,Isfahan,12-12-2023,New
107498,32,Mashhad,28-04-2023,Regular
107499,45,Tehran,20-10-2023,Regular
107500,27,Tehran,28-01-2024,Regular
107501,59,Karaj,06-07-2025,Regular
107502,22,Tehran,05-01-2024,New
107503,53,Tehran,26-06-2023,Regular
107504,42,Ahvaz,15-07-2025,Regular
107505,54,Shiraz,21-01-2024,Regular
107506,39,Tehran,04-10-2025,VIP
107507,25,Karaj,30-04-2023,Regular
107508,54,Isfahan,25-01-2023,Regular
107509,48,Ahvaz,06-10-2025,Regular
107510,40,Karaj,18-04-2023,New
107511,35,Tehran,10-01-2023,VIP
107512,34,Tehran,05-12-2024,Regular
107513,41,Tehran,14-12-2023,VIP
107514,30,Karaj,14-06-2024,Regular
107515,31,Isfahan,23-03-2024,Regular
107516,31,Karaj,22-11-2023,New
107517,18,Shiraz,10-06-2024,Regular
107518,62,Mashhad,12-10-2023,Regular
107519,29,Tehran,04-09-2023,VIP
107520,25,Tehran,04-09-2023,Regular
107521,25,Mashhad,10-05-2023,Regular
107522,65,Shiraz,29-07-2024,Regular
107523,40,Rasht,23-08-2024,New
107524,33,Tehran,20-01-2023,Regular
107525,37,Tabriz,18-05-2024,VIP
107526,22,Tehran,20-03-2025,Regular
107527,33,Karaj,02-01-2023,Regular
107528,29,Tehran,25-11-2023,Regular
107529,56,Tabriz,18-11-2025,New
107530,20,Tehran,12-04-2024,VIP
107531,38,Tehran,19-01-2023,Regular
107532,55,Shiraz,31-07-2024,New
107533,58,Mashhad,25-03-2024,Regular
107534,42,Isfahan,20-08-2023,New
107535,28,Mashhad,22-03-2023,Regular
107536,34,Kerman,25-08-2025,New
107537,28,Mashhad,09-06-2025,New
107538,49,Shiraz,16-01-2025,Regular
107539,32,Ahvaz,20-01-2023,Regular
107540,48,Tabriz,10-08-2025,New
107541,49,Mashhad,02-06-2024,Regular
107542,63,Shiraz,04-06-2024,New
107543,35,Tehran,19-08-2025,Regular
107544,64,Shiraz,18-04-2024,Regular
107545,37,Isfahan,16-09-2023,New
107546,50,Karaj,17-09-2023,VIP
107547,49,Ahvaz,11-10-2025,Regular
107548,57,Tehran,19-08-2024,New
107549,40,Tehran,25-09-2024,Regular
107550,56,Mashhad,11-10-2024,Regular
107551,35,Shiraz,30-08-2023,New
107552,41,Mashhad,04-04-2024,New
107553,41,Tabriz,07-11-2025,Regular
107554,51,Isfahan,09-06-2023,Regular
107555,47,Rasht,07-11-2025,New
107556,21,Mashhad,27-10-2023,Regular
107557,56,Tehran,20-11-2023,New
107558,54,Mashhad,16-01-2023,New
107559,23,Tabriz,27-12-2024,Regular
107560,64,Tehran,16-12-2023,New
107561,49,Tehran,18-05-2024,New
107562,22,Mashhad,27-09-2024,New
107563,41,Karaj,25-11-2024,Regular
107564,58,Rasht,12-11-2025,Regular
107565,31,Mashhad,31-08-2024,Regular
107566,62,Tehran,14-07-2023,Regular
107567,38,Isfahan,09-02-2025,Regular
107568,28,Mashhad,02-03-2023,New
107569,35,Kerman,12-07-2025,New
107570,43,Isfahan,21-11-2023,New
107571,51,Tabriz,01-03-2025,Regular
107572,62,Rasht,21-06-2023,New
107573,27,Tabriz,21-03-2024,New
107574,64,Tehran,31-01-2025,Regular
107575,43,Tabriz,11-11-2024,Regular
107576,24,Mashhad,07-01-2023,Regular
107577,62,Isfahan,07-02-2023,Regular
107578,34,Kerman,10-12-2025,New
107579,47,Tehran,02-08-2024,Regular
107580,51,Isfahan,25-07-2025,Regular
107581,18,Tehran,21-03-2023,VIP
107582,28,Tehran,21-06-2024,Regular
107583,50,Tabriz,23-09-2024,Regular
107584,33,Karaj,05-10-2025,New
107585,18,Tabriz,17-02-2025,VIP
107586,19,Mashhad,18-11-2024,Regular
107587,57,Tehran,18-11-2023,New
107588,25,Isfahan,24-12-2025,Regular
107589,22,Isfahan,25-12-2023,Regular
107590,44,Karaj,01-11-2023,New
107591,23,Tabriz,03-03-2025,Regular
107592,49,Ahvaz,27-12-2025,Regular
107593,44,Qom,27-07-2025,New
107594,49,Mashhad,17-07-2023,VIP
107595,41,Tabriz,11-06-2025,VIP
107596,55,Karaj,22-01-2024,New
107597,48,Kerman,01-09-2023,Regular
107598,37,tehran,21-10-2025,Regular
107599,18,Tabriz,06-11-2025,Regular
107600,31,Mashhad,10-02-2024,VIP
107601,24,Karaj,29-01-2023,New
107602,18,Rasht,18-08-2023,Regular
107603,31,Rasht,15-08-2024,Regular
107604,27,Tehran,07-03-2023,New
107605,21,Tehran,06-09-2023,Regular
107606,32,Karaj,13-06-2023,New
107607,42,Tabriz,08-11-2025,New
107608,26,Rasht,24-01-2024,New
107609,31,Mashhad,21-02-2024,New
107610,18,Ahvaz,06-04-2024,New
107611,20,Karaj,15-01-2023,Regular
107612,25,Tehran,16-08-2024,New
107613,39,Tehran,26-09-2025,New
107614,49,Karaj,09-06-2025,New
107615,55,Tehran,02-10-2023,Regular
107616,,Qom,15-01-2023,New
107617,47,Shiraz,26-04-2025,Regular
107618,62,Isfahan,10-07-2025,New
107619,30,Tehran,06-10-2025,New
107620,56,Kerman,24-09-2024,Regular
107621,62,Karaj,02-06-2024,Regular
107622,45,Karaj,08-04-2025,Regular
107623,58,Karaj,25-01-2025,Regular
107624,24,Shiraz,08-04-2025,New
107625,60,Rasht,08-11-2023,New
107626,45,Shiraz,16-09-2025,Regular
107627,28,tehran,10-02-2023,New
107628,20,Tehran,13-04-2023,Regular
107629,52,Mashhad,17-12-2024,Regular
107630,38,Karaj,17-09-2024,New
107631,32,Mashhad,29-08-2024,New
107632,36,Karaj,22-09-2025,Regular
107633,65,Kerman,11-08-2025,Regular
107634,,Isfahan,26-02-2025,VIP
107635,21,Tehran,30-06-2023,New
107636,31,Tabriz,16-04-2023,VIP
107637,24,Tehran,03-06-2023,New
107638,50,Qom,03-11-2024,New
107639,56,Shiraz,19-02-2025,Regular
107640,58,Isfahan,25-05-2025,VIP
107641,48,Shiraz,23-04-2023,Regular
107642,54,Shiraz,28-10-2023,Regular
107643,38,Mashhad,06-01-2024,Regular
107644,48,Mashhad,23-11-2024,Regular
107645,23,Isfahan,20-02-2023,Regular
107646,43,Rasht,09-07-2025,Regular
107647,44,Tehran,30-03-2023,Regular
107648,19,Mashhad,27-07-2024,Regular
107649,44,Tehran,18-10-2025,VIP
107650,52,Isfahan,01-08-2023,Regular
107651,35,Tehran,22-01-2025,New
107652,44,Karaj,24-08-2024,Regular
107653,31,Tehran,16-06-2025,Regular
107654,30,Tabriz,05-10-2024,Regular
107655,24,Tehran,17-07-2025,Regular
107656,33,Isfahan,17-03-2024,New
107657,56,Tehran,29-06-2023,Regular
107658,62,Karaj,14-01-2025,New
107659,48,Rasht,25-11-2025,Regular
107660,47,Tehran,19-04-2024,Regular
107661,47,Kerman,16-06-2025,Regular
107662,40,Mashhad,18-08-2025,New
107663,38,Shiraz,07-12-2024,VIP
107664,47,Karaj,16-05-2025,Regular
107665,55,tehran,08-09-2024,Regular
107666,37,Isfahan,31-05-2025,VIP
107667,45,Tehran,04-01-2024,Regular
107668,40,Karaj,30-07-2024,VIP
107669,31,Isfahan,27-03-2023,Regular
107670,31,Rasht,04-08-2023,New
107671,21,Tehran,26-09-2024,Regular
107672,39,Rasht,04-03-2025,Regular
107673,52,Tehran,02-02-2023,Regular
107674,50,Tabriz,17-03-2023,Regular
107675,65,Mashhad,07-01-2023,New
107676,19,Tehran,20-07-2024,Regular
107677,54,Tehran,03-01-2024,Regular
107678,56,Tabriz,28-02-2023,VIP
107679,38,Tehran,19-05-2025,New
107680,31,Shiraz,01-08-2024,New
107681,35,Kerman,11-01-2023,New
107682,50,Mashhad,21-01-2025,New
107683,59,Tehran,25-09-2025,Regular
107684,,Tehran,04-04-2024,Regular
107685,42,Tehran,05-11-2025,New
107686,49,Isfahan,01-04-2024,Regular
107687,21,Karaj,26-03-2023,Regular
107688,47,Mashhad,15-05-2023,Regular
107689,20,Tehran,15-03-2023,VIP
107690,64,Tabriz,27-11-2023,Regular
107691,60,Mashhad,26-02-2024,New
107692,42,Shiraz,01-05-2024,Regular
107693,35,Rasht,10-06-2024,New
107694,53,Mashhad,03-08-2025,VIP
107695,48,Shiraz,13-01-2023,Regular
107696,51,Qom,10-09-2025,VIP
107697,42,Karaj,19-09-2023,New
107698,29,Karaj,10-11-2025,Regular
107699,21,Karaj,28-05-2023,Regular
107700,31,Shiraz,20-04-2023,Regular
107701,43,Shiraz,14-05-2023,Regular
107702,38,Karaj,21-11-2023,New
107703,42,Karaj,27-10-2025,Regular
107704,31,Tabriz,21-05-2024,Regular
107705,63,Mashhad,30-06-2023,New
107706,35,Qom,03-12-2024,Regular
107707,58,Tehran,10-07-2024,Regular
107708,36,Tehran,08-02-2025,Regular
107709,39,Mashhad,22-03-2025,New
107710,46,Tehran,10-05-2025,Regular
107711,30,Tabriz,15-06-2023,VIP
107712,28,Tehran,26-06-2024,Regular
107713,36,Tabriz,21-11-2024,Regular
107714,56,Shiraz,01-09-2024,Regular
107715,24,Tehran,30-11-2025,New
107716,39,Tehran,17-11-2025,Regular
107717,50,Shiraz,08-06-2025,VIP
107718,51,Karaj,20-09-2023,Regular
107719,38,Mashhad,02-08-2024,New
107720,21,Tehran,30-05-2025,Regular
107721,18,Mashhad,21-10-2023,Regular
107722,40,Tehran,18-02-2025,Regular
107723,56,tehran,30-09-2023,New
107724,19,Kerman,03-06-2023,New
107725,60,Tehran,20-09-2023,Regular
107726,50,Tehran,11-10-2025,Regular
107727,18,Ahvaz,25-12-2025,VIP
107728,34,Tabriz,25-07-2025,Regular
107729,28,Isfahan,25-10-2023,Regular
107730,63,Tabriz,03-05-2025,New
107731,44,Rasht,27-08-2023,Regular
107732,33,Tehran,19-05-2023,Regular
107733,31,Tehran,11-10-2023,Regular
107734,45,Ahvaz,02-06-2023,New
107735,18,Qom,02-12-2024,VIP
107736,30,Kerman,18-01-2025,Regular
107737,25,Mashhad,09-02-2023,Regular
107738,47,Rasht,28-04-2023,Regular
107739,50,Mashhad,08-06-2024,VIP
107740,40,Karaj,05-05-2023,Regular
107741,24,Ahvaz,25-06-2025,Regular
107742,35,Tehran,14-03-2024,Regular
107743,58,Tehran,28-03-2024,New
107744,27,Shiraz,06-01-2023,Regular
107745,25,Ahvaz,07-02-2025,Regular
107746,23,Tehran,01-03-2025,Regular
107747,57,Ahvaz,08-04-2025,New
107748,23,Mashad,14-08-2024,New
107749,45,Mashhad,23-10-2023,New
107750,65,Mashhad,27-03-2023,VIP
107751,48,Rasht,12-12-2023,Regular
107752,37,Tehran,18-08-2024,Regular
107753,27,Shiraz,08-05-2023,New
107754,18,Tehran,01-03-2023,New
107755,25,Rasht,26-08-2023,Regular
107756,63,Qom,19-03-2023,New
107757,24,Tehran,16-01-2023,New
107758,18,Mashhad,15-06-2024,VIP
107759,57,Mashhad,26-03-2025,Regular
107760,38,Mashhad,01-07-2024,Regular
107761,35,Qom,10-04-2023,New
107762,52,Shiraz,07-01-2024,New
107763,43,Isfahan,08-02-2023,Regular
107764,61,,11-11-2024,Regular
107765,40,Isfahan,13-09-2023,Regular
107766,52,Tehran,29-02-2024,Regular
107767,60,Tehran,14-09-2025,New
107768,40,Mashhad,04-10-2024,Regular
107769,31,Tabriz,17-04-2025,New
107770,64,Tehran,19-01-2024,New
107771,28,Shiraz,16-10-2025,Regular
107772,19,Tehran,21-02-2025,New
107773,45,Karaj,18-07-2024,New
107774,65,Tehran,26-09-2024,New
107775,22,Isfahan,13-11-2024,New
107776,58,Tehran,25-06-2023,Regular
107777,57,Mashhad,03-10-2023,VIP
107778,62,Tehran,21-01-2025,New
107779,38,Isfahan,27-04-2024,New
107780,30,Karaj,08-05-2025,Regular
107781,42,Tehran,29-07-2024,New
107782,24,Karaj,14-03-2023,Regular
107783,58,Shiraz,28-12-2024,New
107784,49,Isfahan,29-10-2024,Regular
107785,41,Shiraz,04-02-2024,New
107786,42,Mashhad,15-05-2025,Regular
107787,52,Karaj,20-01-2024,Regular
107788,43,Karaj,06-05-2023,New
107789,58,Karaj,13-05-2023,Regular
107790,62,Tehran,14-09-2025,Regular
107791,63,Tabriz,16-02-2024,VIP
107792,47,Tehran,30-03-2024,Regular
107793,53,Isfahan,01-12-2023,New
107794,32,Tehran,18-03-2025,Regular
107795,19,Tehran,25-10-2024,New
107796,37,Tabriz,11-09-2025,Regular
107797,59,Ahvaz,06-09-2025,Regular
107798,24,Tehran,19-12-2025,New
107799,44,Shiraz,27-12-2023,Regular
107800,27,Tabriz,01-10-2024,Regular
107801,38,Rasht,15-01-2024,New
107802,24,Tabriz,10-02-2025,Regular
107803,53,Tehran,30-03-2025,Regular
107804,56,Tehran,03-10-2023,Regular
107805,54,Tabriz,30-07-2025,Regular
107806,51,Tehran,14-11-2023,Regular
107807,29,Rasht,12-12-2025,Regular
107808,43,Rasht,20-07-2025,Regular
107809,23,Rasht,20-01-2023,Regular
107810,35,Mashhad,12-03-2024,Regular
107811,42,Karaj,01-03-2024,Regular
107812,50,Tabriz,19-06-2025,New
107813,22,Tehran,04-03-2025,Regular
107814,57,Tehran,25-02-2023,Regular
107815,40,Tehran,09-07-2025,New
107816,60,Mashhad,27-08-2023,New
107817,43,Kerman,09-02-2024,Regular
107818,44,Ahvaz,06-07-2023,New
107819,51,Mashhad,22-06-2023,Regular
107820,57,tehran,31-07-2024,Regular
107821,25,Tehran,03-04-2023,Regular
107822,42,Tehran,30-03-2023,VIP
107823,19,Tehran,10-05-2025,Regular
107824,40,Tabriz,12-01-2024,VIP
107825,57,Tabriz,10-12-2024,VIP
107826,59,Ahvaz,15-12-2025,New
107827,31,Ahvaz,25-02-2023,New
107828,36,Tehran,19-05-2025,New
107829,44,Karaj,01-05-2023,New
107830,37,Tehran,12-04-2025,Regular
107831,26,Mashhad,02-12-2023,Regular
107832,32,Shiraz,28-05-2023,Regular
107833,37,Tehran,08-09-2023,Regular
107834,42,Tehran,04-02-2024,Regular
107835,62,Tehran,10-03-2025,Regular
107836,44,Tehran,15-01-2025,New
107837,36,Rasht,08-03-2025,VIP
107838,49,,24-01-2023,Regular
107839,55,Isfahan,03-12-2025,Regular
107840,38,Kerman,20-04-2024,New
107841,41,Shiraz,02-05-2023,Regular
107842,28,Isfahan,13-10-2025,Regular
107843,59,Rasht,18-05-2025,Regular
107844,59,Tehran,01-04-2023,VIP
107845,26,Tehran,23-04-2024,Regular
107846,34,Shiraz,19-09-2025,VIP
107847,31,Isfahan,17-01-2025,Regular
107848,62,Qom,02-08-2023,Regular
107849,21,Tehran,05-02-2025,VIP
107850,27,Tabriz,27-07-2023,Regular
107851,33,Karaj,21-01-2024,New
107852,44,Kerman,03-08-2023,Regular
107853,29,Tehran,29-01-2025,Regular
107854,43,Tehran,16-10-2025,New
107855,53,Rasht,18-02-2023,Regular
107856,57,Tabriz,23-10-2024,Regular
107857,22,Tehran,30-09-2023,Regular
107858,24,Tehran,02-04-2025,Regular
107859,22,Qom,02-06-2023,New
107860,61,Shiraz,06-02-2024,New
107861,49,Shiraz,14-08-2023,Regular
107862,43,Ahvaz,14-08-2025,New
107863,55,Tehran,01-04-2023,Regular
107864,46,Tehran,29-09-2024,Regular
107865,29,Tabriz,12-05-2023,New
107866,42,Ahvaz,18-10-2024,New
107867,51,Tehran,20-04-2025,Regular
107868,19,Karaj,03-04-2025,Regular
107869,47,tehran,06-02-2023,VIP
107870,41,Tehran,27-04-2025,Regular
107871,21,Rasht,22-11-2023,New
107872,30,Tehran,16-01-2025,Regular
107873,39,Tehran,21-11-2025,Regular
107874,34,Karaj,11-05-2023,Regular
107875,31,Mashhad,02-02-2024,Regular
107876,49,Mashhad,07-08-2025,Regular
107877,37,Qom,04-06-2023,New
107878,41,Tehran,13-10-2023,Regular
107879,56,Tabriz,24-08-2024,Regular
107880,22,Mashhad,26-12-2025,New
107881,35,Tehran,19-11-2023,VIP
107882,,Karaj,27-02-2024,Regular
107883,62,Mashhad,21-05-2025,New
107884,26,Ahvaz,12-05-2023,New
107885,57,Rasht,25-12-2023,Regular
107886,27,Ahvaz,13-12-2023,Regular
107887,33,Mashhad,15-03-2024,Regular
107888,47,Tehran,20-09-2024,New
107889,57,Rasht,31-08-2023,New
107890,26,Isfahan,04-03-2024,Regular
107891,28,Karaj,30-09-2025,Regular
107892,60,Qom,26-06-2025,Regular
107893,33,Tehran,13-11-2025,Regular
107894,28,Tehran,17-01-2025,Regular
107895,53,Tabriz,29-09-2024,Regular
107896,22,,22-08-2023,Regular
107897,59,Tehran,23-06-2023,Regular
107898,60,Shiraz,13-08-2024,New
107899,59,Qom,19-03-2024,Regular
107900,32,Mashhad,12-05-2025,New
107901,23,Tehran,11-01-2023,Regular
107902,38,Karaj,02-09-2025,Regular
107903,34,Qom,06-07-2023,Regular
107904,64,Kerman,08-03-2024,Regular
107905,48,Tehran,26-01-2024,Regular
107906,63,Ahvaz,09-10-2025,New
107907,54,Karaj,27-02-2025,Regular
107908,52,Karaj,09-02-2023,Regular
107909,23,tehran,23-07-2025,Regular
107910,21,tehran,10-01-2025,New
107911,20,Isfahan,16-03-2023,Regular
107912,46,Mashhad,06-05-2025,Regular
107913,27,Mashhad,07-02-2023,Regular
107914,65,Rasht,10-04-2024,Regular
107915,24,Tehran,27-06-2023,Regular
107916,63,Rasht,13-01-2023,Regular
107917,50,Isfahan,04-09-2024,Regular
107918,23,Ahvaz,22-01-2025,New
107919,20,Mashhad,09-06-2024,Regular
107920,37,Tabriz,11-01-2024,New
107921,34,Shiraz,16-07-2024,New
107922,33,Rasht,16-06-2023,Regular
107923,43,Tehran,24-02-2023,Regular
107924,24,Tehran,22-06-2023,Regular
107925,,Rasht,01-03-2023,Regular
107926,51,Tehran,22-04-2025,New
107927,65,Tabriz,28-10-2024,New
107928,31,Tehran,25-07-2023,New
107929,62,Tehran,16-09-2024,Regular
107930,34,,14-06-2024,Regular
107931,34,Shiraz,02-05-2023,Regular
107932,22,Shiraz,28-11-2025,New
107933,38,Isfahan,23-10-2025,New
107934,41,Karaj,10-04-2025,New
107935,49,Kerman,04-06-2025,Regular
107936,25,Tehran,22-08-2024,New
107937,27,tehran,30-05-2025,New
107938,38,,01-08-2024,Regular
107939,21,Karaj,01-07-2023,New
107940,24,Mashhad,03-07-2023,Regular
107941,48,Tabriz,24-07-2025,Regular
107942,63,Isfahan,03-05-2024,New
107943,45,Tabriz,09-03-2025,New
107944,24,Qom,08-06-2023,New
107945,65,Shiraz,05-05-2024,New
107946,43,Isfahan,02-04-2023,VIP
107947,52,Tehran,30-08-2023,Regular
107948,27,Shiraz,30-04-2023,Regular
107949,45,Tehran,16-08-2023,Regular
107950,21,Ahvaz,26-10-2024,New
107951,48,Mashad,06-01-2023,Regular
107952,27,Tehran,31-07-2023,New
107953,61,Tehran,26-01-2025,Regular
107954,20,Shiraz,13-06-2023,Regular
107955,49,Rasht,31-08-2024,New
107956,24,Mashhad,07-08-2025,Regular
107957,50,Tehran,04-05-2025,New
107958,41,Mashhad,14-05-2023,New
107959,64,Kerman,11-06-2023,New
107960,49,Ahvaz,11-02-2025,New
107961,35,Tehran,15-01-2024,New
107962,22,Tabriz,01-04-2024,VIP
107963,46,Qom,06-06-2024,New
107964,39,Karaj,26-09-2024,Regular
107965,20,Isfahan,06-05-2024,New
107966,45,Karaj,26-01-2023,New
107967,28,Shiraz,14-04-2023,New
107968,29,Tehran,01-01-2023,New
107969,18,Tehran,18-10-2023,New
107970,35,,13-06-2025,New
107971,28,Tehran,30-11-2025,New
107972,21,Mashhad,04-06-2024,Regular
107973,38,Qom,30-01-2023,VIP
107974,28,Ahvaz,20-03-2023,New
107975,24,Tehran,11-06-2025,Regular
107976,40,Tehran,12-01-2024,Regular
107977,21,Tabriz,23-08-2025,Regular
107978,65,Isfahan,08-07-2024,Regular
107979,40,Tehran,20-08-2025,Regular
107980,65,Qom,29-05-2023,VIP
107981,60,Tehran,28-07-2025,New
107982,65,Tehran,21-08-2024,Regular
107983,44,Karaj,24-04-2024,Regular
107984,38,Tabriz,01-08-2024,VIP
107985,52,Mashhad,25-12-2023,Regular
107986,21,Karaj,22-10-2024,VIP
107987,58,Rasht,23-04-2025,Regular
107988,33,Tehran,06-06-2025,Regular
107989,18,Tabriz,07-12-2025,Regular
107990,29,Tehran,27-03-2024,Regular
107991,29,Isfahan,21-04-2025,Regular
107992,18,Isfahan,30-08-2025,Regular
107993,50,Mashhad,20-01-2023,New
107994,22,Tehran,03-06-2024,VIP
107995,58,Qom,06-02-2025,Regular
107996,39,Mashhad,15-05-2024,Regular
107997,52,Ahvaz,20-04-2023,New
107998,34,Mashhad,18-12-2024,New
107999,24,Ahvaz,20-03-2024,New
108000,26,Shiraz,07-11-2024,New
108001,49,Mashhad,02-01-2023,Regular
108002,52,Karaj,13-01-2023,Regular
108003,30,Qom,22-10-2024,Regular
108004,35,Isfahan,11-12-2025,Regular
108005,63,Isfahan,01-12-2024,VIP
108006,58,Shiraz,29-10-2025,Regular
108007,37,Shiraz,16-07-2025,Regular
108008,29,Isfahan,05-11-2023,Regular
108009,32,Karaj,23-04-2023,Regular
108010,43,Mashhad,03-09-2024,Regular
108011,45,Isfahan,10-11-2024,New
108012,26,Tabriz,23-04-2025,Regular
108013,21,Kerman,24-07-2024,Regular
108014,41,Tehran,04-10-2025,New
108015,56,Tehran,13-07-2025,VIP
108016,25,Tehran,03-10-2024,Regular
108017,37,Karaj,26-08-2024,Regular
108018,25,Isfahan,21-01-2023,New
108019,29,Mashhad,05-05-2025,New
108020,47,Tehran,15-01-2025,Regular
108021,31,Rasht,08-09-2025,Regular
108022,30,Isfahan,12-04-2023,Regular
108023,65,Tabriz,09-06-2023,New
108024,26,Tehran,04-01-2025,New
108025,27,Tehran,19-06-2024,New
108026,62,Tehran,05-10-2024,Regular
108027,44,Mashhad,20-04-2024,Regular
108028,20,Isfahan,02-12-2024,New
108029,38,Tehran,22-12-2024,Regular
108030,45,Mashhad,27-07-2023,Regular
108031,30,Tehran,12-04-2025,Regular
108032,44,Mashhad,24-06-2024,New
108033,49,Tehran,22-09-2024,Regular
108034,30,Tehran,07-11-2024,VIP
108035,56,Tehran,26-03-2025,New
108036,39,Karaj,25-11-2023,New
108037,64,Rasht,08-01-2023,Regular
108038,22,Tabriz,18-07-2023,New
108039,33,Tehran,23-11-2025,Regular
108040,52,Kerman,01-09-2023,Regular
108041,60,Kerman,01-10-2023,New
108042,28,Isfahan,28-07-2025,Regular
108043,65,Tehran,16-09-2023,Regular
108044,27,Karaj,23-05-2024,Regular
108045,37,Kerman,10-02-2024,New
108046,33,Karaj,24-12-2024,Regular
108047,38,Tabriz,13-10-2024,Regular
108048,61,Tabriz,17-07-2024,New
108049,53,Kerman,03-07-2024,Regular
108050,56,Tehran,02-07-2025,VIP
108051,30,Tehran,28-09-2024,Regular
108052,63,Ahvaz,10-07-2024,New
108053,38,Tehran,29-08-2025,New
108054,49,Mashhad,13-04-2023,Regular
108055,51,Mashhad,01-07-2025,Regular
108056,49,Tehran,05-08-2023,New
108057,46,Tehran,30-12-2023,New
108058,41,Shiraz,15-01-2023,Regular
108059,49,Mashhad,17-09-2024,Regular
108060,61,Shiraz,29-06-2025,New
108061,36,Mashhad,23-02-2024,Regular
108062,42,Rasht,27-12-2024,Regular
108063,26,Shiraz,06-03-2024,New
108064,35,Kerman,11-04-2025,New
108065,55,Mashhad,29-12-2025,VIP
108066,48,Tehran,21-02-2025,Regular
108067,28,Qom,08-01-2024,New
108068,44,Qom,21-06-2025,Regular
108069,56,Tehran,11-02-2023,Regular
108070,23,Tabriz,16-12-2025,VIP
108071,20,Tabriz,08-07-2025,VIP
108072,36,Tehran,16-12-2024,Regular
108073,49,Shiraz,10-11-2024,Regular
108074,33,Tehran,04-10-2023,New
108075,57,Tehran,17-04-2024,Regular
108076,58,Ahvaz,22-04-2023,Regular
108077,43,Isfahan,06-01-2024,Regular
108078,36,Qom,07-10-2024,New
108079,20,Karaj,01-02-2024,Regular
108080,57,Kerman,23-04-2025,VIP
108081,60,Isfahan,23-07-2025,New
108082,39,Isfahan,06-09-2024,Regular
108083,42,Mashhad,09-01-2024,Regular
108084,54,Tabriz,29-11-2023,Regular
108085,51,Isfahan,21-08-2024,VIP
108086,24,Karaj,27-02-2025,Regular
108087,50,Mashhad,19-05-2023,New
108088,62,Tehran,05-05-2024,Regular
108089,54,Ahvaz,27-04-2024,Regular
108090,41,Qom,10-11-2023,New
108091,43,Mashhad,18-09-2023,Regular
108092,30,Karaj,09-07-2025,Regular
108093,49,Isfahan,18-04-2024,Regular
108094,29,Karaj,23-09-2024,Regular
108095,34,Mashhad,11-02-2023,Regular
108096,30,Shiraz,07-11-2023,Regular
108097,34,Tehran,02-09-2023,Regular
108098,35,Tehran,26-12-2023,New
108099,21,Qom,10-07-2025,Regular
108100,52,Mashhad,17-09-2024,VIP
108101,39,Tehran,14-09-2025,Regular
108102,63,Tehran,08-04-2024,Regular
108103,26,Isfahan,23-04-2025,VIP
108104,50,Karaj,25-06-2023,New
108105,26,Mashhad,11-06-2025,New
108106,44,Karaj,30-10-2024,New
108107,41,Ahvaz,12-02-2023,Regular
108108,39,Mashhad,24-01-2025,New
108109,49,Qom,08-06-2024,Regular
108110,57,Tehran,01-01-2023,Regular
108111,33,Isfahan,16-07-2025,New
108112,58,Tehran,10-08-2024,Regular
108113,26,Tehran,26-10-2024,New
108114,32,Tehran,23-09-2024,Regular
108115,32,Tehran,10-04-2023,New
108116,63,Ahvaz,30-12-2023,New
108117,23,Shiraz,07-02-2025,New
108118,36,Rasht,06-01-2024,Regular
108119,38,Shiraz,30-08-2025,New
108120,56,Tabriz,14-12-2023,Regular
108121,41,Tehran,18-05-2024,Regular
108122,64,Shiraz,02-05-2024,Regular
108123,53,Mashhad,21-01-2023,New
108124,51,Rasht,08-06-2025,Regular
108125,54,Rasht,29-05-2023,New
108126,25,Tehran,28-05-2024,Regular
108127,39,Tabriz,21-09-2025,Regular
108128,46,Tabriz,24-12-2025,Regular
108129,28,Shiraz,10-09-2023,New
108130,23,Tehran,16-02-2024,Regular
108131,24,Tabriz,11-09-2024,Regular
108132,55,Qom,04-02-2025,New
108133,49,Mashhad,01-10-2023,Regular
108134,31,Shiraz,24-08-2024,New
108135,53,Tehran,02-07-2025,Regular
108136,51,Rasht,14-04-2025,Regular
108137,57,Tehran,19-06-2025,New
108138,61,Tehran,30-08-2025,New
108139,60,Mashhad,01-08-2025,Regular
108140,26,Qom,14-07-2024,Regular
108141,54,Karaj,02-12-2025,New
108142,36,Tehran,25-06-2024,New
108143,37,Tehran,15-02-2025,Regular
108144,49,Karaj,29-10-2025,New
108145,46,Mashhad,17-02-2023,New
108146,38,Tehran,19-10-2025,Regular
108147,65,Kerman,18-06-2025,Regular
108148,26,Tehran,27-12-2025,Regular
108149,22,Shiraz,26-04-2025,New
108150,19,Tehran,21-06-2023,Regular
108151,57,Karaj,27-11-2023,Regular
108152,37,Karaj,04-01-2023,Regular
108153,38,Mashhad,27-10-2024,VIP
108154,49,Tabriz,23-04-2024,New
108155,38,Rasht,03-06-2024,Regular
108156,45,Qom,14-03-2025,Regular
108157,20,Isfahan,17-06-2025,New
108158,25,Isfahan,21-03-2023,VIP
108159,62,Ahvaz,01-10-2025,Regular
108160,39,Tehran,14-02-2024,New
108161,26,Tehran,03-04-2025,New
108162,35,Tehran,28-09-2024,New
108163,34,Qom,30-04-2024,VIP
108164,31,Tehran,21-08-2023,VIP
108165,32,Mashhad,27-07-2023,Regular
108166,53,Tabriz,11-03-2025,New
108167,23,Tehran,18-12-2023,Regular
108168,32,Mashhad,09-09-2023,Regular
108169,40,Isfahan,07-01-2023,New
108170,43,Tehran,09-07-2025,New
108171,60,Kerman,09-03-2024,Regular
108172,62,Tehran,17-01-2024,Regular
108173,32,Ahvaz,12-02-2024,Regular
108174,43,Isfahan,17-10-2024,Regular
108175,19,Tehran,11-06-2024,New
108176,47,Tehran,18-08-2024,New
108177,25,Isfahan,01-11-2023,Regular
108178,21,Mashhad,21-11-2023,Regular
108179,50,Tehran,02-08-2025,New
108180,26,Kerman,25-04-2024,Regular
108181,40,Isfahan,01-12-2025,Regular
108182,22,Rasht,15-07-2025,New
108183,53,Tehran,18-02-2025,New
108184,54,Tehran,23-08-2024,VIP
108185,45,Shiraz,06-07-2025,Regular
108186,58,Tehran,02-03-2023,New
108187,38,Tehran,30-06-2024,Regular
108188,26,Tehran,19-02-2025,New
108189,25,Tehran,29-04-2023,Regular
108190,28,Karaj,19-07-2023,Regular
108191,27,Mashhad,13-03-2023,Regular
108192,33,Kerman,16-06-2024,Regular
108193,28,Tehran,15-08-2024,Regular
108194,46,Mashhad,28-05-2024,New
108195,25,Mashhad,02-03-2023,Regular
108196,47,Isfahan,16-06-2024,New
108197,34,Ahvaz,30-08-2025,New
108198,50,Ahvaz,03-02-2023,VIP
108199,42,tehran,29-04-2025,VIP
108200,61,Mashhad,26-10-2023,Regular
108201,39,Qom,23-03-2023,Regular
108202,32,Tehran,25-02-2023,New
108203,46,Shiraz,14-01-2023,Regular
108204,49,Tehran,30-03-2024,New
108205,39,Isfahan,29-06-2024,New
108206,44,Isfahan,11-11-2024,Regular
108207,40,Mashhad,30-03-2023,Regular
108208,32,Rasht,17-12-2024,VIP
108209,33,Shiraz,21-03-2025,VIP
108210,61,Rasht,12-03-2023,Regular
108211,50,Karaj,09-01-2025,New
108212,22,Mashhad,11-05-2023,New
108213,64,Isfahan,26-04-2024,Regular
108214,52,Mashhad,25-12-2024,New
108215,20,Qom,11-08-2025,Regular
108216,52,Tehran,04-08-2024,Regular
108217,46,Rasht,21-04-2024,Regular
108218,61,Shiraz,01-07-2025,Regular
108219,41,Tabriz,25-08-2023,Regular
108220,42,Shiraz,13-08-2023,Regular
108221,33,Shiraz,25-05-2024,Regular
108222,33,Tabriz,12-05-2023,New
108223,47,Tabriz,25-01-2023,Regular
108224,57,Tehran,01-02-2024,Regular
108225,60,Shiraz,17-06-2023,New
108226,,Mashhad,28-11-2024,Regular
108227,47,Tabriz,23-08-2024,VIP
108228,42,Shiraz,16-06-2024,New
108229,34,Tehran,27-06-2024,Regular
108230,54,Karaj,18-04-2023,New
108231,33,Isfahan,16-03-2024,Regular
108232,30,Shiraz,20-03-2023,VIP
108233,59,Tabriz,24-01-2024,New
108234,46,Tabriz,12-01-2025,Regular
108235,35,Karaj,16-12-2025,Regular
108236,59,Tehran,22-11-2023,New
108237,64,Tehran,17-10-2023,Regular
108238,33,Tabriz,03-01-2025,VIP
108239,43,Tehran,02-10-2025,VIP
108240,41,Tehran,19-11-2023,Regular
108241,51,Tehran,06-07-2025,New
108242,63,Mashhad,11-12-2023,New
108243,44,Kerman,01-12-2024,New
108244,56,Tehran,18-08-2023,Regular
108245,46,Mashhad,14-10-2023,Regular
108246,60,Rasht,13-12-2025,Regular
108247,37,Kerman,02-03-2024,Regular
108248,36,Tehran,18-01-2023,New
108249,38,Ahvaz,25-04-2025,VIP
108250,65,Tehran,20-05-2023,New
108251,47,Karaj,02-05-2023,New
108252,25,Tehran,04-07-2025,Regular
108253,19,Mashhad,17-01-2024,New
108254,42,Tehran,01-06-2023,New
108255,,Karaj,04-12-2025,VIP
108256,41,Tehran,04-11-2023,VIP
108257,44,Isfahan,24-11-2024,Regular
108258,56,Karaj,15-10-2023,New
108259,42,Tehran,28-09-2024,New
108260,61,Rasht,02-02-2025,New
108261,48,Mashhad,09-04-2025,New
108262,53,Tehran,26-03-2024,VIP
108263,55,Tehran,05-11-2024,New
108264,48,Mashhad,09-07-2025,Regular
108265,20,Tehran,09-07-2025,New
108266,38,Shiraz,29-03-2025,Regular
108267,24,Tabriz,13-03-2024,New
108268,42,Isfahan,04-08-2024,New
108269,24,Isfahan,25-11-2025,New
108270,42,Qom,30-09-2023,VIP
108271,34,Mashhad,28-01-2025,Regular
108272,18,Tabriz,17-05-2025,Regular
108273,23,Rasht,10-06-2024,New
108274,42,Tehran,06-08-2025,Regular
108275,21,Tabriz,13-04-2024,Regular
108276,59,Rasht,04-07-2025,Regular
108277,54,Shiraz,06-12-2024,Regular
108278,52,Kerman,26-02-2023,Regular
108279,26,Mashhad,20-06-2025,VIP
108280,56,Shiraz,03-02-2025,VIP
108281,48,Mashhad,01-09-2023,Regular
108282,36,Tehran,09-02-2025,New
108283,18,Kerman,14-07-2024,New
108284,43,Tehran,29-10-2025,New
108285,56,Kerman,30-11-2023,New
108286,19,Tabriz,16-10-2023,Regular
108287,20,Rasht,05-03-2023,Regular
108288,36,Kerman,11-05-2025,Regular
108289,42,Shiraz,14-12-2025,Regular
108290,40,Kerman,24-01-2025,VIP
108291,38,Karaj,09-02-2024,New
108292,30,Shiraz,20-08-2025,New
108293,20,Tabriz,05-10-2023,Regular
108294,19,Tehran,29-01-2025,Regular
108295,22,Tehran,15-10-2024,Regular
108296,51,Tehran,22-07-2025,Regular
108297,55,Isfahan,30-11-2025,New
108298,38,Tehran,29-01-2024,Regular
108299,21,Shiraz,15-04-2023,VIP
108300,37,Tabriz,22-06-2023,Regular
108301,65,Tabriz,20-03-2025,Regular
108302,29,Rasht,02-02-2024,New
108303,41,Kerman,03-06-2023,New
108304,43,Rasht,11-06-2025,New
108305,33,Tabriz,11-12-2024,Regular
108306,39,Tehran,25-05-2023,Regular
108307,40,Rasht,19-02-2025,VIP
108308,40,Tehran,29-11-2024,Regular
108309,52,Tehran,14-12-2025,New
108310,45,Mashhad,17-12-2025,Regular
108311,20,,04-12-2025,New
108312,18,Karaj,07-09-2025,Regular
108313,37,Tehran,18-05-2025,New
108314,61,Karaj,04-01-2025,Regular
108315,19,Tehran,19-08-2024,VIP
108316,21,Mashhad,17-05-2025,New
108317,50,Mashhad,23-11-2025,Regular
108318,39,Mashhad,08-05-2023,Regular
108319,29,Karaj,30-05-2023,New
108320,,Tehran,30-06-2024,New
108321,49,Tehran,18-11-2023,Regular
108322,43,Tehran,05-08-2024,New
108323,48,Karaj,07-12-2023,New
108324,31,Kerman,07-05-2025,Regular
108325,43,Tabriz,10-09-2025,Regular
108326,59,Shiraz,06-11-2023,New
108327,,Rasht,25-04-2025,VIP
108328,37,Tehran,27-04-2023,Regular
108329,25,Tehran,22-05-2025,VIP
108330,48,Isfahan,03-02-2025,Regular
108331,19,Tehran,16-02-2025,New
108332,29,Isfahan,23-06-2024,New
108333,52,Isfahan,28-04-2023,VIP
108334,18,Mashhad,11-07-2025,Regular
108335,65,Isfahan,01-05-2023,Regular
108336,37,Mashhad,11-06-2024,Regular
108337,37,Tehran,10-07-2023,Regular
108338,43,Ahvaz,15-07-2025,Regular
108339,48,Karaj,20-09-2024,New
108340,40,Tehran,10-07-2024,Regular
108341,60,Tehran,14-12-2023,Regular
108342,64,Tehran,07-05-2025,Regular
108343,27,Tehran,19-08-2023,Regular
108344,51,Tehran,28-02-2025,Regular
108345,32,Tehran,27-11-2025,New
108346,65,Ahvaz,19-10-2023,New
108347,30,Qom,21-01-2025,New
108348,32,Qom,05-12-2023,New
108349,52,Tabriz,15-10-2025,New
108350,55,Karaj,11-09-2025,Regular
108351,24,Karaj,10-12-2023,Regular
108352,44,Ahvaz,10-09-2023,Regular
108353,34,Karaj,01-04-2023,Regular
108354,47,Karaj,02-02-2025,Regular
108355,44,Qom,03-10-2025,New
108356,65,Shiraz,08-06-2023,Regular
108357,62,Tehran,12-06-2025,New
108358,49,Tehran,06-04-2025,New
108359,50,Isfahan,31-05-2024,Regular
108360,,Tehran,02-09-2023,Regular
108361,26,Tehran,15-12-2024,New
108362,52,Tehran,12-10-2024,Regular
108363,55,Mashhad,07-06-2025,New
108364,24,Kerman,09-09-2024,New
108365,60,Mashhad,23-02-2023,Regular
108366,51,Tehran,11-08-2023,Regular
108367,34,Mashhad,21-02-2024,Regular
108368,41,Mashhad,22-06-2024,Regular
108369,41,Tabriz,19-01-2024,Regular
108370,62,Tabriz,20-08-2025,New
108371,64,Tehran,04-11-2023,Regular
108372,56,Shiraz,15-01-2025,Regular
108373,,Tehran,31-01-2024,Regular
108374,22,Tabriz,22-12-2025,Regular
108375,61,Rasht,30-09-2025,Regular
108376,24,Rasht,09-05-2025,New
108377,26,Tehran,17-04-2025,Regular
108378,21,Karaj,05-12-2024,New
108379,63,Qom,05-10-2024,New
108380,41,Ahvaz,08-09-2024,Regular
108381,29,Tehran,30-01-2023,Regular
108382,21,Isfahan,23-10-2025,Regular
108383,37,Tehran,10-12-2025,Regular
108384,52,Tehran,31-07-2024,Regular
108385,65,Tabriz,11-08-2025,New
108386,44,Isfahan,16-03-2024,Regular
108387,47,Tehran,03-05-2023,New
108388,58,Ahvaz,02-07-2025,Regular
108389,61,Isfahan,11-07-2024,Regular
108390,31,Kerman,26-10-2025,New
108391,65,Qom,22-08-2023,VIP
108392,42,Ahvaz,08-06-2024,Regular
108393,62,Karaj,31-12-2024,Regular
108394,23,Tehran,31-05-2023,Regular
108395,,Tehran,27-12-2025,Regular
108396,60,Rasht,28-10-2024,Regular
108397,50,Tehran,08-07-2023,New
108398,26,Mashhad,22-03-2025,VIP
108399,60,Tabriz,19-08-2025,Regular
108400,22,Tehran,14-02-2024,Regular
108401,50,Tehran,29-10-2024,Regular
108402,27,Isfahan,29-03-2025,New
108403,21,Mashhad,09-06-2023,Regular
108404,56,Tabriz,04-08-2024,Regular
108405,58,Tehran,04-09-2024,Regular
108406,23,Isfahan,26-11-2023,New
108407,22,Tehran,25-11-2023,Regular
108408,47,Tabriz,20-11-2024,VIP
108409,19,Tehran,03-04-2025,VIP
108410,53,Tehran,01-03-2024,Regular
108411,61,Qom,10-06-2023,Regular
108412,54,Tehran,11-05-2025,Regular
108413,29,Karaj,10-07-2023,New
108414,27,Tehran,04-01-2023,Regular
108415,50,Tehran,19-12-2023,Regular
108416,20,Mashhad,14-06-2025,New
108417,43,Ahvaz,08-04-2025,Regular
108418,39,Mashhad,02-12-2023,New
108419,53,Tehran,22-07-2024,Regular
108420,27,Shiraz,16-11-2025,Regular
108421,54,Mashhad,26-02-2025,Regular
108422,51,Qom,11-04-2025,New
108423,29,Kerman,06-04-2023,New
108424,35,Shiraz,21-09-2023,Regular
108425,21,Isfahan,24-04-2023,Regular
108426,39,Mashhad,07-12-2025,New
108427,30,Kerman,10-01-2024,Regular
108428,23,Isfahan,01-07-2024,VIP
108429,44,Tehran,26-08-2024,Regular
108430,45,Kerman,26-07-2024,New
108431,22,Kerman,27-02-2023,New
108432,26,Isfahan,22-09-2025,Regular
108433,21,Mashhad,21-02-2024,Regular
108434,50,Karaj,02-10-2025,VIP
108435,34,Qom,17-04-2025,New
108436,21,Isfahan,02-02-2025,Regular
108437,27,Mashhad,08-02-2025,VIP
108438,64,Mashhad,07-12-2025,New
108439,30,Mashhad,29-11-2023,VIP
108440,50,Tehran,27-12-2023,Regular
108441,40,Karaj,04-01-2025,Regular
108442,26,Tehran,12-09-2023,Regular
108443,32,Mashhad,30-05-2025,Regular
108444,18,Ahvaz,02-02-2023,VIP
108445,53,Mashhad,09-09-2025,New
108446,34,Mashhad,15-01-2024,Regular
108447,41,Rasht,05-01-2023,New
108448,25,Tehran,21-10-2024,New
108449,57,Ahvaz,29-10-2023,Regular
108450,28,Tehran,01-12-2023,Regular
108451,45,Isfahan,11-06-2024,Regular
108452,59,Tabriz,26-09-2024,New
108453,52,Mashhad,30-05-2023,New
108454,46,Shiraz,22-02-2023,New
108455,60,Tehran,20-05-2024,New
108456,26,Shiraz,23-01-2024,New
108457,64,Tehran,29-09-2024,Regular
108458,44,Qom,30-03-2025,New
108459,37,Shiraz,03-11-2024,VIP
108460,30,Isfahan,25-04-2023,New
108461,53,Tehran,26-12-2025,Regular
108462,64,tehran,21-02-2025,New
108463,51,Shiraz,23-02-2023,New
108464,19,Tehran,15-04-2025,Regular
108465,40,Tabriz,22-08-2025,New
108466,53,Tehran,14-09-2024,New
108467,37,Tehran,30-06-2025,Regular
108468,55,Karaj,28-08-2025,Regular
108469,51,Tehran,21-11-2025,Regular
108470,21,Tehran,11-11-2025,New
108471,44,Tabriz,01-08-2023,New
108472,26,Karaj,07-02-2023,Regular
108473,41,Tehran,14-12-2024,VIP
108474,36,Tehran,13-01-2025,New
108475,56,Isfahan,14-09-2024,New
108476,59,Shiraz,17-09-2023,Regular
108477,40,Isfahan,04-11-2025,VIP
108478,43,Tabriz,22-03-2024,New
108479,48,Karaj,22-03-2025,Regular
108480,49,Rasht,13-11-2024,Regular
108481,48,Mashhad,07-09-2025,New
108482,55,Tehran,18-02-2025,Regular
108483,65,Tehran,25-11-2024,Regular
108484,57,Tehran,09-07-2025,New
108485,24,Mashhad,01-03-2023,New
108486,40,Ahvaz,11-02-2025,New
108487,40,Mashhad,03-10-2024,New
108488,42,Tehran,01-05-2025,Regular
108489,43,,03-09-2023,Regular
108490,52,Kerman,17-10-2024,Regular
108491,38,Tehran,08-11-2023,Regular
108492,30,Karaj,09-05-2023,Regular
108493,39,Qom,21-09-2024,New
108494,59,Mashhad,24-01-2023,Regular
108495,32,Tabriz,12-04-2023,New
108496,18,Isfahan,03-08-2024,New
108497,64,Tehran,10-09-2025,Regular
108498,27,Isfahan,22-02-2025,Regular
108499,46,Tehran,17-01-2023,New
108500,56,Karaj,30-04-2023,Regular
108501,31,Qom,17-04-2024,New
108502,34,Mashhad,15-04-2024,Regular
108503,31,Shiraz,13-02-2023,Regular
108504,25,Tehran,08-10-2023,Regular
108505,25,Tehran,19-05-2023,New
108506,26,Tabriz,12-09-2024,Regular
108507,39,Tehran,21-12-2024,New
108508,43,Qom,03-03-2024,Regular
108509,18,Tehran,17-09-2024,VIP
108510,58,Qom,09-08-2023,New
108511,50,Mashhad,21-07-2025,Regular
108512,21,Mashhad,05-01-2023,New
108513,58,Karaj,06-07-2024,Regular
108514,19,Shiraz,19-12-2023,Regular
108515,44,Tehran,08-05-2024,Regular
108516,40,Ahvaz,19-07-2024,Regular
108517,42,Mashhad,08-12-2024,VIP
108518,63,Tehran,14-10-2025,Regular
108519,62,Isfahan,06-09-2024,VIP
108520,31,Shiraz,07-09-2023,New
108521,45,Tabriz,27-07-2024,VIP
108522,64,Ahvaz,14-07-2024,New
108523,52,Shiraz,04-08-2025,New
108524,60,Tehran,12-09-2024,Regular
108525,38,Tehran,08-08-2025,New
108526,31,Tehran,11-12-2024,Regular
108527,42,Mashad,18-09-2024,New
108528,57,Tehran,26-12-2023,Regular
108529,62,Tabriz,08-10-2023,New
108530,50,Shiraz,19-04-2023,New
108531,51,Qom,23-08-2024,Regular
108532,42,,05-10-2025,Regular
108533,,,14-01-2023,New
108534,38,Rasht,09-11-2025,Regular
108535,41,Shiraz,30-07-2025,Regular
108536,57,Isfahan,24-04-2024,Regular
108537,44,Karaj,10-12-2023,New
108538,56,Rasht,27-09-2024,VIP
108539,19,Tehran,25-07-2025,Regular
108540,54,Rasht,01-02-2023,New
108541,42,Tehran,07-05-2024,New
108542,65,Kerman,21-02-2023,New
108543,40,Tehran,06-12-2024,VIP
108544,40,Tehran,25-03-2023,VIP
108545,24,Tehran,13-12-2023,Regular
108546,56,Qom,19-03-2025,Regular
108547,51,Kerman,03-04-2025,Regular
108548,59,Mashhad,06-09-2023,Regular
108549,22,Mashhad,15-07-2024,Regular
108550,28,Tehran,21-07-2023,VIP
108551,60,Tehran,09-10-2024,New
108552,20,Qom,10-01-2023,New
108553,42,Tehran,10-06-2025,Regular
108554,,Kerman,26-01-2023,Regular
108555,63,Rasht,28-10-2024,New
108556,59,Tehran,19-03-2024,New
108557,61,Shiraz,02-09-2023,Regular
108558,31,Kerman,16-08-2024,Regular
108559,46,Ahvaz,05-06-2023,Regular
108560,51,Karaj,26-09-2024,Regular
108561,64,Tehran,07-12-2024,Regular
108562,18,Tehran,16-05-2024,Regular
108563,64,Qom,01-02-2024,Regular
108564,35,Mashhad,18-05-2024,New
108565,24,Tabriz,13-11-2025,Regular
108566,47,Karaj,04-04-2025,Regular
108567,55,Isfahan,07-01-2023,Regular
108568,24,Tehran,14-11-2023,Regular
108569,19,Mashhad,28-01-2023,New
108570,61,Ahvaz,18-09-2023,Regular
108571,62,Mashhad,02-05-2025,Regular
108572,25,Tehran,24-07-2025,New
108573,61,Kerman,15-05-2024,Regular
108574,,Karaj,24-01-2025,Regular
108575,65,Shiraz,10-02-2024,Regular
108576,28,Qom,06-06-2024,Regular
108577,45,Isfahan,26-06-2025,Regular
108578,65,Kerman,29-10-2023,Regular
108579,61,Ahvaz,15-12-2023,Regular
108580,47,Mashhad,30-05-2023,Regular
108581,27,Mashhad,28-08-2023,VIP
108582,22,Tehran,10-02-2023,Regular
108583,30,Tabriz,12-06-2025,New
108584,21,Tabriz,22-07-2025,Regular
108585,27,Mashad,06-04-2024,Regular
108586,21,Kerman,11-10-2024,Regular
108587,54,Isfahan,30-09-2023,Regular
108588,46,Qom,20-02-2023,New
108589,42,,18-07-2024,Regular
108590,56,Shiraz,23-06-2023,Regular
108591,37,Tehran,17-07-2025,Regular
108592,37,Tabriz,03-11-2023,Regular
108593,27,Tabriz,18-03-2025,Regular
108594,39,Tehran,16-10-2023,Regular
108595,26,Qom,19-05-2023,Regular
108596,46,Isfahan,23-08-2024,Regular
108597,65,Mashhad,20-07-2023,Regular
108598,43,Mashad,13-03-2024,Regular
108599,32,Mashhad,18-11-2023,Regular
108600,51,Tabriz,24-08-2025,Regular
108601,57,Tabriz,04-07-2024,New
108602,40,Tehran,26-02-2025,Regular
108603,30,Isfahan,06-10-2024,Regular
108604,52,Tehran,24-09-2025,New
108605,26,Tehran,26-04-2024,New
108606,65,Tabriz,02-08-2025,Regular
108607,33,Tehran,10-09-2025,Regular
108608,34,Kerman,05-10-2025,Regular
108609,52,tehran,31-01-2025,Regular
108610,18,Mashhad,09-12-2025,Regular
108611,27,Rasht,26-03-2025,New
108612,24,Isfahan,08-12-2023,Regular
108613,36,Tabriz,21-06-2023,Regular
108614,44,Karaj,18-08-2023,New
108615,26,Ahvaz,20-09-2024,VIP
108616,34,Tehran,30-06-2023,Regular
108617,55,Tehran,18-09-2023,New
108618,63,Kerman,18-11-2024,New
108619,18,Tehran,31-12-2023,Regular
108620,48,Karaj,15-01-2025,New
108621,19,Tabriz,28-12-2025,VIP
108622,42,Shiraz,07-04-2023,New
108623,60,Qom,03-12-2024,Regular
108624,56,Kerman,18-06-2025,New
108625,29,Tehran,03-06-2023,Regular
108626,30,Tabriz,07-05-2025,New
108627,55,Karaj,09-07-2024,Regular
108628,57,Mashhad,19-11-2024,VIP
108629,31,Rasht,26-02-2023,New
108630,18,Isfahan,21-04-2024,Regular
108631,39,Tehran,06-02-2024,New
108632,47,Ahvaz,18-06-2023,Regular
108633,39,Rasht,15-04-2025,New
108634,62,Tehran,07-07-2024,Regular
108635,57,Karaj,19-08-2025,Regular
108636,55,Tehran,24-06-2023,Regular
108637,18,Tehran,11-03-2025,VIP
108638,58,Tehran,24-10-2024,New
108639,54,Ahvaz,13-12-2024,New
108640,37,Tehran,06-12-2023,New
108641,46,Tehran,26-01-2025,Regular
108642,57,Karaj,28-09-2023,New
108643,61,Mashhad,14-04-2025,Regular
108644,44,Tehran,27-04-2024,VIP
108645,19,Tehran,09-06-2024,New
108646,47,Qom,27-09-2024,New
108647,50,Tabriz,03-04-2023,Regular
108648,20,Karaj,07-02-2024,Regular
108649,57,Tehran,11-08-2023,Regular
108650,27,Isfahan,21-11-2025,New
108651,,Qom,06-04-2024,Regular
108652,44,Tehran,07-01-2023,Regular
108653,33,Tehran,29-01-2023,New
108654,20,Mashhad,26-09-2025,New
108655,18,Mashhad,21-06-2023,Regular
108656,53,Tehran,01-01-2023,New
108657,36,Kerman,21-08-2023,Regular
108658,58,Isfahan,26-08-2023,Regular
108659,29,Tabriz,29-03-2023,VIP
108660,62,Tehran,27-12-2025,Regular
108661,63,Tabriz,06-03-2023,Regular
108662,22,Shiraz,08-03-2025,Regular
108663,49,Rasht,05-07-2025,Regular
108664,63,tehran,06-12-2024,New
108665,33,Qom,25-05-2023,Regular
108666,21,Mashhad,06-03-2025,Regular
108667,60,Shiraz,28-12-2023,Regular
108668,40,Rasht,23-03-2024,Regular
108669,19,Tabriz,03-10-2023,New
108670,58,Karaj,08-05-2025,Regular
108671,50,Ahvaz,26-09-2024,New
108672,21,Rasht,19-06-2023,Regular
108673,30,Tehran,22-03-2024,Regular
108674,18,Tehran,19-05-2025,Regular
108675,63,Shiraz,23-10-2025,Regular
108676,19,Kerman,25-10-2025,VIP
108677,56,Isfahan,28-05-2023,VIP
108678,,,28-07-2025,New
108679,45,Shiraz,12-09-2024,Regular
108680,56,Tehran,20-03-2025,New
108681,60,Tehran,27-02-2024,Regular
108682,24,Tehran,14-12-2024,Regular
108683,18,Tehran,10-10-2023,New
108684,23,Karaj,24-07-2024,New
108685,50,Mashhad,05-09-2023,Regular
108686,45,Tehran,08-03-2024,New
108687,22,Shiraz,22-03-2024,Regular
108688,29,Mashhad,05-08-2025,Regular
108689,43,Mashhad,18-11-2024,New
108690,53,Mashhad,09-12-2024,Regular
108691,34,Mashad,07-11-2023,Regular
108692,63,Karaj,21-04-2024,New
108693,65,Tehran,01-06-2024,New
108694,54,Tehran,09-05-2025,New
108695,39,Tehran,23-07-2023,VIP
108696,60,Mashhad,01-03-2023,Regular
108697,52,Tehran,07-07-2024,Regular
108698,42,Mashhad,09-06-2025,Regular
108699,39,Tehran,14-03-2025,New
108700,57,Tehran,06-06-2025,New
108701,44,Ahvaz,06-03-2024,New
108702,26,Mashhad,08-09-2023,Regular
108703,65,Tehran,23-12-2024,Regular
108704,21,Shiraz,11-02-2023,Regular
108705,51,Tehran,07-09-2025,New
108706,49,Karaj,20-02-2025,Regular
108707,46,Tehran,05-07-2024,Regular
108708,20,Isfahan,07-08-2023,Regular
108709,41,Rasht,02-10-2023,New
108710,60,Tehran,26-12-2025,Regular
108711,29,Tehran,16-01-2023,New
108712,51,Tabriz,11-01-2023,New
108713,59,Kerman,16-01-2024,Regular
108714,63,Mashhad,09-09-2023,Regular
108715,42,Tabriz,11-01-2025,Regular
108716,33,Tehran,16-02-2023,New
108717,51,Tabriz,10-05-2025,New
108718,41,Tehran,07-05-2025,Regular
108719,48,Tabriz,09-09-2023,Regular
108720,53,Tehran,25-09-2024,Regular
108721,52,Shiraz,05-01-2025,Regular
108722,29,Tehran,18-07-2025,New
108723,54,Karaj,13-03-2025,Regular
108724,44,Karaj,20-11-2025,VIP
108725,62,Ahvaz,07-05-2023,New
108726,49,Kerman,30-10-2024,Regular
108727,60,Isfahan,26-04-2025,New
108728,64,Tabriz,11-09-2023,New
108729,65,Tehran,28-08-2023,Regular
108730,53,Rasht,12-04-2023,Regular
108731,46,Tabriz,15-12-2025,New
108732,23,Isfahan,06-08-2025,Regular
108733,36,Isfahan,13-05-2023,New
108734,40,Karaj,26-09-2023,Regular
108735,55,Ahvaz,16-05-2024,Regular
108736,46,Qom,05-09-2025,New
108737,39,Shiraz,23-06-2025,Regular
108738,25,Mashhad,19-08-2025,Regular
108739,52,Rasht,25-06-2025,Regular
108740,38,Tabriz,18-11-2024,New
108741,19,Shiraz,15-11-2023,Regular
108742,31,Shiraz,23-10-2024,New
108743,60,Tabriz,25-06-2024,New
108744,23,Karaj,07-11-2025,New
108745,37,Shiraz,06-05-2024,Regular
108746,42,Ahvaz,07-04-2025,New
108747,22,Ahvaz,10-07-2023,VIP
108748,25,Isfahan,18-01-2025,Regular
108749,63,Tehran,11-05-2024,Regular
108750,46,Shiraz,22-04-2024,New
108751,28,Tabriz,06-04-2025,New
108752,26,Shiraz,13-06-2024,Regular
108753,38,Rasht,06-03-2023,Regular
108754,52,Tehran,01-03-2024,Regular
108755,,Mashhad,20-11-2025,Regular
108756,27,Ahvaz,02-11-2025,Regular
108757,,Rasht,03-11-2024,Regular
108758,61,Mashad,29-11-2024,New
108759,28,Tehran,15-10-2023,Regular
108760,19,Isfahan,04-05-2025,Regular
108761,64,Isfahan,18-10-2024,Regular
108762,43,Shiraz,10-02-2023,Regular
108763,55,Tehran,05-11-2025,Regular
108764,33,Mashhad,22-07-2025,Regular
108765,32,Tabriz,31-03-2023,New
108766,28,Tabriz,02-04-2024,New
108767,28,Tabriz,24-03-2025,New
108768,40,Mashhad,18-03-2025,New
108769,,Mashhad,03-07-2023,Regular
108770,58,Mashhad,13-02-2023,Regular
108771,42,Kerman,14-12-2025,New
108772,61,Mashhad,05-09-2025,VIP
108773,42,Tabriz,19-03-2025,VIP
108774,32,Shiraz,23-12-2024,Regular
108775,42,Ahvaz,21-01-2025,Regular
108776,25,Mashhad,15-05-2024,New
108777,57,Isfahan,19-01-2025,Regular
108778,52,Ahvaz,29-11-2023,Regular
108779,25,Tehran,02-04-2023,New
108780,45,Shiraz,07-12-2023,Regular
108781,43,Mashhad,18-11-2023,Regular
108782,27,Kerman,29-11-2023,New
108783,23,Karaj,30-05-2024,Regular
108784,54,,24-05-2023,Regular
108785,30,Ahvaz,22-03-2024,New
108786,42,Karaj,22-05-2024,New
108787,29,Shiraz,25-07-2023,New
108788,49,Tehran,11-05-2024,Regular
108789,20,Tehran,08-01-2025,Regular
108790,35,Tabriz,27-03-2024,New
108791,44,Isfahan,03-01-2023,Regular
108792,39,Ahvaz,08-02-2025,Regular
108793,47,Tehran,25-09-2024,Regular
108794,26,Tabriz,04-04-2024,Regular
108795,39,Tehran,26-01-2023,Regular
108796,54,Tabriz,08-04-2023,New
108797,34,Tehran,28-03-2023,Regular
108798,25,Mashhad,22-07-2025,New
108799,58,Tehran,05-12-2023,Regular
108800,55,Tabriz,10-04-2024,VIP
108801,50,Mashhad,01-02-2025,Regular
108802,56,Karaj,18-12-2024,New
108803,55,Tehran,12-03-2023,New
108804,53,Shiraz,15-10-2025,Regular
108805,42,Shiraz,18-10-2023,New
108806,18,Tehran,20-04-2025,VIP
108807,46,Tehran,30-06-2025,New
108808,31,Mashhad,12-08-2024,Regular
108809,55,Tabriz,27-06-2023,New
108810,40,Kerman,19-08-2024,New
108811,61,Tehran,25-09-2023,New
108812,46,Karaj,19-07-2025,New
108813,44,Karaj,06-04-2025,New
108814,62,Tabriz,20-06-2025,New
108815,40,Shiraz,26-06-2025,Regular
108816,36,Kerman,15-07-2023,Regular
108817,35,Isfahan,03-02-2023,New
108818,60,,17-11-2024,Regular
108819,54,Tehran,03-11-2024,Regular
108820,25,Qom,05-08-2025,VIP
108821,41,Kerman,29-11-2024,Regular
108822,35,Rasht,29-05-2025,Regular
108823,49,Mashhad,17-01-2024,VIP
108824,20,Ahvaz,17-05-2023,VIP
108825,52,Tehran,11-02-2023,VIP
108826,53,Tabriz,22-04-2024,Regular
108827,28,Mashhad,03-01-2023,Regular
108828,25,Tabriz,21-07-2024,VIP
108829,48,Isfahan,14-03-2024,Regular
108830,30,Tehran,10-10-2023,New
108831,63,Tehran,09-10-2024,VIP
108832,55,Tehran,14-01-2025,Regular
108833,63,Isfahan,13-02-2023,New
108834,43,Ahvaz,05-06-2024,New
108835,63,Karaj,25-10-2025,Regular
108836,18,Qom,22-11-2023,New
108837,31,Qom,05-05-2025,Regular
108838,18,Mashhad,04-01-2024,New
108839,50,Isfahan,25-10-2023,New
108840,42,Isfahan,27-07-2025,Regular
108841,31,Tehran,26-01-2024,VIP
108842,32,Shiraz,06-08-2025,Regular
108843,48,Karaj,17-12-2024,New
108844,26,Tabriz,08-06-2025,New
108845,42,Karaj,11-06-2025,New
108846,47,,27-09-2025,VIP
108847,29,Karaj,30-08-2024,Regular
108848,28,Tehran,08-11-2025,VIP
108849,35,Ahvaz,07-03-2023,Regular
108850,46,Tehran,22-06-2024,Regular
108851,30,Isfahan,10-03-2024,New
108852,36,Isfahan,16-04-2023,VIP
108853,44,Tehran,14-08-2025,New
108854,26,Mashhad,26-05-2025,Regular
108855,45,Tehran,30-03-2025,Regular
108856,24,Shiraz,24-11-2024,New
108857,24,Rasht,21-10-2024,Regular
108858,29,Mashad,21-02-2024,Regular
108859,31,Isfahan,18-01-2025,Regular
108860,19,Ahvaz,04-12-2025,Regular
108861,64,Isfahan,03-10-2023,New
108862,32,Ahvaz,06-01-2024,Regular
108863,56,Isfahan,30-04-2023,Regular
108864,61,Mashad,20-09-2025,VIP
108865,56,Tehran,03-08-2024,Regular
108866,57,Tehran,10-10-2024,Regular
108867,22,Tabriz,19-10-2023,VIP
108868,35,Qom,10-02-2023,Regular
108869,53,Tehran,31-05-2025,New
108870,45,Rasht,31-07-2025,New
108871,18,Mashhad,09-01-2024,Regular
108872,45,Isfahan,14-04-2025,Regular
108873,56,Rasht,18-09-2024,Regular
108874,57,Rasht,04-12-2024,Regular
108875,36,Shiraz,09-07-2023,New
108876,29,tehran,03-11-2024,Regular
108877,32,Tehran,26-06-2023,Regular
108878,32,Tehran,28-08-2023,Regular
108879,34,Qom,26-01-2024,Regular
108880,32,Mashhad,23-08-2023,Regular
108881,39,Karaj,22-09-2025,Regular
108882,19,Tehran,01-02-2023,Regular
108883,31,Mashad,16-09-2025,New
108884,33,Mashhad,18-06-2023,Regular
108885,25,Isfahan,10-08-2025,New
108886,60,Shiraz,04-01-2024,Regular
108887,50,Kerman,05-10-2025,Regular
108888,61,Rasht,15-08-2024,New
108889,44,Karaj,20-06-2024,Regular
108890,23,,24-05-2023,Regular
108891,61,Rasht,19-04-2024,Regular
108892,39,Rasht,02-09-2024,Regular
108893,50,Ahvaz,12-12-2025,New
108894,36,Isfahan,16-10-2023,New
108895,41,Tehran,01-04-2023,Regular
108896,41,Karaj,06-10-2023,Regular
108897,31,Mashhad,24-09-2023,Regular
108898,44,Mashhad,03-11-2025,New
108899,53,Mashhad,14-06-2023,New
108900,18,Shiraz,22-12-2025,Regular
108901,24,Mashhad,04-05-2023,Regular
108902,58,Karaj,07-06-2025,Regular
108903,45,Tabriz,30-03-2024,Regular
108904,64,Isfahan,01-03-2023,Regular
108905,47,Tehran,03-11-2024,Regular
108906,49,tehran,08-03-2025,Regular
108907,61,Mashad,07-07-2025,New
108908,49,Isfahan,15-07-2023,Regular
108909,33,Isfahan,07-11-2024,New
108910,43,Mashhad,15-09-2024,New
108911,29,Tabriz,29-04-2024,New
108912,34,Tehran,05-09-2025,New
108913,50,Ahvaz,08-04-2024,New
108914,25,Tehran,21-02-2024,New
108915,50,Kerman,29-07-2024,New
108916,46,Tabriz,14-10-2025,New
108917,32,Tehran,07-08-2025,New
108918,20,Shiraz,14-02-2025,New
108919,51,Mashhad,30-03-2023,Regular
108920,57,Kerman,26-11-2023,Regular
108921,53,Karaj,17-01-2023,New
108922,38,Isfahan,14-04-2023,Regular
108923,49,Isfahan,29-06-2025,Regular
108924,37,Kerman,11-06-2025,New
108925,35,Tabriz,23-04-2023,Regular
108926,33,Shiraz,16-05-2024,New
108927,28,Mashhad,02-11-2023,Regular
108928,64,Mashhad,21-03-2023,Regular
108929,49,Karaj,22-02-2024,Regular
108930,26,Shiraz,23-04-2023,New
108931,59,Ahvaz,16-03-2025,New
108932,25,Shiraz,24-11-2025,Regular
108933,46,Shiraz,07-04-2024,Regular
108934,25,Isfahan,24-09-2023,Regular
108935,35,Karaj,01-07-2024,VIP
108936,49,Isfahan,24-11-2025,Regular
108937,65,Ahvaz,24-06-2023,New
108938,65,Mashhad,15-01-2025,Regular
108939,60,Karaj,12-04-2023,New
108940,29,Rasht,26-11-2023,Regular
108941,22,Karaj,26-04-2024,Regular
108942,61,Mashhad,25-02-2024,New
108943,62,Karaj,15-07-2023,New
108944,31,Tehran,30-04-2025,Regular
108945,18,Tehran,07-01-2025,Regular
108946,49,Qom,21-04-2024,New
108947,21,Qom,03-04-2024,New
108948,19,Tehran,23-03-2023,Regular
108949,62,Rasht,24-12-2024,Regular
108950,41,Isfahan,09-09-2023,Regular
108951,23,Rasht,26-11-2023,Regular
108952,49,Qom,31-07-2025,Regular
108953,35,Rasht,04-12-2024,Regular
108954,43,Ahvaz,01-02-2025,New
108955,61,Kerman,17-10-2023,New
108956,29,Tabriz,02-07-2024,New
108957,49,Tehran,16-01-2023,Regular
108958,57,Mashhad,26-09-2023,Regular
108959,38,Karaj,26-05-2025,New
108960,64,Tehran,03-06-2024,Regular
108961,39,Rasht,26-11-2024,New
108962,40,Tehran,13-05-2025,Regular
108963,60,Ahvaz,22-10-2025,Regular
108964,48,Isfahan,31-03-2023,Regular
108965,59,Ahvaz,28-09-2024,Regular
108966,55,Kerman,25-12-2025,Regular
108967,52,Isfahan,07-08-2023,New
108968,29,Karaj,30-07-2025,Regular
108969,37,Tehran,27-09-2024,Regular
108970,59,Qom,15-12-2023,New
108971,47,Qom,07-05-2025,Regular
108972,31,Mashhad,11-08-2025,VIP
108973,33,Tehran,06-06-2023,Regular
108974,55,Isfahan,16-01-2025,New
108975,,Tehran,22-10-2025,New
108976,23,Qom,30-12-2024,Regular
108977,54,Tehran,22-08-2024,Regular
108978,31,Rasht,02-06-2023,New
108979,54,Kerman,08-05-2024,New
108980,43,Rasht,18-09-2025,New
108981,65,Shiraz,25-05-2025,Regular
108982,43,Tehran,08-05-2024,Regular
108983,59,Qom,05-12-2023,Regular
108984,58,Karaj,29-05-2025,Regular
108985,28,Kerman,25-11-2025,Regular
108986,65,Mashhad,24-11-2023,Regular
108987,53,Tehran,06-06-2025,Regular
108988,23,Kerman,04-12-2023,New
108989,18,Ahvaz,24-06-2025,New
108990,31,Tehran,22-11-2025,Regular
108991,18,Karaj,27-12-2024,Regular
108992,35,Tehran,27-06-2024,New
108993,65,Shiraz,10-12-2023,Regular
108994,,Mashhad,07-03-2023,Regular
108995,19,Mashhad,27-02-2023,New
108996,41,Tehran,04-07-2025,Regular
108997,28,Tehran,25-12-2024,New
108998,59,Isfahan,06-09-2023,Regular
108999,22,Tehran,27-08-2024,Regular
109000,54,Isfahan,20-08-2025,Regular
109001,39,Shiraz,10-12-2024,Regular
109002,18,Mashad,30-09-2025,Regular
109003,50,Tabriz,09-05-2023,New
109004,39,Tehran,21-03-2023,New
109005,55,Tehran,30-12-2024,Regular
109006,47,Ahvaz,29-09-2024,Regular
109007,55,Ahvaz,23-01-2025,Regular
109008,40,Kerman,10-12-2025,VIP
109009,18,Kerman,30-04-2023,Regular
109010,24,Tabriz,16-10-2025,Regular
109011,40,Rasht,08-03-2023,Regular
109012,37,Isfahan,29-07-2024,New
109013,56,Qom,29-06-2025,Regular
109014,37,Kerman,15-01-2025,Regular
109015,59,Qom,01-09-2023,Regular
109016,27,Isfahan,23-10-2024,Regular
109017,36,Mashhad,14-09-2025,Regular
109018,54,Mashhad,11-08-2023,VIP
109019,23,Mashhad,23-10-2025,New
109020,33,Qom,16-12-2024,New
109021,54,Karaj,05-04-2023,Regular
109022,46,Tehran,31-12-2023,Regular
109023,55,Karaj,01-08-2025,Regular
109024,42,Mashhad,06-01-2024,Regular
109025,59,Shiraz,02-11-2025,New
109026,60,Mashhad,04-04-2024,Regular
109027,64,Shiraz,11-01-2024,Regular
109028,23,Karaj,22-07-2025,Regular
109029,46,Karaj,10-05-2025,Regular
109030,23,Karaj,18-09-2023,Regular
109031,28,Mashhad,05-05-2025,Regular
109032,32,Karaj,02-10-2023,Regular
109033,49,Tehran,07-09-2025,Regular
109034,38,Isfahan,09-01-2023,Regular
109035,59,Shiraz,26-12-2024,Regular
109036,32,Karaj,19-06-2023,Regular
109037,47,Rasht,11-01-2025,Regular
109038,54,Mashhad,07-12-2025,New
109039,65,Ahvaz,01-01-2025,New
109040,29,Mashhad,20-04-2024,Regular
109041,53,Shiraz,20-06-2025,VIP
109042,22,Qom,02-08-2023,Regular
109043,44,Karaj,17-08-2024,Regular
109044,37,Ahvaz,23-11-2025,Regular
109045,64,Qom,25-01-2024,New
109046,55,Tehran,30-01-2023,VIP
109047,62,Kerman,28-04-2024,Regular
109048,58,Rasht,14-06-2024,Regular
109049,37,Isfahan,08-06-2025,Regular
109050,53,Tehran,31-05-2025,Regular
109051,19,Mashhad,08-01-2024,New
109052,44,Ahvaz,26-04-2025,New
109053,20,Kerman,06-06-2023,New
109054,52,Ahvaz,27-07-2023,VIP
109055,64,Mashhad,23-10-2024,Regular
109056,50,Tehran,14-02-2025,Regular
109057,58,Shiraz,02-06-2025,Regular
109058,29,Mashhad,12-11-2024,New
109059,65,Tehran,20-05-2023,New
109060,44,Tehran,09-01-2025,New
109061,50,Tehran,15-04-2024,Regular
109062,54,,19-10-2023,New
109063,48,Karaj,07-01-2024,New
109064,33,Mashhad,06-06-2025,New
109065,47,Isfahan,14-07-2023,Regular
109066,49,Shiraz,04-09-2024,Regular
109067,59,Kerman,01-04-2023,New
109068,41,Karaj,04-03-2025,Regular
109069,42,Tabriz,14-06-2023,VIP
109070,,Karaj,25-10-2025,New
109071,23,Karaj,23-08-2025,VIP
109072,22,Karaj,25-07-2025,Regular
109073,18,Isfahan,17-01-2024,Regular
109074,49,Shiraz,06-05-2025,New
109075,38,Isfahan,28-05-2023,Regular
109076,59,Mashhad,14-11-2023,Regular
109077,51,Tehran,26-05-2023,New
109078,24,Mashhad,01-03-2023,Regular
109079,22,Isfahan,06-02-2024,New
109080,35,Shiraz,21-09-2024,Regular
109081,62,Isfahan,02-08-2025,Regular
109082,20,Tehran,07-02-2023,Regular
109083,26,Mashhad,21-03-2024,New
109084,19,Mashhad,21-02-2025,Regular
109085,37,,09-08-2023,New
109086,65,Mashhad,17-03-2025,Regular
109087,50,Tehran,16-09-2024,Regular
109088,41,Tehran,08-09-2024,New
109089,24,Isfahan,17-05-2023,Regular
109090,35,Tehran,04-07-2023,VIP
109091,43,Isfahan,18-08-2025,VIP
109092,31,Shiraz,16-08-2025,New
109093,51,Rasht,10-05-2024,New
109094,65,Tabriz,14-10-2024,New
109095,27,,16-08-2024,Regular
109096,30,Mashhad,17-07-2024,New
109097,24,Qom,18-02-2025,New
109098,52,Tehran,13-09-2024,Regular
109099,40,Rasht,18-05-2023,VIP
109100,31,Shiraz,01-04-2023,New
109101,28,Tehran,20-07-2025,Regular
109102,21,tehran,21-03-2025,New
109103,40,Rasht,06-08-2023,Regular
109104,50,Kerman,08-03-2023,Regular
109105,29,Ahvaz,29-08-2023,VIP
109106,18,Mashhad,25-09-2024,Regular
109107,40,Karaj,01-10-2024,New
109108,50,Tehran,05-07-2023,Regular
109109,34,Mashhad,12-07-2023,New
109110,30,Karaj,16-08-2023,New
109111,,Kerman,30-04-2024,VIP
109112,53,Isfahan,13-09-2023,Regular
109113,59,Isfahan,14-05-2024,Regular
109114,54,Tehran,16-01-2023,New
109115,42,Mashhad,22-10-2025,Regular
109116,52,Tehran,03-09-2025,Regular
109117,37,Ahvaz,06-01-2024,Regular
109118,19,Tehran,30-05-2025,New
109119,35,Karaj,09-08-2024,Regular
109120,51,Tehran,04-02-2023,Regular
109121,49,Isfahan,08-11-2023,New
109122,65,Mashhad,04-03-2023,VIP
109123,65,Mashhad,14-02-2025,Regular
109124,29,Shiraz,07-05-2025,New
109125,18,Tabriz,06-11-2024,Regular
109126,31,Rasht,08-01-2023,New
109127,60,Mashhad,16-09-2023,Regular
109128,57,Shiraz,28-05-2024,Regular
109129,22,Rasht,08-06-2023,Regular
109130,25,Mashhad,28-04-2023,New
109131,45,Ahvaz,30-11-2023,Regular
109132,49,Kerman,09-10-2024,Regular
109133,65,Ahvaz,07-04-2023,Regular
109134,54,Shiraz,29-12-2025,Regular
109135,28,Karaj,17-05-2024,Regular
109136,19,Isfahan,08-07-2023,New
109137,48,Shiraz,22-01-2023,New
109138,44,Kerman,13-11-2025,Regular
109139,62,Tehran,13-10-2024,New
109140,45,Qom,05-08-2025,Regular
109141,42,Isfahan,30-04-2025,VIP
109142,32,Tehran,15-12-2025,Regular
109143,22,Tabriz,01-09-2025,Regular
109144,60,Qom,18-04-2025,New
109145,,Shiraz,21-07-2025,Regular
109146,25,Ahvaz,27-07-2025,Regular
109147,51,Mashhad,07-10-2023,Regular
109148,35,Rasht,13-10-2024,New
109149,38,Tabriz,15-12-2025,Regular
109150,58,Qom,07-08-2025,Regular
109151,58,Tehran,26-04-2023,VIP
109152,27,Isfahan,03-05-2023,Regular
109153,32,Rasht,08-08-2023,New
109154,57,Tehran,23-03-2025,New
109155,62,Mashhad,07-03-2024,Regular
109156,21,Qom,19-11-2024,Regular
109157,,Karaj,03-06-2023,New
109158,41,Ahvaz,07-03-2023,VIP
109159,46,Karaj,24-04-2025,VIP
109160,21,Rasht,16-11-2023,VIP
109161,50,Isfahan,17-02-2023,Regular
109162,50,Tabriz,25-08-2023,Regular
109163,49,Ahvaz,20-12-2023,Regular
109164,55,Karaj,19-03-2024,Regular
109165,63,Tehran,08-09-2025,New
109166,58,Mashhad,06-08-2023,New
109167,53,Shiraz,23-10-2024,New
109168,65,Karaj,28-10-2023,Regular
109169,50,Shiraz,29-06-2024,Regular
109170,50,Karaj,21-11-2023,VIP
109171,44,Ahvaz,13-01-2024,Regular
109172,54,Tehran,18-10-2024,New
109173,21,Tabriz,07-10-2024,Regular
109174,42,Shiraz,28-05-2023,New
109175,38,Tehran,21-06-2023,VIP
109176,61,Isfahan,22-09-2023,New
109177,21,Shiraz,11-09-2025,New
109178,48,Qom,14-12-2023,Regular
109179,26,Isfahan,24-09-2024,Regular
109180,60,Tehran,06-05-2024,Regular
109181,58,Isfahan,23-01-2024,New
109182,29,Ahvaz,11-02-2023,Regular
109183,59,Shiraz,28-04-2024,New
109184,41,Mashhad,30-12-2025,Regular
109185,64,Rasht,27-10-2025,Regular
109186,53,Tehran,25-11-2023,New
109187,19,Mashhad,06-08-2024,Regular
109188,27,Isfahan,11-11-2023,New
109189,37,Karaj,06-10-2025,New
109190,28,Ahvaz,30-08-2024,Regular
109191,24,Tehran,04-10-2025,New
109192,64,Qom,24-07-2025,New
109193,59,Karaj,25-12-2023,Regular
109194,38,Rasht,15-05-2024,Regular
109195,28,Rasht,15-09-2024,Regular
109196,26,Karaj,30-09-2023,Regular
109197,61,Tehran,29-06-2025,Regular
109198,33,,11-09-2024,Regular
109199,18,Rasht,16-08-2023,Regular
109200,37,Shiraz,12-06-2024,Regular
109201,39,Shiraz,18-06-2025,Regular
109202,47,Rasht,08-04-2024,VIP
109203,34,Ahvaz,16-02-2025,Regular
109204,62,tehran,13-12-2025,New
109205,48,Ahvaz,02-01-2024,Regular
109206,65,Tehran,26-12-2025,New
109207,35,Karaj,29-03-2024,VIP
109208,49,Kerman,07-09-2024,New
109209,35,Tehran,26-04-2025,Regular
109210,51,Tehran,16-03-2023,Regular
109211,53,Qom,07-02-2025,New
109212,33,Shiraz,12-09-2024,Regular
109213,63,Tehran,18-12-2024,New
109214,59,Tehran,08-11-2025,Regular
109215,60,Mashhad,15-06-2024,New
109216,28,Mashhad,10-10-2025,Regular
109217,52,Ahvaz,13-09-2024,Regular
109218,23,Tabriz,24-08-2023,New
109219,23,Karaj,15-12-2024,Regular
109220,64,Tehran,28-07-2023,Regular
109221,25,Isfahan,11-09-2025,New
109222,59,Mashhad,16-06-2023,VIP
109223,38,Ahvaz,30-06-2024,New
109224,32,Kerman,16-06-2025,Regular
109225,21,Isfahan,11-01-2023,Regular
109226,50,Kerman,20-06-2024,VIP
109227,52,Tehran,08-07-2024,New
109228,40,Mashhad,06-01-2024,Regular
109229,56,Karaj,06-01-2025,Regular
109230,33,Mashhad,22-12-2023,Regular
109231,44,Rasht,14-02-2024,Regular
109232,31,Mashad,29-10-2023,Regular
109233,45,Qom,14-11-2024,Regular
109234,24,Tehran,24-08-2025,New
109235,40,Tehran,14-07-2023,New
109236,44,Isfahan,24-03-2024,New
109237,44,Rasht,05-09-2023,New
109238,39,Shiraz,25-09-2023,Regular
109239,48,Tabriz,29-11-2025,Regular
109240,42,Tehran,16-02-2025,Regular
109241,31,Tehran,31-10-2025,New
109242,28,Tehran,26-11-2024,Regular
109243,49,Qom,30-12-2024,New
109244,63,Tehran,22-02-2025,New
109245,54,Mashhad,16-12-2024,Regular
109246,48,Tabriz,19-06-2025,New
109247,62,Shiraz,24-12-2023,Regular
109248,61,Isfahan,21-04-2023,Regular
109249,42,Tehran,18-06-2024,Regular
109250,23,Mashad,03-01-2023,New
109251,48,Karaj,21-02-2023,New
109252,47,Tehran,25-02-2023,Regular
109253,31,Karaj,26-03-2023,Regular
109254,58,Tehran,12-02-2025,Regular
109255,59,Rasht,16-10-2024,New
109256,33,Kerman,20-10-2025,Regular
109257,40,Tehran,14-11-2023,New
109258,27,Isfahan,29-12-2023,Regular
109259,26,Isfahan,20-06-2024,VIP
109260,30,Ahvaz,05-05-2025,New
109261,35,Shiraz,16-10-2025,New
109262,31,Tabriz,09-03-2025,Regular
109263,25,,09-07-2024,Regular
109264,39,Tehran,06-12-2025,Regular
109265,47,Karaj,18-07-2023,Regular
109266,33,Tabriz,30-05-2024,Regular
109267,43,Ahvaz,28-09-2023,New
109268,31,Ahvaz,01-07-2023,VIP
109269,51,Tabriz,10-03-2024,Regular
109270,49,Shiraz,17-04-2025,Regular
109271,64,Rasht,17-12-2023,Regular
109272,20,Qom,15-06-2025,VIP
109273,58,Ahvaz,30-10-2024,New
109274,34,Kerman,13-02-2025,VIP
109275,21,Mashhad,24-09-2023,New
109276,51,Karaj,03-08-2025,Regular
109277,26,Karaj,12-08-2023,Regular
109278,26,Mashad,11-02-2024,New
109279,65,Tabriz,07-05-2025,Regular
109280,28,Isfahan,25-01-2025,Regular
109281,44,Isfahan,24-11-2023,New
109282,27,Tehran,16-10-2023,Regular
109283,23,Karaj,19-04-2024,New
109284,18,Karaj,03-05-2024,Regular
109285,18,Shiraz,07-03-2023,Regular
109286,40,Tehran,23-09-2023,Regular
109287,38,Shiraz,19-06-2023,Regular
109288,19,Tehran,19-06-2023,Regular
109289,,Mashhad,23-01-2024,New
109290,31,Mashhad,09-02-2023,Regular
109291,45,Ahvaz,11-01-2025,Regular
109292,65,Isfahan,05-01-2025,New
109293,51,Shiraz,30-08-2023,Regular
109294,62,Ahvaz,16-08-2025,New
109295,27,Isfahan,12-10-2024,VIP
109296,28,Ahvaz,11-12-2023,New
109297,54,Tehran,01-08-2023,Regular
109298,32,Mashhad,15-04-2024,New
109299,58,Tehran,17-11-2025,VIP
109300,40,Shiraz,04-01-2023,Regular
109301,27,Kerman,23-01-2023,New
109302,58,Tabriz,28-03-2024,New
109303,44,Tabriz,03-10-2025,Regular
109304,56,Tehran,05-11-2023,New
109305,39,Rasht,29-03-2025,New
109306,24,Isfahan,20-09-2024,VIP
109307,50,Tehran,07-08-2023,Regular
109308,23,Kerman,21-09-2025,New
109309,49,Isfahan,28-06-2023,Regular
109310,38,Mashhad,08-07-2024,New
109311,55,Tehran,26-12-2024,Regular
109312,59,Tehran,09-01-2025,New
109313,37,Qom,24-07-2025,Regular
109314,60,Isfahan,11-02-2025,New
109315,23,tehran,20-12-2024,VIP
109316,23,Tehran,16-06-2023,New
109317,65,Tabriz,02-12-2023,Regular
109318,45,Karaj,15-01-2024,Regular
109319,39,Tabriz,11-02-2024,Regular
109320,25,Shiraz,04-05-2023,New
109321,31,Shiraz,15-04-2023,Regular
109322,50,Karaj,27-04-2024,VIP
109323,57,Ahvaz,02-03-2025,New
109324,,Mashhad,29-08-2025,New
109325,37,Isfahan,26-10-2025,VIP
109326,39,Tabriz,10-06-2024,Regular
109327,25,Mashhad,10-09-2025,Regular
109328,21,Tehran,14-05-2024,Regular
109329,39,Kerman,02-06-2024,New
109330,45,Tehran,18-08-2023,New
109331,23,Tehran,18-11-2024,Regular
109332,37,Tabriz,06-12-2023,Regular
109333,48,Tehran,15-06-2024,Regular
109334,56,Tehran,22-10-2025,Regular
109335,63,Tehran,21-08-2024,Regular
109336,34,Tehran,28-11-2023,Regular
109337,36,Isfahan,04-01-2025,New
109338,59,Qom,11-03-2025,Regular
109339,51,Mashhad,26-10-2024,New
109340,31,Isfahan,16-02-2023,New
109341,50,Tabriz,05-09-2023,New
109342,25,Mashhad,21-05-2023,VIP
109343,39,Isfahan,12-11-2025,Regular
109344,32,Mashhad,08-12-2023,New
109345,65,Mashhad,03-06-2024,Regular
109346,19,Mashhad,14-09-2025,Regular
109347,59,Tehran,21-12-2025,Regular
109348,31,Ahvaz,29-08-2023,New
109349,19,Kerman,30-07-2025,New
109350,49,Ahvaz,06-03-2025,New
109351,50,Tehran,03-11-2024,Regular
109352,24,Karaj,03-07-2023,New
109353,19,Shiraz,26-01-2025,Regular
109354,23,Tehran,02-11-2024,Regular
109355,37,Rasht,03-05-2024,New
109356,24,Karaj,04-10-2024,New
109357,51,Tehran,19-08-2023,Regular
109358,21,Kerman,12-11-2024,Regular
109359,55,Tehran,17-06-2023,Regular
109360,59,Isfahan,10-11-2023,Regular
109361,52,Tehran,25-06-2024,Regular
109362,63,Tehran,27-06-2023,Regular
109363,63,Kerman,27-09-2025,Regular
109364,20,Shiraz,28-08-2025,VIP
109365,34,Tehran,03-06-2024,Regular
109366,54,Karaj,15-09-2024,New
109367,34,Ahvaz,16-11-2023,Regular
109368,53,Rasht,21-08-2023,New
109369,55,Rasht,18-11-2025,Regular
109370,,Rasht,28-03-2024,New
109371,33,Tabriz,10-11-2025,Regular
109372,34,Mashhad,15-03-2023,Regular
109373,19,Rasht,27-04-2023,Regular
109374,31,Tehran,04-06-2024,Regular
109375,31,Tehran,06-05-2025,New
109376,39,Isfahan,09-04-2024,New
109377,38,Mashhad,08-07-2025,Regular
109378,59,Tabriz,26-05-2023,Regular
109379,55,Rasht,26-07-2025,VIP
109380,52,Isfahan,01-05-2024,Regular
109381,18,Shiraz,09-11-2023,Regular
109382,40,Isfahan,01-12-2024,VIP
109383,53,Karaj,02-05-2025,Regular
109384,29,Tehran,13-10-2025,New
109385,38,Tehran,06-04-2023,Regular
109386,52,Tabriz,08-02-2025,Regular
109387,56,Shiraz,11-12-2023,Regular
109388,59,Mashhad,04-07-2024,New
109389,38,Mashhad,20-05-2024,Regular
109390,37,Tehran,23-04-2025,New
109391,36,Karaj,12-03-2024,Regular
109392,50,Isfahan,03-11-2023,VIP
109393,38,Isfahan,17-06-2024,VIP
109394,37,Rasht,02-01-2025,Regular
109395,26,Karaj,15-07-2025,Regular
109396,40,Tehran,06-01-2023,Regular
109397,29,Tabriz,14-09-2024,VIP
109398,43,Tehran,21-03-2023,Regular
109399,60,Tehran,09-11-2024,Regular
109400,55,Karaj,14-11-2024,New
109401,40,Tehran,25-07-2025,New
109402,64,Mashhad,30-07-2023,New
109403,65,Rasht,20-05-2025,Regular
109404,39,Karaj,24-01-2025,VIP
109405,54,Rasht,29-12-2024,VIP
109406,34,Ahvaz,28-11-2024,Regular
109407,60,Mashhad,24-08-2024,Regular
109408,35,Tabriz,11-03-2023,Regular
109409,30,Mashhad,09-06-2025,Regular
109410,24,Karaj,05-03-2024,Regular
109411,58,Mashhad,25-04-2023,New
109412,32,Tehran,02-11-2024,Regular
109413,57,Tehran,03-11-2025,Regular
109414,22,Karaj,20-02-2025,New
109415,42,Tehran,27-09-2023,Regular
109416,38,Shiraz,12-06-2025,Regular
109417,39,Ahvaz,16-07-2025,Regular
109418,26,Karaj,28-12-2023,Regular
109419,21,Isfahan,26-07-2024,New
109420,34,Tehran,05-07-2025,Regular
109421,40,Rasht,22-06-2023,New
109422,56,Shiraz,23-01-2024,Regular
109423,40,Mashhad,14-05-2024,Regular
109424,29,Rasht,08-01-2023,Regular
109425,30,Tehran,02-07-2023,VIP
109426,47,Isfahan,29-10-2024,New
109427,38,Tehran,16-10-2023,Regular
109428,61,Tehran,22-09-2023,Regular
109429,39,Mashhad,21-11-2023,VIP
109430,45,Karaj,17-05-2023,New
109431,21,Mashhad,28-11-2024,New
109432,27,Karaj,10-10-2023,Regular
109433,58,Qom,14-12-2024,VIP
109434,34,Ahvaz,25-06-2025,New
109435,38,,08-06-2024,Regular
109436,46,Karaj,27-09-2025,VIP
109437,20,Tehran,03-08-2023,Regular
109438,42,Karaj,19-11-2025,Regular
109439,34,Mashhad,19-12-2023,VIP
109440,25,Karaj,28-11-2023,Regular
109441,38,Tehran,08-12-2025,New
109442,39,Tabriz,14-05-2024,New
109443,26,Tehran,29-03-2025,Regular
109444,44,tehran,28-05-2025,New
109445,53,Tabriz,05-05-2024,New
109446,30,Mashhad,15-12-2023,New
109447,64,Karaj,22-06-2024,Regular
109448,47,Karaj,26-02-2024,Regular
109449,55,Tabriz,31-03-2024,Regular
109450,21,Karaj,17-09-2023,Regular
109451,54,Qom,28-09-2025,VIP
109452,34,Rasht,18-09-2024,Regular
109453,52,Tehran,22-05-2025,Regular
109454,56,Shiraz,22-12-2024,New
109455,30,Karaj,22-01-2024,Regular
109456,30,Tehran,15-12-2023,New
109457,20,Tehran,11-12-2025,Regular
109458,47,Tehran,27-01-2023,VIP
109459,55,Shiraz,19-11-2023,New
109460,37,Mashhad,16-03-2025,New
109461,25,Tabriz,20-08-2024,Regular
109462,33,Tabriz,06-11-2024,VIP
109463,37,Tabriz,24-01-2023,Regular
109464,61,Tehran,28-08-2023,New
109465,23,Karaj,18-10-2024,Regular
109466,34,Tabriz,11-12-2023,Regular
109467,48,Tehran,30-05-2024,Regular
109468,29,Tehran,14-11-2025,Regular
109469,60,Mashhad,29-11-2024,Regular
109470,61,Rasht,21-11-2024,New
109471,36,Mashhad,04-08-2023,VIP
109472,53,Tehran,14-10-2024,New
109473,54,Tehran,17-11-2025,New
109474,50,Tehran,01-12-2024,Regular
109475,26,Mashhad,09-05-2025,Regular
109476,20,Qom,11-11-2025,Regular
109477,34,Isfahan,13-09-2025,New
109478,24,Ahvaz,08-01-2024,New
109479,32,Tehran,20-11-2023,New
109480,48,Isfahan,04-11-2023,Regular
109481,,Qom,23-04-2025,New
109482,28,Tabriz,17-02-2024,VIP
109483,18,Ahvaz,19-06-2025,Regular
109484,28,Tehran,27-05-2025,Regular
109485,39,Isfahan,30-12-2024,Regular
109486,55,Tabriz,13-05-2023,Regular
109487,35,Tehran,18-02-2025,Regular
109488,31,Qom,15-08-2023,VIP
109489,44,Mashhad,28-08-2024,Regular
109490,21,Tehran,07-09-2023,New
109491,28,Karaj,09-03-2023,Regular
109492,19,Karaj,27-11-2024,New
109493,43,Ahvaz,09-05-2024,Regular
109494,39,Rasht,03-12-2024,VIP
109495,45,Tehran,21-06-2024,Regular
109496,47,Tabriz,12-02-2024,New
109497,36,Kerman,18-01-2023,New
109498,59,Tehran,30-10-2023,Regular
109499,62,Isfahan,22-08-2025,New
109500,23,tehran,06-04-2025,Regular
109501,62,Mashad,22-05-2024,Regular
109502,27,Rasht,04-02-2023,Regular
109503,29,Isfahan,14-12-2025,Regular
109504,43,Rasht,19-03-2025,Regular
109505,19,Tabriz,25-01-2023,New
109506,35,Tabriz,19-08-2023,Regular
109507,27,Karaj,06-07-2023,Regular
109508,41,Tehran,15-09-2025,New
109509,57,Tabriz,11-11-2025,Regular
109510,62,Rasht,28-03-2024,Regular
109511,28,Kerman,14-07-2023,New
109512,44,Kerman,04-12-2024,Regular
109513,40,Tabriz,26-10-2023,New
109514,37,Tabriz,13-05-2023,Regular
109515,48,Shiraz,11-10-2023,New
109516,65,Tabriz,06-10-2023,Regular
109517,37,Tabriz,28-02-2023,Regular
109518,21,Tehran,06-02-2025,New
109519,61,Tehran,21-01-2024,New
109520,62,Tabriz,25-08-2024,VIP
109521,33,Mashhad,25-08-2024,Regular
109522,42,Mashhad,23-04-2025,Regular
109523,59,Tehran,14-04-2025,Regular
109524,42,Qom,08-09-2024,New
109525,41,,06-07-2025,Regular
109526,62,Tabriz,15-09-2024,Regular
109527,57,Rasht,29-01-2023,Regular
109528,42,Ahvaz,28-07-2025,Regular
109529,25,Tehran,22-04-2025,VIP
109530,39,Tehran,10-04-2024,Regular
109531,50,Tehran,28-02-2024,Regular
109532,31,Tehran,07-09-2025,New
109533,43,Shiraz,11-04-2024,Regular
109534,49,Mashhad,12-02-2024,New
109535,22,,12-03-2025,VIP
109536,45,,26-12-2023,New
109537,53,Mashhad,18-03-2024,Regular
109538,28,Kerman,03-05-2025,New
109539,44,Kerman,02-09-2023,New
109540,52,Karaj,13-01-2023,New
109541,20,Qom,04-01-2024,Regular
109542,48,Kerman,08-07-2023,New
109543,30,Tabriz,01-02-2024,Regular
109544,37,Ahvaz,20-03-2023,Regular
109545,49,Tehran,07-10-2024,VIP
109546,18,Shiraz,14-07-2024,Regular
109547,18,Isfahan,26-10-2023,Regular
109548,39,Tehran,18-11-2024,Regular
109549,63,Tehran,08-06-2023,New
109550,18,Tehran,12-01-2023,Regular
109551,55,Mashhad,06-06-2024,Regular
109552,21,Tehran,26-06-2023,New
109553,41,tehran,26-07-2025,New
109554,38,Qom,28-11-2023,Regular
109555,40,Tabriz,14-04-2024,Regular
109556,21,Tabriz,19-11-2023,New
109557,54,Tehran,19-04-2024,Regular
109558,31,Ahvaz,17-04-2023,New
109559,55,Tehran,19-10-2025,Regular
109560,,Mashhad,09-07-2023,VIP
109561,44,Shiraz,09-03-2024,Regular
109562,32,Rasht,16-07-2025,Regular
109563,49,Kerman,12-04-2024,VIP
109564,65,Qom,06-02-2025,New
109565,62,Karaj,16-03-2023,New
109566,61,Shiraz,21-11-2023,VIP
109567,28,Tabriz,12-04-2025,Regular
109568,46,,16-10-2023,VIP
109569,37,Tehran,29-03-2024,Regular
109570,64,Kerman,29-03-2023,Regular
109571,63,Kerman,06-07-2024,Regular
109572,59,Mashhad,18-01-2024,Regular
109573,25,Tehran,31-07-2025,New
109574,33,Tehran,11-03-2024,Regular
109575,52,Isfahan,24-06-2025,Regular
109576,53,Tehran,17-09-2025,VIP
109577,34,Tabriz,07-07-2025,VIP
109578,24,Tehran,24-03-2025,VIP
109579,,Tehran,01-10-2024,New
109580,50,Tehran,08-06-2024,Regular
109581,39,Karaj,30-03-2023,New
109582,41,Mashhad,28-05-2023,Regular
109583,57,Isfahan,21-02-2024,VIP
109584,18,Tabriz,19-12-2024,Regular
109585,54,Qom,06-01-2023,Regular
109586,31,Mashhad,21-10-2025,Regular
109587,62,Karaj,23-12-2025,Regular
109588,63,Mashhad,27-03-2023,New
109589,42,Tabriz,16-04-2023,Regular
109590,33,Isfahan,18-07-2025,New
109591,,Rasht,07-08-2023,Regular
109592,26,Kerman,17-07-2023,Regular
109593,65,Karaj,25-07-2023,Regular
109594,27,Rasht,06-02-2025,Regular
109595,39,Tehran,26-05-2023,New
109596,41,Tabriz,21-07-2023,Regular
109597,50,Tehran,11-03-2024,Regular
109598,58,,19-10-2024,VIP
109599,44,Shiraz,20-12-2025,New
109600,54,Karaj,18-09-2023,Regular
109601,45,Karaj,07-10-2023,Regular
109602,38,Ahvaz,16-08-2024,New
109603,25,Shiraz,02-04-2024,New
109604,28,,19-10-2024,Regular
109605,38,Ahvaz,27-09-2023,New
109606,20,Ahvaz,08-11-2024,Regular
109607,33,Mashad,10-10-2025,New
109608,40,Shiraz,17-01-2025,New
109609,40,Karaj,15-03-2025,Regular
109610,57,Kerman,17-03-2023,New
109611,64,Tehran,15-09-2025,New
109612,53,Mashhad,09-02-2025,New
109613,21,Mashhad,17-11-2024,New
109614,37,Mashhad,19-06-2023,Regular
109615,53,Qom,29-08-2024,Regular
109616,46,Tehran,11-01-2025,Regular
109617,39,Mashhad,13-11-2024,New
109618,38,Karaj,16-05-2023,New
109619,37,Mashhad,14-02-2023,Regular
109620,45,Tehran,08-06-2024,New
109621,26,Tabriz,24-02-2025,New
109622,42,Shiraz,28-02-2024,New
109623,27,Kerman,22-01-2025,Regular
109624,50,Karaj,25-11-2025,Regular
109625,59,Kerman,31-08-2025,New
109626,42,Tehran,21-11-2024,New
109627,36,Karaj,08-03-2025,Regular
109628,63,Shiraz,07-04-2023,New
109629,49,Karaj,04-04-2023,Regular
109630,38,Isfahan,06-02-2025,Regular
109631,19,Tehran,27-05-2025,New
109632,18,Tehran,01-08-2023,Regular
109633,28,Ahvaz,10-10-2024,Regular
109634,29,Qom,10-11-2023,Regular
109635,52,Tehran,29-04-2023,Regular
109636,42,Tabriz,19-02-2024,Regular
109637,65,Karaj,05-05-2024,Regular
109638,43,Shiraz,29-04-2025,Regular
109639,61,Mashhad,04-08-2025,New
109640,44,Ahvaz,30-10-2025,New
109641,35,Tabriz,25-04-2023,New
109642,52,Karaj,09-10-2025,Regular
109643,39,Tabriz,20-07-2024,Regular
109644,31,Karaj,06-07-2023,Regular
109645,40,Tehran,09-12-2024,Regular
109646,49,Rasht,08-03-2023,VIP
109647,36,Mashhad,20-05-2024,Regular
109648,51,Ahvaz,26-06-2025,Regular
109649,65,Rasht,29-11-2025,New
109650,37,Tabriz,12-11-2023,Regular
109651,,Shiraz,11-07-2023,Regular
109652,37,Tehran,30-09-2024,Regular
109653,58,Isfahan,22-06-2023,VIP
109654,26,Tabriz,07-12-2025,New
109655,64,Tehran,25-12-2023,VIP
109656,37,Tehran,24-07-2023,Regular
109657,58,Kerman,18-09-2023,Regular
109658,55,Mashhad,15-02-2024,Regular
109659,55,Mashhad,23-03-2025,Regular
109660,61,Tehran,08-08-2025,Regular
109661,26,Tabriz,17-03-2025,New
109662,46,Isfahan,12-12-2024,Regular
109663,22,Qom,23-10-2023,New
109664,32,Shiraz,23-10-2025,New
109665,19,Tehran,30-12-2025,Regular
109666,50,Isfahan,22-11-2024,Regular
109667,47,Tehran,07-05-2025,Regular
109668,53,Qom,29-11-2023,Regular
109669,26,Tehran,04-05-2024,Regular
109670,33,Tehran,31-05-2025,VIP
109671,50,Isfahan,09-04-2024,Regular
109672,57,Tehran,11-04-2025,Regular
109673,60,Shiraz,30-07-2025,Regular
109674,21,Isfahan,19-10-2025,Regular
109675,37,Kerman,16-11-2023,Regular
109676,,Tehran,05-06-2024,Regular
109677,57,Shiraz,27-02-2024,Regular
109678,23,Karaj,04-07-2024,Regular
109679,57,Tehran,24-03-2025,Regular
109680,25,Tabriz,21-12-2023,Regular
109681,18,Ahvaz,13-09-2023,New
109682,60,Qom,22-10-2023,New
109683,39,Rasht,18-04-2025,Regular
109684,38,Karaj,27-12-2025,New
109685,49,Mashhad,23-04-2023,Regular
109686,31,Rasht,06-12-2025,New
109687,51,Tehran,05-02-2023,New
109688,38,Shiraz,02-08-2024,Regular
109689,31,Karaj,27-05-2023,Regular
109690,36,Ahvaz,11-11-2025,Regular
109691,18,Rasht,14-04-2025,New
109692,32,Tehran,25-01-2024,New
109693,46,Karaj,21-01-2025,New
109694,24,Tehran,19-07-2025,New
109695,23,Karaj,27-08-2023,New
109696,49,Karaj,26-11-2024,Regular
109697,38,Tehran,25-11-2023,New
109698,24,Ahvaz,24-02-2025,Regular
109699,53,Isfahan,13-09-2024,Regular
109700,55,Shiraz,25-02-2025,New
109701,19,Kerman,28-11-2024,Regular
109702,27,Tabriz,27-11-2024,Regular
109703,35,Shiraz,03-04-2023,Regular
109704,,Tehran,22-07-2025,Regular
109705,21,Tehran,07-07-2023,Regular
109706,56,Tehran,05-03-2024,Regular
109707,33,Mashhad,13-07-2024,VIP
109708,24,,18-07-2025,Regular
109709,59,Shiraz,20-11-2024,Regular
109710,22,Karaj,20-07-2023,Regular
109711,24,Tehran,10-11-2023,Regular
109712,63,Tabriz,07-08-2023,VIP
109713,42,Rasht,09-10-2024,Regular
109714,40,Tehran,24-02-2025,Regular
109715,50,Tabriz,15-02-2025,Regular
109716,48,Tehran,01-04-2025,Regular
109717,47,Shiraz,07-02-2025,New
109718,19,Karaj,15-09-2025,Regular
109719,44,Tehran,19-09-2025,New
109720,31,Mashhad,28-10-2023,Regular
109721,56,Ahvaz,30-11-2023,Regular
109722,42,Tehran,03-03-2023,VIP
109723,23,Karaj,20-10-2023,New
109724,60,Tabriz,09-07-2024,Regular
109725,31,Tehran,22-12-2024,Regular
109726,31,Karaj,16-08-2025,Regular
109727,62,Shiraz,12-10-2024,New
109728,55,Tehran,29-11-2025,Regular
109729,59,Rasht,28-08-2024,Regular
109730,49,Isfahan,28-07-2025,New
109731,61,Karaj,03-06-2025,Regular
109732,23,Tehran,20-06-2024,New
109733,46,Tehran,13-08-2025,Regular
109734,32,Karaj,03-08-2025,VIP
109735,37,Tabriz,09-12-2023,New
109736,29,Tehran,23-08-2023,New
109737,27,Karaj,13-05-2023,VIP
109738,39,Isfahan,05-10-2025,New
109739,62,Mashhad,29-04-2024,Regular
109740,48,Qom,12-09-2024,Regular
109741,34,Tabriz,27-10-2023,Regular
109742,38,tehran,02-03-2024,Regular
109743,43,Karaj,16-03-2024,Regular
109744,29,Shiraz,28-09-2024,VIP
109745,43,Rasht,11-07-2023,Regular
109746,51,Qom,08-05-2025,Regular
109747,29,Mashhad,03-03-2024,VIP
109748,46,Isfahan,20-09-2023,New
109749,52,Kerman,17-01-2023,VIP
109750,42,Rasht,22-04-2023,VIP
109751,32,Tehran,22-10-2023,VIP
109752,44,Tehran,13-03-2025,New
109753,56,Mashhad,25-07-2025,Regular
109754,28,Ahvaz,08-11-2025,Regular
109755,45,Rasht,23-11-2023,New
109756,50,Qom,28-11-2024,Regular
109757,33,Tehran,21-10-2023,New
109758,36,Ahvaz,06-06-2023,New
109759,60,Tehran,17-08-2024,Regular
109760,35,Isfahan,05-12-2024,VIP
109761,46,Mashhad,13-04-2025,New
109762,25,Shiraz,08-05-2023,New
109763,62,Shiraz,28-03-2025,Regular
109764,46,Tehran,29-11-2023,New
109765,54,Tehran,01-11-2023,Regular
109766,46,Qom,04-02-2023,Regular
109767,35,Tehran,12-08-2023,Regular
109768,34,Isfahan,17-06-2024,Regular
109769,51,Tehran,27-07-2023,New
109770,59,Mashhad,18-12-2023,New
109771,24,Tehran,03-08-2024,Regular
109772,58,Karaj,17-04-2023,New
109773,57,Isfahan,16-08-2025,New
109774,23,Mashhad,05-12-2023,Regular
109775,23,Ahvaz,11-04-2025,New
109776,51,Tehran,10-12-2024,Regular
109777,58,Karaj,02-04-2025,Regular
109778,36,Tehran,13-11-2023,New
109779,48,Rasht,08-07-2023,Regular
109780,65,Tehran,06-06-2023,New
109781,33,Shiraz,09-09-2023,Regular
109782,28,Tabriz,19-08-2024,Regular
109783,65,Shiraz,14-11-2024,Regular
109784,31,Qom,04-04-2025,New
109785,40,Tehran,21-11-2025,Regular
109786,39,Isfahan,28-06-2025,Regular
109787,43,Ahvaz,26-01-2024,Regular
109788,30,Ahvaz,31-05-2024,Regular
109789,50,Isfahan,11-11-2025,New
109790,51,Shiraz,17-02-2025,Regular
109791,27,Karaj,01-04-2024,Regular
109792,41,Karaj,01-07-2025,New
109793,20,Ahvaz,30-05-2023,Regular
109794,28,Ahvaz,06-01-2025,Regular
109795,65,Isfahan,04-11-2025,Regular
109796,42,Tabriz,31-07-2024,VIP
109797,47,Isfahan,02-11-2024,Regular
109798,60,Tehran,07-03-2023,Regular
109799,52,Qom,24-10-2024,Regular
109800,56,Tabriz,14-11-2023,Regular
109801,52,Tehran,24-12-2025,Regular
109802,41,Tabriz,17-12-2023,New
109803,48,Mashhad,10-12-2023,Regular
109804,31,Tehran,08-03-2024,Regular
109805,60,Tabriz,02-02-2025,Regular
109806,26,Karaj,07-11-2025,New
109807,60,Shiraz,15-01-2024,New
109808,60,Tehran,17-08-2023,Regular
109809,24,Shiraz,17-04-2025,New
109810,52,Tehran,16-08-2024,Regular
109811,65,Rasht,12-05-2024,Regular
109812,45,Tehran,21-12-2025,New
109813,34,Ahvaz,26-06-2024,VIP
109814,60,Tehran,08-11-2024,Regular
109815,42,Tehran,10-12-2025,New
109816,23,Isfahan,17-08-2023,Regular
109817,29,Karaj,15-09-2025,Regular
109818,50,Rasht,17-11-2025,Regular
109819,39,Shiraz,30-05-2024,New
109820,28,Mashhad,04-01-2024,Regular
109821,56,Tehran,27-06-2023,New
109822,23,Shiraz,22-02-2023,Regular
109823,28,Mashhad,13-12-2025,Regular
109824,40,Rasht,17-04-2024,Regular
109825,19,Isfahan,01-01-2025,Regular
109826,36,Karaj,21-09-2023,New
109827,61,Ahvaz,21-12-2023,New
109828,63,Tehran,15-06-2025,Regular
109829,59,Isfahan,19-12-2024,Regular
109830,33,Rasht,29-08-2023,Regular
109831,21,Isfahan,06-01-2023,New
109832,57,Shiraz,16-06-2025,VIP
109833,35,Ahvaz,29-03-2023,New
109834,53,Tehran,09-02-2023,New
109835,23,Rasht,25-11-2023,Regular
109836,50,Mashhad,14-10-2025,Regular
109837,46,Shiraz,06-12-2024,Regular
109838,62,Mashhad,16-02-2023,Regular
109839,22,Shiraz,01-10-2025,Regular
109840,37,Tehran,24-10-2025,New
109841,65,Tehran,01-02-2025,New
109842,36,Isfahan,22-03-2023,Regular
109843,49,Mashhad,16-01-2023,Regular
109844,25,Tabriz,13-08-2025,VIP
109845,52,Tehran,19-06-2025,Regular
109846,31,,29-06-2025,Regular
109847,45,Tehran,16-06-2024,Regular
109848,,Isfahan,12-10-2024,New
109849,49,Tehran,09-07-2023,New
109850,40,Tehran,09-02-2023,New
109851,27,Shiraz,31-08-2023,New
109852,34,Karaj,11-11-2024,New
109853,58,Karaj,16-03-2024,New
109854,28,Tehran,07-11-2024,Regular
109855,49,Ahvaz,27-04-2024,New
109856,41,Tabriz,02-09-2024,Regular
109857,33,,07-11-2025,Regular
109858,52,Tehran,22-11-2024,Regular
109859,35,Tehran,10-11-2025,Regular
109860,31,Isfahan,26-11-2025,New
109861,43,Tehran,07-11-2024,New
109862,,Karaj,26-12-2025,Regular
109863,59,Mashhad,30-09-2023,Regular
109864,48,Tehran,23-07-2024,Regular
109865,49,Tehran,23-03-2023,Regular
109866,55,Tehran,11-04-2023,Regular
109867,,Isfahan,26-05-2023,Regular
109868,30,Tehran,27-05-2023,New
109869,41,Shiraz,25-03-2024,Regular
109870,48,Mashhad,27-02-2025,VIP
109871,49,Shiraz,15-12-2025,Regular
109872,25,Rasht,11-12-2025,Regular
109873,55,Ahvaz,15-07-2023,Regular
109874,35,,22-04-2024,New
109875,60,Isfahan,17-04-2024,VIP
109876,52,Karaj,18-04-2023,Regular
109877,65,Rasht,13-02-2023,Regular
109878,48,Isfahan,22-01-2024,Regular
109879,43,Tehran,26-07-2025,Regular
109880,27,Karaj,26-02-2024,New
109881,37,Tehran,24-02-2024,Regular
109882,59,Karaj,27-12-2025,New
109883,,Tehran,18-02-2024,New
109884,20,Tehran,21-01-2025,New
109885,29,Qom,10-12-2025,New
109886,46,Karaj,10-05-2023,VIP
109887,48,Shiraz,13-07-2024,New
109888,65,Qom,05-01-2024,Regular
109889,62,Ahvaz,11-05-2023,Regular
109890,43,Isfahan,23-02-2023,Regular
109891,44,Kerman,10-12-2024,Regular
109892,56,Mashhad,16-12-2024,VIP
109893,20,Tehran,07-09-2024,Regular
109894,46,Ahvaz,06-01-2025,Regular
109895,40,Isfahan,26-02-2025,Regular
109896,55,Ahvaz,04-03-2023,New
109897,56,Tehran,07-02-2023,Regular
109898,49,Tehran,03-01-2024,Regular
109899,49,Tehran,14-09-2024,Regular
109900,51,Tabriz,15-09-2025,Regular
109901,45,Ahvaz,08-12-2025,Regular
109902,28,Mashhad,24-06-2025,Regular
109903,31,Tehran,15-11-2023,New
109904,53,Mashhad,20-09-2024,New
109905,47,Mashhad,08-05-2023,Regular
109906,29,Tabriz,14-06-2024,New
109907,60,Tabriz,19-04-2023,VIP
109908,65,Tehran,23-12-2025,New
109909,48,Isfahan,08-05-2024,New
109910,28,Tabriz,01-03-2025,Regular
109911,63,Tehran,24-04-2023,New
109912,29,Mashhad,09-11-2025,Regular
109913,38,Tabriz,27-07-2024,New
109914,59,Mashhad,20-03-2023,New
109915,42,Tehran,08-02-2024,Regular
109916,29,Tehran,21-08-2023,Regular
109917,21,Karaj,17-03-2023,Regular
109918,35,Tehran,04-02-2023,New
109919,50,Qom,19-02-2025,Regular
109920,52,Isfahan,08-08-2025,Regular
109921,28,Isfahan,23-12-2024,New
109922,25,Karaj,30-01-2025,Regular
109923,51,Mashhad,10-02-2023,Regular
109924,25,Tehran,14-07-2023,VIP
109925,21,Tehran,07-02-2023,Regular
109926,41,Tabriz,02-12-2025,Regular
109927,45,Isfahan,18-03-2025,New
109928,29,Qom,12-11-2025,Regular
109929,,Isfahan,17-09-2025,Regular
109930,29,Isfahan,03-09-2023,Regular
109931,34,Mashhad,14-07-2024,Regular
109932,18,Tehran,09-12-2024,New
109933,18,Ahvaz,22-03-2025,Regular
109934,35,Tehran,01-01-2025,Regular
109935,18,Rasht,11-05-2024,New
109936,33,Tehran,05-01-2023,Regular
109937,45,Shiraz,25-10-2025,Regular
109938,19,Tehran,24-01-2025,Regular
109939,47,Karaj,04-07-2025,Regular
109940,47,Tehran,31-08-2023,New
109941,45,Shiraz,27-04-2023,New
109942,48,Rasht,13-09-2025,New
109943,56,Tabriz,01-06-2025,VIP
109944,21,Tehran,07-07-2025,New
109945,26,Qom,27-04-2024,Regular
109946,33,Isfahan,18-09-2025,Regular
109947,51,Tehran,03-09-2023,Regular
109948,59,Isfahan,09-04-2025,New
109949,,Qom,25-06-2024,New
109950,45,,30-06-2023,VIP
109951,37,Karaj,24-02-2025,Regular
109952,37,Karaj,30-01-2024,New
109953,20,Isfahan,23-06-2023,New
109954,40,Mashhad,15-02-2025,Regular
109955,42,Karaj,25-04-2025,VIP
109956,27,Mashhad,21-12-2023,Regular
109957,54,Tehran,24-11-2025,Regular
109958,56,,16-02-2025,Regular
109959,32,Ahvaz,25-01-2023,New
109960,61,Mashhad,04-01-2024,Regular
109961,23,Tehran,02-12-2025,New
109962,61,Tehran,14-07-2023,New
109963,54,Tehran,10-11-2025,New
109964,28,Kerman,21-07-2024,New
109965,49,Shiraz,09-01-2025,Regular
109966,32,Karaj,21-01-2025,Regular
109967,56,Karaj,14-07-2024,Regular
109968,25,Mashhad,20-07-2024,Regular
109969,29,Qom,13-09-2024,New
109970,32,Kerman,03-12-2024,Regular
109971,27,Karaj,18-03-2025,Regular
109972,33,Karaj,24-04-2024,Regular
109973,46,Isfahan,22-04-2024,New
109974,48,Ahvaz,02-05-2025,Regular
109975,44,Tehran,09-04-2025,New
109976,27,Karaj,12-12-2024,New
109977,27,Mashhad,19-05-2024,New
109978,62,Shiraz,21-09-2024,Regular
109979,30,Rasht,17-09-2024,New
109980,22,Tabriz,21-04-2024,New
109981,39,Tehran,15-07-2023,Regular
109982,18,Karaj,09-08-2024,New
109983,34,Rasht,29-04-2024,New
109984,59,Tabriz,25-02-2023,Regular
109985,30,Ahvaz,12-11-2025,Regular
109986,51,Qom,31-12-2024,New
109987,41,Ahvaz,05-05-2023,New
109988,35,Mashhad,12-08-2023,Regular
109989,49,Isfahan,17-09-2024,VIP
109990,46,Ahvaz,30-07-2025,Regular
109991,33,Rasht,15-06-2024,New
109992,28,Tehran,08-06-2025,VIP
109993,62,,21-05-2023,Regular
109994,26,Mashhad,01-08-2024,Regular
109995,64,Karaj,24-06-2025,VIP
109996,40,Ahvaz,16-07-2025,Regular
109997,65,Shiraz,20-09-2023,Regular
109998,34,Tehran,04-01-2025,Regular
109999,45,Mashhad,13-02-2023,VIP
110000,47,Ahvaz,04-06-2023,New
